DROP TABLE IF EXISTS `youdian_ad`;
CREATE TABLE `youdian_ad` (
  `AdID` int(11) NOT NULL AUTO_INCREMENT,
  `AdTypeID` tinyint(1) DEFAULT NULL,
  `AdName` varchar(50) DEFAULT NULL,
  `AdContent` text,
  `AdUrl` varchar(255) DEFAULT NULL,
  `AdDescription` varchar(255) DEFAULT NULL,
  `AdTime` datetime DEFAULT NULL,
  `IsEnable` tinyint(1) NOT NULL DEFAULT '1',
  `LanguageID` tinyint(1) unsigned NOT NULL DEFAULT '1',
  PRIMARY KEY (`AdID`)
) ENGINE=MyISAM DEFAULT CHARSET=utf8;

DROP TABLE IF EXISTS `youdian_ad_type`;
CREATE TABLE `youdian_ad_type` (
  `AdTypeID` tinyint(4) NOT NULL,
  `AdTypeName` char(20) DEFAULT NULL,
  PRIMARY KEY (`AdTypeID`)
) ENGINE=MyISAM DEFAULT CHARSET=utf8;

DROP TABLE IF EXISTS `youdian_admin`;
CREATE TABLE `youdian_admin` (
  `AdminID` int(11) NOT NULL AUTO_INCREMENT,
  `AdminName` varchar(50) DEFAULT NULL,
  `MemberID` int(11) DEFAULT NULL,
  `AdminGroupID` int(11) DEFAULT NULL,
  `AdminPassword` varchar(64) DEFAULT NULL,
  `LastLoginTime` datetime DEFAULT NULL,
  `LastLoginIP` varchar(15) DEFAULT NULL,
  `IsLock` tinyint(1) NOT NULL DEFAULT '0',
  `IsSystem` tinyint(1) NOT NULL DEFAULT '0',
  PRIMARY KEY (`AdminID`)
) ENGINE=MyISAM AUTO_INCREMENT=2 DEFAULT CHARSET=utf8;

DROP TABLE IF EXISTS `youdian_admin_group`;
CREATE TABLE `youdian_admin_group` (
  `AdminGroupID` int(11) NOT NULL AUTO_INCREMENT,
  `AdminGroupName` char(20) DEFAULT NULL,
  `AdminGroupRemark` char(50) DEFAULT NULL,
  `MenuPurview` char(255) DEFAULT NULL,
  `MenuTopPurview` char(255) DEFAULT NULL,
  `MenuGroupPurview` char(255) DEFAULT NULL,
  `ChannelPurviewcn` char(255) DEFAULT NULL,
  `ChannelPurviewen` char(255) DEFAULT NULL,
  `IsSystem` tinyint(1) NOT NULL DEFAULT '0',
  PRIMARY KEY (`AdminGroupID`)
) ENGINE=MyISAM AUTO_INCREMENT=3 DEFAULT CHARSET=utf8;

DROP TABLE IF EXISTS `youdian_attribute`;
CREATE TABLE `youdian_attribute` (
  `AttributeID` int(11) NOT NULL AUTO_INCREMENT,
  `ChannelModelID` int(11) DEFAULT NULL,
  `FieldName` varchar(50) DEFAULT NULL,
  `FieldType` varchar(20) DEFAULT NULL,
  `DisplayName` varchar(255) DEFAULT NULL,
  `DisplayType` varchar(20) DEFAULT NULL,
  `DisplayOrder` int(11) DEFAULT '0',
  `DisplayWidth` varchar(10) DEFAULT NULL,
  `DisplayHeight` varchar(10) DEFAULT NULL,
  `DisplayClass` varchar(20) DEFAULT NULL,
  `DisplayValue` varchar(255) DEFAULT NULL,
  `DisplayHelpText` varchar(150) DEFAULT NULL,
  `IsValidate` tinyint(1) DEFAULT NULL,
  `ValidateRule` varchar(255) DEFAULT NULL,
  `GroupID` int(4) DEFAULT NULL,
  `IsRequire` tinyint(1) unsigned NOT NULL DEFAULT '0',
  `IsEnable` tinyint(1) NOT NULL DEFAULT '1',
  `IsSystem` tinyint(1) NOT NULL DEFAULT '0',
  PRIMARY KEY (`AttributeID`)
) ENGINE=MyISAM AUTO_INCREMENT=560 DEFAULT CHARSET=utf8;

DROP TABLE IF EXISTS `youdian_banner`;
CREATE TABLE `youdian_banner` (
  `BannerID` int(11) NOT NULL AUTO_INCREMENT,
  `BannerName` varchar(50) DEFAULT NULL,
  `BannerGroupID` int(11) NOT NULL DEFAULT '1',
  `BannerImage` varchar(512) DEFAULT NULL,
  `BannerThumbnail` varchar(512) DEFAULT NULL,
  `BannerUrl` varchar(512) DEFAULT NULL,
  `BannerOrder` tinyint(4) NOT NULL DEFAULT '0',
  `BannerDescription` text,
  `IsEnable` tinyint(1) unsigned NOT NULL DEFAULT '1',
  `LanguageID` tinyint(1) NOT NULL DEFAULT '1',
  PRIMARY KEY (`BannerID`)
) ENGINE=MyISAM AUTO_INCREMENT=11 DEFAULT CHARSET=utf8;

DROP TABLE IF EXISTS `youdian_banner_group`;
CREATE TABLE `youdian_banner_group` (
  `BannerGroupID` int(11) NOT NULL AUTO_INCREMENT,
  `BannerGroupName` char(50) DEFAULT NULL,
  `BannerGroupOrder` int(11) NOT NULL DEFAULT '0',
  `IsSystem` tinyint(1) NOT NULL DEFAULT '0',
  `LanguageID` tinyint(1) NOT NULL DEFAULT '1',
  PRIMARY KEY (`BannerGroupID`)
) ENGINE=MyISAM AUTO_INCREMENT=5 DEFAULT CHARSET=utf8;

DROP TABLE IF EXISTS `youdian_channel`;
CREATE TABLE `youdian_channel` (
  `ChannelID` int(11) NOT NULL AUTO_INCREMENT,
  `Parent` int(11) DEFAULT NULL,
  `HasChild` tinyint(1) DEFAULT NULL,
  `ChannelName` varchar(50) DEFAULT NULL,
  `ChannelSName` varchar(20) DEFAULT NULL,
  `ChannelContent` text,
  `ChannelSContent` text,
  `ChannelModelID` int(11) DEFAULT NULL,
  `ChannelTarget` varchar(10) DEFAULT NULL,
  `LinkUrl` varchar(512) DEFAULT NULL,
  `HasPicture` tinyint(1) DEFAULT '0',
  `ChannelPicture` varchar(255) DEFAULT NULL,
  `Title` varchar(255) DEFAULT NULL,
  `Keywords` varchar(255) DEFAULT NULL,
  `Description` varchar(512) DEFAULT NULL,
  `Html` varchar(50) DEFAULT NULL,
  `ReadLevel` varchar(255) DEFAULT NULL,
  `PageSize` int(11) DEFAULT '20',
  `ChannelOrder` int(11) NOT NULL DEFAULT '0',
  `IndexTemplate` varchar(50) DEFAULT NULL,
  `ReadTemplate` varchar(50) DEFAULT NULL,
  `IsEnable` tinyint(1) NOT NULL DEFAULT '1',
  `IsLock` tinyint(1) NOT NULL DEFAULT '0',
  `IsShow` tinyint(1) NOT NULL DEFAULT '1',
  `IsSystem` tinyint(1) NOT NULL DEFAULT '0',
  `IsHtml` tinyint(1) NOT NULL DEFAULT '1',
  `LanguageID` tinyint(1) NOT NULL DEFAULT '1',
  `f1` text,
  `f2` text,
  `f3` text,
  `ChannelIcon` varchar(255) DEFAULT NULL,
  `ChannelStyle` tinyint(1) DEFAULT '0',
  PRIMARY KEY (`ChannelID`)
) ENGINE=MyISAM AUTO_INCREMENT=57 DEFAULT CHARSET=utf8;

DROP TABLE IF EXISTS `youdian_channel_model`;
CREATE TABLE `youdian_channel_model` (
  `ChannelModelID` int(11) NOT NULL AUTO_INCREMENT,
  `ChannelModelName` char(50) DEFAULT NULL,
  `ChannelModelOrder` int(11) NOT NULL DEFAULT '0',
  `ChannelModelTable` char(50) DEFAULT NULL,
  `ChannelModelDescription` char(255) DEFAULT NULL,
  `IsSystem` tinyint(1) NOT NULL DEFAULT '0',
  `IsEnable` tinyint(1) NOT NULL DEFAULT '1',
  PRIMARY KEY (`ChannelModelID`)
) ENGINE=MyISAM AUTO_INCREMENT=40 DEFAULT CHARSET=utf8;

DROP TABLE IF EXISTS `youdian_comment`;
CREATE TABLE `youdian_comment` (
  `CommentID` int(11) NOT NULL AUTO_INCREMENT,
  `InfoID` int(11) NOT NULL,
  `GuestID` int(11) DEFAULT NULL,
  `GuestName` char(20) DEFAULT NULL,
  `GuestIP` char(20) DEFAULT NULL,
  `CommentContent` text,
  `CommentTime` datetime DEFAULT NULL,
  `IsCheck` tinyint(1) NOT NULL DEFAULT '0',
  `LanguageID` tinyint(1) unsigned NOT NULL DEFAULT '1',
  PRIMARY KEY (`CommentID`)
) ENGINE=MyISAM DEFAULT CHARSET=utf8;

DROP TABLE IF EXISTS `youdian_config`;
CREATE TABLE `youdian_config` (
  `ConfigID` int(11) NOT NULL AUTO_INCREMENT,
  `ConfigName` varchar(50) DEFAULT NULL,
  `ConfigValue` text,
  `ConfigDescription` varchar(255) DEFAULT NULL,
  `ConfigFile` varchar(20) DEFAULT NULL,
  `IsEnable` tinyint(1) NOT NULL DEFAULT '1',
  `LanguageID` tinyint(1) NOT NULL DEFAULT '1',
  PRIMARY KEY (`ConfigID`)
) ENGINE=MyISAM AUTO_INCREMENT=170 DEFAULT CHARSET=utf8;

DROP TABLE IF EXISTS `youdian_customer`;
CREATE TABLE `youdian_customer` (
  `CustomerID` int(11) NOT NULL AUTO_INCREMENT,
  `Host` varchar(50) NOT NULL,
  `OS` varchar(20) DEFAULT NULL,
  `Version` varchar(10) DEFAULT NULL,
  `Edition` varchar(20) DEFAULT NULL,
  `Name` varchar(50) DEFAULT NULL,
  `Contact` varchar(20) DEFAULT NULL,
  `Telephone` varchar(20) DEFAULT NULL,
  `Mobile` varchar(20) DEFAULT NULL,
  `QQ` varchar(20) DEFAULT NULL,
  `TaoBao` varchar(20) DEFAULT NULL,
  `Email` varchar(20) DEFAULT NULL,
  `Date` date DEFAULT NULL,
  `Remark` varchar(255) DEFAULT NULL,
  `IsAuthorize` tinyint(1) DEFAULT '0',
  PRIMARY KEY (`CustomerID`)
) ENGINE=MyISAM DEFAULT CHARSET=utf8;

DROP TABLE IF EXISTS `youdian_guestbook`;
CREATE TABLE `youdian_guestbook` (
  `MessageID` int(11) NOT NULL AUTO_INCREMENT,
  `GuestID` int(11) DEFAULT '0',
  `GuestName` varchar(50) DEFAULT NULL,
  `GuestIP` varchar(20) DEFAULT NULL,
  `Contact` text,
  `MessageTitle` text,
  `MessageContent` text,
  `MessageTime` datetime DEFAULT NULL,
  `AnswerContent` text,
  `AnswerTime` datetime DEFAULT NULL,
  `IsCheck` tinyint(1) NOT NULL DEFAULT '0',
  `LanguageID` tinyint(1) NOT NULL DEFAULT '1',
  `f1` text,
  `f2` text,
  `f3` text,
  `f4` text,
  `f5` text,
  `Email` text,
  `Address` text,
  `Gender` text,
  `QQ` text,
  PRIMARY KEY (`MessageID`)
) ENGINE=MyISAM DEFAULT CHARSET=utf8;

DROP TABLE IF EXISTS `youdian_info`;
CREATE TABLE `youdian_info` (
  `InfoID` int(11) NOT NULL AUTO_INCREMENT,
  `ChannelID` int(11) DEFAULT NULL,
  `SpecialID` varchar(512) DEFAULT NULL,
  `MemberID` int(11) DEFAULT NULL,
  `InfoTitle` varchar(100) DEFAULT NULL,
  `InfoSContent` text,
  `InfoContent` text,
  `HasPicture` tinyint(1) NOT NULL DEFAULT '0',
  `InfoPicture` varchar(255) DEFAULT NULL,
  `ReadLevel` varchar(255) DEFAULT NULL,
  `InfoAttachment` varchar(255) DEFAULT NULL,
  `HasAttachment` tinyint(1) NOT NULL DEFAULT '0',
  `IsLinkUrl` tinyint(1) NOT NULL DEFAULT '0',
  `LinkUrl` varchar(255) DEFAULT NULL,
  `Title` varchar(255) DEFAULT NULL,
  `Keywords` varchar(255) DEFAULT NULL,
  `Description` varchar(512) DEFAULT NULL,
  `InfoOrder` int(11) NOT NULL DEFAULT '0',
  `InfoTime` datetime DEFAULT NULL,
  `InfoAuthor` varchar(50) DEFAULT NULL,
  `InfoHit` int(11) DEFAULT '0',
  `InfoFrom` varchar(50) DEFAULT NULL,
  `LabelID` varchar(512) DEFAULT NULL,
  `f1` text,
  `f2` text,
  `f3` text,
  `f4` text,
  `f5` text,
  `IsEnable` tinyint(1) NOT NULL DEFAULT '1',
  `IsCheck` tinyint(1) NOT NULL DEFAULT '0',
  `LanguageID` tinyint(1) NOT NULL DEFAULT '1',
  `IsHtml` tinyint(1) NOT NULL DEFAULT '1',
  `Html` varchar(50) DEFAULT NULL,
  PRIMARY KEY (`InfoID`)
) ENGINE=MyISAM AUTO_INCREMENT=152 DEFAULT CHARSET=utf8;

DROP TABLE IF EXISTS `youdian_job`;
CREATE TABLE `youdian_job` (
  `JobID` int(11) NOT NULL AUTO_INCREMENT,
  `JobName` char(50) DEFAULT NULL,
  `Education` char(50) DEFAULT NULL,
  `Gender` char(10) DEFAULT NULL,
  `Age` char(50) DEFAULT NULL,
  `Salary` char(50) DEFAULT NULL,
  `Language` char(20) DEFAULT NULL,
  `Number` char(20) DEFAULT NULL,
  `Workplace` char(50) DEFAULT NULL,
  `Expiration` char(20) DEFAULT NULL,
  `Requirement` text,
  `JobOrder` int(11) DEFAULT '0',
  `Time` datetime DEFAULT NULL,
  `IsEnable` tinyint(1) NOT NULL DEFAULT '1',
  `LanguageID` tinyint(1) NOT NULL DEFAULT '1',
  PRIMARY KEY (`JobID`)
) ENGINE=MyISAM AUTO_INCREMENT=7 DEFAULT CHARSET=utf8;

DROP TABLE IF EXISTS `youdian_label`;
CREATE TABLE `youdian_label` (
  `LabelID` int(11) NOT NULL AUTO_INCREMENT,
  `LabelName` char(20) DEFAULT NULL,
  `ChannelModelID` int(11) DEFAULT NULL,
  `LabelOrder` int(11) DEFAULT '0',
  `IsSystem` tinyint(1) NOT NULL DEFAULT '0',
  `IsEnable` tinyint(1) NOT NULL DEFAULT '1',
  PRIMARY KEY (`LabelID`)
) ENGINE=MyISAM AUTO_INCREMENT=25 DEFAULT CHARSET=utf8;

DROP TABLE IF EXISTS `youdian_language`;
CREATE TABLE `youdian_language` (
  `LanguageID` tinyint(1) NOT NULL AUTO_INCREMENT,
  `LanguageName` char(20) DEFAULT NULL,
  `LanguageMark` char(10) DEFAULT NULL,
  `LanguageIcon` char(50) DEFAULT NULL,
  `LanguageOrder` tinyint(1) DEFAULT '0',
  `IsEnable` tinyint(1) NOT NULL DEFAULT '1',
  PRIMARY KEY (`LanguageID`)
) ENGINE=MyISAM AUTO_INCREMENT=3 DEFAULT CHARSET=utf8 ROW_FORMAT=COMPACT;

DROP TABLE IF EXISTS `youdian_link`;
CREATE TABLE `youdian_link` (
  `LinkID` int(11) NOT NULL AUTO_INCREMENT,
  `LinkClassID` int(11) DEFAULT NULL,
  `LinkName` char(50) DEFAULT NULL,
  `LinkType` tinyint(1) DEFAULT '0',
  `LinkUrl` char(255) DEFAULT NULL,
  `LinkLogo` char(255) DEFAULT NULL,
  `LinkOrder` int(11) NOT NULL DEFAULT '0',
  `LinkDescription` char(215) DEFAULT NULL,
  `IsEnable` tinyint(1) NOT NULL DEFAULT '1',
  `LanguageID` tinyint(1) NOT NULL DEFAULT '1',
  PRIMARY KEY (`LinkID`)
) ENGINE=MyISAM AUTO_INCREMENT=19 DEFAULT CHARSET=utf8;

DROP TABLE IF EXISTS `youdian_link_class`;
CREATE TABLE `youdian_link_class` (
  `LinkClassID` int(11) NOT NULL AUTO_INCREMENT,
  `LinkClassName` char(20) DEFAULT NULL,
  `LinkClassOrder` int(11) NOT NULL DEFAULT '0',
  `LanguageID` tinyint(1) NOT NULL DEFAULT '1',
  PRIMARY KEY (`LinkClassID`)
) ENGINE=MyISAM AUTO_INCREMENT=3 DEFAULT CHARSET=utf8;

DROP TABLE IF EXISTS `youdian_mail`;
CREATE TABLE `youdian_mail` (
  `MailID` int(11) NOT NULL AUTO_INCREMENT,
  `MailClassID` int(11) DEFAULT NULL,
  `MailAccount` varchar(50) DEFAULT NULL,
  `Name` varchar(50) DEFAULT NULL,
  `Telephone` varchar(20) DEFAULT NULL,
  `Address` varchar(1024) DEFAULT NULL,
  `AddTime` datetime DEFAULT NULL,
  `Remark` varchar(1024) DEFAULT NULL,
  `IsEnable` tinyint(1) DEFAULT '1',
  `LanguageID` tinyint(1) NOT NULL DEFAULT '1',
  PRIMARY KEY (`MailID`)
) ENGINE=MyISAM DEFAULT CHARSET=utf8 ROW_FORMAT=COMPACT;

DROP TABLE IF EXISTS `youdian_mail_class`;
CREATE TABLE `youdian_mail_class` (
  `MailClassID` int(11) NOT NULL AUTO_INCREMENT,
  `MailClassName` varchar(50) DEFAULT NULL,
  `MailClassOrder` int(11) NOT NULL DEFAULT '0',
  `MailClassDescription` varchar(1024) DEFAULT NULL,
  `IsEnable` tinyint(1) DEFAULT '1',
  `LanguageID` tinyint(1) NOT NULL DEFAULT '1',
  PRIMARY KEY (`MailClassID`)
) ENGINE=MyISAM AUTO_INCREMENT=3 DEFAULT CHARSET=utf8 ROW_FORMAT=COMPACT;

DROP TABLE IF EXISTS `youdian_mail_send`;
CREATE TABLE `youdian_mail_send` (
  `MailSendID` int(11) NOT NULL AUTO_INCREMENT,
  `MailTitle` varchar(255) DEFAULT NULL,
  `MailContent` text,
  `AddTime` datetime DEFAULT NULL,
  `SendTime` datetime DEFAULT NULL,
  `SendLog` text,
  `LanguageID` tinyint(1) NOT NULL DEFAULT '1',
  PRIMARY KEY (`MailSendID`)
) ENGINE=MyISAM DEFAULT CHARSET=utf8 ROW_FORMAT=COMPACT;

DROP TABLE IF EXISTS `youdian_member`;
CREATE TABLE `youdian_member` (
  `MemberID` int(11) NOT NULL AUTO_INCREMENT,
  `MemberGroupID` int(11) DEFAULT '1',
  `MemberName` varchar(50) DEFAULT NULL,
  `MemberGender` tinyint(1) DEFAULT '1',
  `MemberRealName` varchar(50) DEFAULT NULL,
  `MemberPassword` varchar(64) DEFAULT NULL,
  `MemberBirthday` date DEFAULT NULL,
  `MemberAddress` varchar(100) DEFAULT NULL,
  `MemberPostCode` varchar(6) DEFAULT NULL,
  `MemberEmail` varchar(20) DEFAULT NULL,
  `MemberTelephone` varchar(20) DEFAULT NULL,
  `MemberMobile` varchar(20) DEFAULT NULL,
  `MemberQQ` varchar(20) DEFAULT NULL,
  `MemberQuestion` varchar(50) DEFAULT NULL,
  `MemberAnswer` varchar(50) DEFAULT NULL,
  `LastLoginTime` datetime DEFAULT NULL,
  `LastLoginIP` varchar(15) DEFAULT NULL,
  `RegisterTime` datetime DEFAULT NULL,
  `IsCheck` tinyint(1) NOT NULL DEFAULT '0',
  `IsLock` tinyint(1) NOT NULL DEFAULT '0',
  `IsSystem` tinyint(1) NOT NULL DEFAULT '0',
  `f1` text,
  `f2` text,
  `f3` text,
  `f4` text,
  `f5` text,
  `WxID` varchar(50) DEFAULT NULL,
  `WxName` varchar(50) DEFAULT NULL,
  `FromUser` varchar(50) DEFAULT NULL,
  `Position` varchar(100) DEFAULT NULL,
  `CardNumber` varchar(20) DEFAULT NULL,
  `CardTime` datetime DEFAULT NULL,
  PRIMARY KEY (`MemberID`)
) ENGINE=MyISAM AUTO_INCREMENT=4 DEFAULT CHARSET=utf8;

DROP TABLE IF EXISTS `youdian_member_group`;
CREATE TABLE `youdian_member_group` (
  `MemberGroupID` int(11) NOT NULL AUTO_INCREMENT,
  `MemberGroupName` char(20) DEFAULT NULL,
  `MemberGroupRemark` char(50) DEFAULT NULL,
  `MenuTopPurview` char(255) DEFAULT NULL,
  `MenuGroupPurview` char(255) DEFAULT NULL,
  `MenuPurview` char(255) DEFAULT NULL,
  `ChannelPurviewen` char(255) DEFAULT NULL,
  `ChannelPurviewcn` char(255) DEFAULT NULL,
  `IsSystem` tinyint(1) NOT NULL DEFAULT '0',
  PRIMARY KEY (`MemberGroupID`)
) ENGINE=MyISAM AUTO_INCREMENT=3 DEFAULT CHARSET=utf8;

DROP TABLE IF EXISTS `youdian_menu`;
CREATE TABLE `youdian_menu` (
  `MenuID` int(11) NOT NULL AUTO_INCREMENT,
  `MenuGroupID` int(6) DEFAULT NULL,
  `MenuName` char(20) DEFAULT NULL,
  `MenuContent` char(255) DEFAULT NULL,
  `MenuType` tinyint(1) DEFAULT '0',
  `MenuOrder` int(11) NOT NULL DEFAULT '0',
  `SubMenu` char(255) DEFAULT NULL,
  `IsEnable` tinyint(1) NOT NULL DEFAULT '1',
  PRIMARY KEY (`MenuID`)
) ENGINE=MyISAM AUTO_INCREMENT=121 DEFAULT CHARSET=utf8;

DROP TABLE IF EXISTS `youdian_menu_group`;
CREATE TABLE `youdian_menu_group` (
  `MenuGroupID` int(11) NOT NULL AUTO_INCREMENT,
  `MenuTopID` int(11) DEFAULT NULL,
  `MenuGroupName` char(20) DEFAULT NULL,
  `MenuGroupOrder` int(11) NOT NULL DEFAULT '0',
  `IsEnable` tinyint(1) NOT NULL DEFAULT '1',
  PRIMARY KEY (`MenuGroupID`)
) ENGINE=MyISAM AUTO_INCREMENT=26 DEFAULT CHARSET=utf8;

DROP TABLE IF EXISTS `youdian_menu_top`;
CREATE TABLE `youdian_menu_top` (
  `MenuTopID` int(11) NOT NULL AUTO_INCREMENT,
  `MenuTopName` char(20) DEFAULT NULL,
  `MenuTopUrl` char(255) DEFAULT NULL,
  `MenuTopTarget` char(20) DEFAULT NULL,
  `MenuTopOrder` int(11) NOT NULL DEFAULT '0',
  `MenuOwner` tinyint(1) unsigned zerofill NOT NULL DEFAULT '0',
  `IsActive` tinyint(1) NOT NULL DEFAULT '0',
  `IsEnable` tinyint(1) NOT NULL DEFAULT '1',
  PRIMARY KEY (`MenuTopID`)
) ENGINE=MyISAM AUTO_INCREMENT=16 DEFAULT CHARSET=utf8;

DROP TABLE IF EXISTS `youdian_order`;
CREATE TABLE `youdian_order` (
  `OrderID` int(11) NOT NULL AUTO_INCREMENT,
  `ProductName` varchar(255) NOT NULL,
  `GuestID` int(11) DEFAULT NULL,
  `GuestName` varchar(20) DEFAULT NULL,
  `Quantity` int(11) DEFAULT NULL,
  `Telephone` varchar(50) DEFAULT NULL,
  `QQ` varchar(20) DEFAULT NULL,
  `Email` varchar(30) DEFAULT NULL,
  `Address` varchar(100) DEFAULT NULL,
  `Remark` text,
  `OrderTime` datetime DEFAULT NULL,
  `AnswerContent` text,
  `AnswerTime` datetime DEFAULT NULL,
  `LanguageID` tinyint(1) NOT NULL DEFAULT '1',
  `f1` text,
  `f2` text,
  `f3` text,
  `f4` text,
  `f5` text,
  PRIMARY KEY (`OrderID`)
) ENGINE=MyISAM AUTO_INCREMENT=2 DEFAULT CHARSET=utf8;

DROP TABLE IF EXISTS `youdian_resume`;
CREATE TABLE `youdian_resume` (
  `ResumeID` int(11) NOT NULL AUTO_INCREMENT,
  `JobID` int(11) NOT NULL,
  `GuestID` int(11) DEFAULT NULL,
  `GuestName` varchar(20) DEFAULT NULL,
  `Gender` varchar(20) DEFAULT NULL,
  `Birthday` date DEFAULT NULL,
  `Ethnic` varchar(20) DEFAULT NULL,
  `Salary` varchar(20) DEFAULT NULL,
  `Political` varchar(20) DEFAULT NULL,
  `Education` varchar(20) DEFAULT NULL,
  `Telephone` varchar(50) DEFAULT NULL,
  `Email` varchar(50) DEFAULT NULL,
  `Address` varchar(50) DEFAULT NULL,
  `Time` datetime DEFAULT NULL,
  `Birthplace` varchar(20) DEFAULT NULL,
  `Specialty` varchar(20) DEFAULT NULL,
  `School` varchar(20) DEFAULT NULL,
  `Detail` text,
  `LanguageID` tinyint(4) NOT NULL DEFAULT '1',
  PRIMARY KEY (`ResumeID`)
) ENGINE=MyISAM AUTO_INCREMENT=2 DEFAULT CHARSET=utf8;

DROP TABLE IF EXISTS `youdian_special`;
CREATE TABLE `youdian_special` (
  `SpecialID` int(11) NOT NULL AUTO_INCREMENT,
  `ChannelID` int(11) DEFAULT NULL,
  `SpecialName` char(50) DEFAULT NULL,
  `SpecialDescription` char(255) DEFAULT NULL,
  `SpecialOrder` int(11) NOT NULL DEFAULT '0',
  `IsEnable` tinyint(1) NOT NULL DEFAULT '1',
  `LanguageID` tinyint(1) NOT NULL DEFAULT '1',
  PRIMARY KEY (`SpecialID`)
) ENGINE=MyISAM DEFAULT CHARSET=utf8;

DROP TABLE IF EXISTS `youdian_support`;
CREATE TABLE `youdian_support` (
  `SupportID` int(11) NOT NULL AUTO_INCREMENT,
  `SupportName` char(50) DEFAULT NULL,
  `SupportTypeID` int(11) DEFAULT NULL,
  `SupportNumber` char(20) DEFAULT NULL,
  `SupportOrder` int(11) NOT NULL DEFAULT '0',
  `IsEnable` tinyint(1) NOT NULL DEFAULT '1',
  `LanguageID` tinyint(1) NOT NULL DEFAULT '1',
  PRIMARY KEY (`SupportID`)
) ENGINE=MyISAM AUTO_INCREMENT=14 DEFAULT CHARSET=utf8;

DROP TABLE IF EXISTS `youdian_support3`;
CREATE TABLE `youdian_support3` (
  `Support3ID` int(11) NOT NULL AUTO_INCREMENT,
  `Support3Js` text,
  `IsEnable` tinyint(1) NOT NULL DEFAULT '1',
  `LanguageID` tinyint(1) NOT NULL DEFAULT '1',
  PRIMARY KEY (`Support3ID`)
) ENGINE=MyISAM AUTO_INCREMENT=3 DEFAULT CHARSET=utf8;

DROP TABLE IF EXISTS `youdian_support_type`;
CREATE TABLE `youdian_support_type` (
  `SupportTypeID` int(11) NOT NULL AUTO_INCREMENT,
  `SupportTypeName` char(20) DEFAULT NULL,
  `SupportTypeOrder` int(11) NOT NULL DEFAULT '0',
  PRIMARY KEY (`SupportTypeID`)
) ENGINE=MyISAM AUTO_INCREMENT=6 DEFAULT CHARSET=utf8;

DROP TABLE IF EXISTS `youdian_tag`;
CREATE TABLE `youdian_tag` (
  `TagID` int(11) NOT NULL AUTO_INCREMENT,
  `TagName` varchar(50) DEFAULT NULL,
  `TagContent` text,
  `TagDescription` varchar(255) DEFAULT NULL,
  `IsEnable` tinyint(1) NOT NULL DEFAULT '1',
  `LanguageID` tinyint(1) NOT NULL DEFAULT '1',
  PRIMARY KEY (`TagID`)
) ENGINE=MyISAM DEFAULT CHARSET=utf8 ROW_FORMAT=COMPACT;

DROP TABLE IF EXISTS `youdian_wx_app`;
CREATE TABLE `youdian_wx_app` (
  `AppID` int(11) NOT NULL AUTO_INCREMENT,
  `AppName` varchar(100) DEFAULT NULL,
  `AppTypeID` tinyint(1) DEFAULT '1',
  `AppKeyword` varchar(50) DEFAULT NULL,
  `AppOrder` int(11) DEFAULT '99',
  `AppParameter` text,
  `AppDescription` text,
  `IsEnable` tinyint(1) DEFAULT '1',
  PRIMARY KEY (`AppID`)
) ENGINE=MyISAM AUTO_INCREMENT=6 DEFAULT CHARSET=utf8;

DROP TABLE IF EXISTS `youdian_wx_apptype`;
CREATE TABLE `youdian_wx_apptype` (
  `AppTypeID` int(11) NOT NULL DEFAULT '0',
  `AppTypeName` varchar(50) DEFAULT NULL,
  `AppTypeOrder` int(11) DEFAULT '99',
  `IsEnable` tinyint(4) DEFAULT '1',
  PRIMARY KEY (`AppTypeID`)
) ENGINE=MyISAM DEFAULT CHARSET=utf8;

DROP TABLE IF EXISTS `youdian_wx_award`;
CREATE TABLE `youdian_wx_award` (
  `AwardID` int(11) NOT NULL AUTO_INCREMENT,
  `AppID` int(11) DEFAULT NULL,
  `AwardNumber` tinyint(4) DEFAULT NULL,
  `FromUser` varchar(50) DEFAULT NULL,
  `Mobile` varchar(50) DEFAULT NULL,
  `AwardSN` varchar(50) DEFAULT NULL,
  `AwardTime` datetime DEFAULT NULL,
  `AwardStatus` tinyint(1) DEFAULT '0',
  `IsCheck` tinyint(1) DEFAULT '0',
  PRIMARY KEY (`AwardID`)
) ENGINE=MyISAM AUTO_INCREMENT=5 DEFAULT CHARSET=utf8;

DROP TABLE IF EXISTS `youdian_wx_consume`;
CREATE TABLE `youdian_wx_consume` (
  `ConsumeID` int(11) NOT NULL AUTO_INCREMENT,
  `MemberID` int(11) DEFAULT NULL,
  `ConsumeType` tinyint(4) DEFAULT NULL,
  `ConsumeMoney` int(11) DEFAULT NULL,
  `ConsumeTime` datetime DEFAULT NULL,
  `RelationID` int(11) DEFAULT NULL,
  `Remark` text,
  PRIMARY KEY (`ConsumeID`)
) ENGINE=MyISAM DEFAULT CHARSET=utf8;

DROP TABLE IF EXISTS `youdian_wx_coupon`;
CREATE TABLE `youdian_wx_coupon` (
  `CouponID` int(11) NOT NULL AUTO_INCREMENT,
  `CouponName` varchar(50) DEFAULT NULL,
  `CouponOrder` int(11) DEFAULT '99',
  `StartTime` datetime DEFAULT NULL,
  `EndTime` datetime DEFAULT NULL,
  `CouponNumber` int(11) DEFAULT '100',
  `Remark` text,
  `IsEnable` tinyint(1) DEFAULT NULL,
  PRIMARY KEY (`CouponID`)
) ENGINE=MyISAM DEFAULT CHARSET=utf8;

DROP TABLE IF EXISTS `youdian_wx_gift`;
CREATE TABLE `youdian_wx_gift` (
  `GiftID` int(11) NOT NULL AUTO_INCREMENT,
  `GiftName` varchar(50) DEFAULT NULL,
  `GiftOrder` int(11) DEFAULT '99',
  `StartTime` datetime DEFAULT NULL,
  `EndTime` datetime DEFAULT NULL,
  `Score` int(11) DEFAULT '100',
  `GiftPicture` varchar(255) DEFAULT NULL,
  `Remark` text,
  `IsEnable` tinyint(1) DEFAULT NULL,
  PRIMARY KEY (`GiftID`)
) ENGINE=MyISAM DEFAULT CHARSET=utf8;

DROP TABLE IF EXISTS `youdian_wx_menu`;
CREATE TABLE `youdian_wx_menu` (
  `MenuID` tinyint(4) NOT NULL AUTO_INCREMENT,
  `Parent` tinyint(4) DEFAULT NULL,
  `MenuName` varchar(50) DEFAULT NULL,
  `TypeID` tinyint(4) DEFAULT NULL,
  `MenuOrder` int(11) DEFAULT '0',
  `p1` text,
  `p2` text,
  `p3` text,
  `p4` text,
  `IsEnable` tinyint(4) DEFAULT '1',
  PRIMARY KEY (`MenuID`)
) ENGINE=MyISAM AUTO_INCREMENT=25 DEFAULT CHARSET=utf8;

DROP TABLE IF EXISTS `youdian_wx_message`;
CREATE TABLE `youdian_wx_message` (
  `MessageID` int(4) NOT NULL AUTO_INCREMENT,
  `MsgID` varchar(50) DEFAULT NULL,
  `MsgType` varchar(10) DEFAULT NULL,
  `FromUserName` varchar(50) DEFAULT '3',
  `ToUserName` varchar(50) DEFAULT NULL,
  `p1` text,
  `p2` text,
  `p3` text,
  `p4` text,
  `CreateTime` datetime DEFAULT NULL,
  PRIMARY KEY (`MessageID`)
) ENGINE=MyISAM DEFAULT CHARSET=utf8;

DROP TABLE IF EXISTS `youdian_wx_notify`;
CREATE TABLE `youdian_wx_notify` (
  `NotifyID` int(11) NOT NULL AUTO_INCREMENT,
  `NotifyName` varchar(255) DEFAULT NULL,
  `NotifyContent` text,
  `NotifyTime` datetime DEFAULT NULL,
  PRIMARY KEY (`NotifyID`)
) ENGINE=MyISAM DEFAULT CHARSET=utf8;

DROP TABLE IF EXISTS `youdian_wx_question`;
CREATE TABLE `youdian_wx_question` (
  `QuestionID` int(11) NOT NULL AUTO_INCREMENT,
  `AppID` int(11) DEFAULT NULL,
  `QuestionOrder` int(11) DEFAULT '99',
  `QuestionName` varchar(255) DEFAULT NULL,
  `QuestionItem` text,
  `IsMultiple` tinyint(4) DEFAULT NULL,
  `IsEnable` tinyint(4) DEFAULT NULL,
  PRIMARY KEY (`QuestionID`)
) ENGINE=MyISAM AUTO_INCREMENT=3 DEFAULT CHARSET=utf8;

DROP TABLE IF EXISTS `youdian_wx_reply`;
CREATE TABLE `youdian_wx_reply` (
  `ReplyID` tinyint(4) NOT NULL AUTO_INCREMENT,
  `ReplyTypeID` tinyint(4) DEFAULT '3',
  `Keyword` varchar(50) DEFAULT NULL,
  `Priority` int(11) DEFAULT '0',
  `TypeID` tinyint(4) DEFAULT NULL,
  `Count` int(11) DEFAULT '0',
  `p1` text,
  `p2` text,
  `p3` text,
  `p4` text,
  `IsEnable` tinyint(4) DEFAULT '1',
  PRIMARY KEY (`ReplyID`)
) ENGINE=MyISAM AUTO_INCREMENT=5 DEFAULT CHARSET=utf8;

DROP TABLE IF EXISTS `youdian_wx_research`;
CREATE TABLE `youdian_wx_research` (
  `ResearchID` int(11) NOT NULL AUTO_INCREMENT,
  `AppID` int(11) DEFAULT NULL,
  `QuestionID` int(11) DEFAULT NULL,
  `ItemID` int(11) DEFAULT NULL,
  `FromUser` varchar(50) DEFAULT NULL,
  `ResearchTime` datetime DEFAULT NULL,
  PRIMARY KEY (`ResearchID`)
) ENGINE=MyISAM DEFAULT CHARSET=utf8;

DROP TABLE IF EXISTS `youdian_wx_score`;
CREATE TABLE `youdian_wx_score` (
  `ScoreID` int(11) NOT NULL AUTO_INCREMENT,
  `MemberID` int(11) DEFAULT NULL,
  `ScoreNumber` int(11) DEFAULT NULL,
  `ScoreTime` datetime DEFAULT NULL,
  `ScoreType` tinyint(4) DEFAULT NULL,
  `RelationID` int(11) DEFAULT NULL,
  `Remark` text,
  PRIMARY KEY (`ScoreID`)
) ENGINE=MyISAM DEFAULT CHARSET=utf8;

DROP TABLE IF EXISTS `youdian_wx_suggest`;
CREATE TABLE `youdian_wx_suggest` (
  `SuggestID` int(11) NOT NULL AUTO_INCREMENT,
  `AppID` int(11) DEFAULT NULL,
  `FromUser` varchar(50) DEFAULT NULL,
  `SuggestContent` text,
  `SuggestTime` datetime DEFAULT NULL,
  PRIMARY KEY (`SuggestID`)
) ENGINE=MyISAM DEFAULT CHARSET=utf8;

DROP TABLE IF EXISTS `youdian_wx_type`;
CREATE TABLE `youdian_wx_type` (
  `TypeID` tinyint(4) NOT NULL AUTO_INCREMENT,
  `TypeName` varchar(50) DEFAULT NULL,
  `IsReply` tinyint(11) DEFAULT '1',
  `TypeOrder` tinyint(4) unsigned DEFAULT '0',
  `IsEnable` tinyint(4) DEFAULT '1',
  PRIMARY KEY (`TypeID`)
) ENGINE=MyISAM AUTO_INCREMENT=7 DEFAULT CHARSET=utf8;

DROP TABLE IF EXISTS `youdian_wx_vote`;
CREATE TABLE `youdian_wx_vote` (
  `VoteID` int(11) NOT NULL AUTO_INCREMENT,
  `AppID` int(11) DEFAULT NULL,
  `ItemID` int(11) DEFAULT NULL,
  `FromUser` varchar(50) DEFAULT NULL,
  `VoteTime` datetime DEFAULT NULL,
  PRIMARY KEY (`VoteID`)
) ENGINE=MyISAM AUTO_INCREMENT=2 DEFAULT CHARSET=utf8;


INSERT INTO `youdian_ad_type` VALUES
('1','图片广告'),
('2','Flash广告'),
('3','漂浮广告'),
('4','代码广告'),
('5','对联广告');

INSERT INTO `youdian_admin` VALUES
('1','admin','1','1','7fef6171469e80d32c0559f88b377245','2015-04-21 10:08:49','180.173.65.190','0','1');

INSERT INTO `youdian_admin_group` VALUES
('1','超级管理组','超级管理组拥有所有权限',NULL,NULL,NULL,NULL,NULL,'1'),
('2','频道管理员','','8,74','1,2,3,8','5,3','33,15,17,18,19,55,20,21,22,23,24,25,26,27,28,29,32,30,31,53','34,35,37,40,41,43,47,48,50,51,52,54','0');

INSERT INTO `youdian_attribute` VALUES
('2','1','Parent','int','所属频道','channelselect','0','',NULL,NULL,'',NULL,NULL,NULL,'22','0','1','1'),
('3','1','Child','varchar','子类频道','select','50','270px',NULL,NULL,'',NULL,NULL,NULL,'22','0','0','0'),
('4','1','ChannelName','varchar','频道名称','text','1','270px',NULL,'textinput',NULL,'',NULL,NULL,'22','1','1','0'),
('5','1','ChannelSName','varchar','简短名称','text','8','270px','','textinput','','如：新闻、图片、文章等','0','','22','0','1','0'),
('6','1','ChannelContent','text','详细内容','editor','5','100%','300px',NULL,NULL,NULL,NULL,NULL,'24','0','1','0'),
('7','1','ChannelSContent','text','简短内容','textarea','4','100%','65px',NULL,NULL,NULL,NULL,NULL,'24','0','1','0'),
('8','1','ChannelModelID','int','频道模型','modelselect','3','','',NULL,NULL,NULL,NULL,NULL,'22','0','1','0'),
('9','1','ChannelTarget','varchar','链接目标','select','7',NULL,NULL,NULL,'_self|当前窗口_self\r\n_blank|新窗口_blank','',NULL,NULL,'22','0','1','0'),
('10','1','HasPicture','int','是否启用代表图片','radio','2',NULL,NULL,NULL,'1|启用|1\r\n0|禁用',NULL,NULL,NULL,'24','0','0','0'),
('11','1','ChannelPicture','varchar','频道代表图片','image','2','100%',NULL,'textinput',NULL,NULL,NULL,NULL,'24','0','1','0'),
('12','1','Keywords','varchar','页面关键词Keywords','text','12','100%',NULL,'textinput',NULL,'设置页面关键词，留空表示继承上级频道设置！建议在多个关键词之间以英文逗号\",\"分隔，并且最好不要超过100个字符！如：软件开发,网站建设',NULL,NULL,'23','0','1','1'),
('13','1','Description','varchar(512)','页面描述Description','textarea','13','100%',NULL,NULL,NULL,'设置页面描述，留空表示继承上级频道设置！建议不要超过200个字符！',NULL,NULL,'23','0','1','1'),
('14','1','PageSize','int','分页条数','text','10','270px',NULL,'textinput','20',NULL,NULL,NULL,'22','0','1','0'),
('15','1','ChannelOrder','int','频道排序','text','9','270px',NULL,'textinput','0','请输入数字，值越小排名越靠前！',NULL,NULL,'22','0','1','0'),
('16','1','IndexTemplate','varchar','频道首页模板','text','5','270px',NULL,'textinput','article.html','请输入模板文件名称，以html为扩展名！如：article.html',NULL,NULL,'22','0','1','0'),
('17','1','ReadTemplate','varchar','频道阅读模板','text','6','270px',NULL,'textinput','showarticle.html','请输入模板文件名称，以html为扩展名！如：showarticle.html',NULL,NULL,'22','0','1','0'),
('18','1','IsEnable','int','是否启用频道','radio','18',NULL,NULL,NULL,'1|启用|1\r\n0|禁用',NULL,NULL,NULL,'22','0','1','0'),
('19','1','IsLock','int','频道是否锁定','radio','17',NULL,NULL,NULL,'1|锁定\r\n0|不锁定|1',NULL,NULL,NULL,'22','0','1','0'),
('20','1','IsShow','int','频道是否显示','radio','16',NULL,NULL,NULL,'1|显示|1\r\n0|隐藏',NULL,NULL,NULL,'22','0','1','0'),
('21','1','IsSystem','int','是否是系统频道','radio','21',NULL,NULL,NULL,'1|是|1\r\n0|否',NULL,NULL,NULL,'22','0','0','0'),
('22','1',NULL,NULL,'基本信息',NULL,'1',NULL,NULL,NULL,NULL,NULL,NULL,NULL,'0','0','1','0'),
('23','1',NULL,NULL,'搜索引擎优化设置',NULL,'2',NULL,NULL,NULL,NULL,NULL,NULL,NULL,'0','0','1','0'),
('24','1',NULL,NULL,'频道内容',NULL,'3',NULL,NULL,NULL,NULL,NULL,NULL,NULL,'0','0','1','0'),
('25','2','SpecialID','int','专题编号','text','1','270px',NULL,'textinput',NULL,NULL,NULL,NULL,'30','0','2','0'),
('26','2','ChannelID','int','所属频道','channelselect','2',NULL,NULL,NULL,'所有频道',NULL,NULL,NULL,'30','0','1','0'),
('27','2','SpecialName','varchar','专题名称','text','3','270px',NULL,'textinput',NULL,NULL,NULL,NULL,'30','1','1','0'),
('28','2','SpecialDescription','varchar','专题描述','textarea','5','100%','100px',NULL,NULL,NULL,NULL,NULL,'30','0','1','0'),
('29','2','IsEnable','int','是否启用','radio','6',NULL,NULL,NULL,'1|启用|1\r\n0|禁用',NULL,NULL,NULL,'30','0','1','0'),
('30','2',NULL,NULL,'专题信息',NULL,NULL,NULL,NULL,NULL,NULL,NULL,NULL,NULL,'0','0','1','0'),
('31','2','SpecialOrder','int','专题排序','text','4',NULL,NULL,'textinput','0','请输入数字，值越小排名越靠前！',NULL,NULL,'30','0','1','0'),
('32','30','InfoID','int','信息ID','text','1','','','textinput','','','0','','54','0','0','1'),
('33','30','ChannelID','int','所属频道','channelselect','2',NULL,NULL,NULL,NULL,NULL,NULL,NULL,'54','0','1','1'),
('34','30','SpecialID','varchar','所属专题','specialselect','3',NULL,NULL,NULL,NULL,NULL,NULL,NULL,'54','0','1','1'),
('35','30','InfoTitle','varchar','文章标题','text','4','50%','','textinput','','','0','','54','1','1','1'),
('36','30','InfoSContent','varchar','简短内容','textarea','7','100%','70px',NULL,NULL,NULL,NULL,NULL,'54','0','1','0'),
('37','30','InfoContent','varchar','详细内容','editor','8','100%','400px',NULL,NULL,NULL,NULL,NULL,'54','0','1','0'),
('38','30','HasPicture','int','是否启用代表图片','radio','5','','','','1|启用\n0|禁用|1','','0','','54','0','0','0'),
('39','30','InfoPicture','varchar(255)','缩略图','image','6','100%',NULL,'textinput',NULL,NULL,NULL,NULL,'54','0','1','0'),
('40','30','ReadLevel','varchar(255)','阅读权限','membergroupcheckbox','20','','','textinput','','不勾选则继承所属频道的阅读权限！启用Html静态缓存后无效','0','','55','0','1','1'),
('41','30','InfoAttachment','varchar(255)','附件','attachment','11','50%',NULL,'textinput',NULL,'',NULL,NULL,'55','0','1','0'),
('42','30','HasAttachment','int','是否启用附件','radio','10','','','','1|启用\n0|禁用|1','','0','','55','0','0','0'),
('43','30','IsLinkUrl','int','是否是转向链接','radio','12','','','','1|是\n0|否|1','','0','','55','0','0','1'),
('44','30','LinkUrl','varchar(255)','转向链接','text','13','270px','','textinput','','请输入转向链接地址！如：http://www.baidu.cn','0','','55','0','1','0'),
('45','30','Keywords','varchar','页面关键词Keywords','text','1','100%',NULL,'textinput',NULL,'设置页面关键词，留空表示继承上级频道设置！建议在多个关键词之间以英文逗号\",\"分隔，并且最好不要超过100个字符！如：软件开发,网站建设',NULL,NULL,'56','0','1','1'),
('46','30','Description','varchar(512)','页面描述Description','textarea','2','100%',NULL,NULL,NULL,'设置页面描述，留空表示继承上级频道设置！建议不要超过200个字符！',NULL,NULL,'56','0','1','1'),
('47','30','InfoOrder','int','排序','text','16',NULL,NULL,'textinput','0','请输入数字，值越小排名越靠前！',NULL,NULL,'55','0','1','1'),
('48','30','InfoTime','datetime','发表时间','datetime','19','',NULL,'textinput',NULL,NULL,NULL,NULL,'55','0','1','0'),
('49','30','InfoAuthor','varchar','作者','text','18','270px',NULL,'textinput',NULL,NULL,NULL,NULL,'55','0','0','0'),
('51','30','InfoHit','int','点击次数','text','19','',NULL,'textinput','0',NULL,NULL,NULL,'55','0','1','1'),
('52','30','InfoFrom','varchar','来源','text','18',NULL,NULL,'textinput',NULL,NULL,NULL,NULL,'55','0','1','0'),
('53','30','IsEnable','int','是否启用','radio','23',NULL,NULL,NULL,'1|启用|1\r\n0|禁用',NULL,NULL,NULL,'55','0','1','1'),
('54','30',NULL,NULL,'基本信息',NULL,'0',NULL,NULL,NULL,NULL,NULL,NULL,NULL,'0','0','1','0'),
('55','30',NULL,NULL,'其它信息',NULL,'3',NULL,NULL,NULL,NULL,NULL,NULL,NULL,'0','0','1','0'),
('56','30',NULL,NULL,'搜索引擎优化设置',NULL,'1',NULL,NULL,NULL,NULL,NULL,NULL,NULL,'0','0','1','1'),
('57','32',NULL,NULL,'基本信息',NULL,'1',NULL,NULL,NULL,NULL,NULL,NULL,NULL,'0','0','1','0'),
('58','32',NULL,NULL,'搜索引擎优化设置',NULL,'2',NULL,NULL,NULL,NULL,NULL,NULL,NULL,'0','0','1','0'),
('59','32','ChannelContent','varchar','详细内容','editor','3','100%','300px',NULL,NULL,NULL,NULL,NULL,'57','0','1','0'),
('60','32','Keywords','varchar','页面关键字Keywords','text','2','100%',NULL,'textinput',NULL,'设置页面关键词，留空表示继承上级频道设置！建议在多个关键词之间以英文逗号\",\"分隔，并且最好不要超过100个字符！如：软件开发,网站建设',NULL,NULL,'58','0','1','1'),
('61','32','Description','varchar(512)','页面描述Description','textarea','3','100%',NULL,'textinput',NULL,'设置页面描述，留空表示继承上级频道设置！建议不要超过200个字符！',NULL,NULL,'58','0','1','1'),
('62','32','HasPicture','int','是否启用代表图片','radio','2','',NULL,'','1|启用\r\n0|禁用|1',NULL,NULL,NULL,'57','0','0','0'),
('63','32','ChannelPicture','varchar','代表图片','image','1','100%',NULL,'textinput','',NULL,NULL,NULL,'57','0','1','0'),
('64','31',NULL,NULL,'基本信息',NULL,'1',NULL,NULL,NULL,NULL,NULL,NULL,NULL,'0','0','1','0'),
('65','31',NULL,NULL,'搜索引擎优化设置',NULL,'2',NULL,NULL,NULL,NULL,NULL,NULL,NULL,'0','0','1','1'),
('66','31',NULL,NULL,'其它信息',NULL,'3',NULL,NULL,NULL,NULL,NULL,NULL,NULL,'0','0','1','1'),
('67','31','InfoID','int','信息ID','text','1','','','textinput','','',NULL,'','64','0','0','1'),
('68','31','ChannelID','int','所属频道','channelselect','2','','','','','',NULL,'','64','0','1','1'),
('69','31','SpecialID','varchar','所属专题','specialselect','3','','','','','',NULL,'','64','0','1','1'),
('70','31','InfoTitle','varchar','图片标题','text','4','50%','','textinput','','','0','','64','1','1','1'),
('71','31','InfoSContent','varchar','简短内容','textarea','7','100%','70px','','','','0','','64','0','1','0'),
('72','31','InfoContent','varchar','详细内容','editor','8','100%','400px','','','',NULL,'','64','0','1','0'),
('73','31','HasPicture','int','是否启用代表图片','radio','5','','','','1|启用\r\n0|禁用|1',NULL,NULL,NULL,'64','0','0','0'),
('74','31','InfoPicture','varchar(255)','缩略图','image','6','100%','','textinput','','',NULL,'','64','0','1','0'),
('75','31','ReadLevel','varchar(255)','阅读权限','membergroupcheckbox','7','','','textinput','','不勾选则继承所属频道的阅读权限！启用Html静态缓存后无效','0','','66','0','1','1'),
('76','31','InfoAttachment','varchar(255)','附件','attachment','1','50%','','textinput','','',NULL,'','66','0','1','0'),
('77','31','HasAttachment','int','是否启用附件','radio','1','','','','1|启用|1\n0|禁用','','0','','66','0','0','0'),
('78','31','InfoAuthor','varchar','作者','text','4','270px','','textinput','','',NULL,'','66','0','0','0'),
('79','31','IsLinkUrl','int','是否是转向链接','radio','2','','','','1|是\n0|否|1','','0','','66','0','0','1'),
('80','31','InfoHit','int','点击次数','text','5','','','textinput','0','',NULL,'','66','0','1','1'),
('81','31','LinkUrl','varchar(255)','转向链接','text','2','270px','','textinput','','请输入转向链接地址！如：http://www.baidu.com','0','','66','0','1','0'),
('82','31','Keywords','varchar','页面关键词 Keywords','text','1','100%','','textinput','','设置页面关键词，留空表示继承上级频道设置！建议在多个关键词之间以英文逗号\",\"分隔，并且最好不要超过100个字符！如：软件开发,网站建设',NULL,'','65','0','1','1'),
('83','31','Description','varchar(512)','页面描述 Description','textarea','2','100%','','','','设置页面描述，留空表示继承上级频道设置！建议不要超过200个字符！',NULL,'','65','0','1','1'),
('85','31','InfoTime','datetime','发表时间','datetime','6','','','textinput','','',NULL,'','66','0','1','0'),
('86','31','IsEnable','int','是否启用','radio','29','','','','1|启用|1\r\n0|禁用',NULL,NULL,NULL,'66','0','1','1'),
('87','31','InfoOrder','int','排序','text','3','','','textinput','0','请输入数字，值越小排名越靠前！',NULL,'','66','0','1','1'),
('88','30','LabelID','varchar','属性','labelcheckbox','21',NULL,NULL,NULL,NULL,NULL,NULL,NULL,'55','0','1','1'),
('89','31','LabelID','varchar','属性','labelcheckbox','8','','','','','',NULL,'','66','0','1','1'),
('90','1','LinkUrl','varchar(255)','转向链接','text','14','270px',NULL,'textinput',NULL,'如：http://www.baidu.com。频道模型为\"链接模型\"时有效！',NULL,NULL,'22','0','1','0'),
('91','33','ChannelTarget','varchar','链接目标','select','2','','','','_self|当前窗口_self\r\n_blank|新窗口_blank',NULL,NULL,NULL,'93','0','1','0'),
('92','33','LinkUrl','varchar(255)','转向链接','text','3','270px',NULL,'textinput',NULL,NULL,NULL,NULL,'93','0','1','0'),
('93','33',NULL,NULL,'基本信息',NULL,'1',NULL,NULL,NULL,NULL,NULL,NULL,NULL,'0','0','1','0'),
('94','33','ChannelName','varchar','频道名称','text','1','270px','','textinput','','',NULL,'','93','1','1','0'),
('95','3','BannerID','int','幻灯片编号','text','1','270px',NULL,'textinput',NULL,NULL,NULL,NULL,'101','0','0','0'),
('96','3','BannerName','varchar','幻灯片名称','text','2','420px',NULL,'textinput',NULL,NULL,NULL,NULL,'101','0','1','0'),
('97','3','BannerImage','varchar','幻灯图片','image','4','420px',NULL,'textinput',NULL,NULL,NULL,NULL,'101','0','1','0'),
('98','3','BannerUrl','varchar','链接地址','text','5','420px',NULL,'textinput',NULL,NULL,NULL,NULL,'101','0','1','0'),
('99','3','BannerOrder','int','幻灯片排序','text','6','100px',NULL,'textinput','0','请输入数字，值越小排名越靠前！',NULL,NULL,'101','0','1','0'),
('100','3','IsEnable','int','是否启用','radio','7',NULL,NULL,NULL,'1|启用|1\r\n0|禁用',NULL,NULL,NULL,'101','0','1','0'),
('101','3',NULL,NULL,'基本信息',NULL,NULL,NULL,NULL,NULL,NULL,NULL,NULL,NULL,'0','0','1','0'),
('102','4',NULL,NULL,'基本信息',NULL,NULL,NULL,NULL,NULL,NULL,NULL,NULL,NULL,'0','0','1','0'),
('103','4','SupportID','int','客服编号','text','1','270px',NULL,'textinput',NULL,NULL,NULL,NULL,'102','0','0','0'),
('104','4','SupportName','varchar','客服名称','text','2','270px',NULL,'textinput',NULL,NULL,NULL,NULL,'102','1','1','0'),
('105','4','SupportTypeID','int','客服类型','supporttypeselect','3',NULL,NULL,'',NULL,NULL,NULL,NULL,'102','0','1','0'),
('106','4','SupportNumber','varchar','客服号码','text','4','270px',NULL,'textinput',NULL,NULL,NULL,NULL,'102','0','1','0'),
('107','4','SupportOrder','int','客服排序','text','5','100px',NULL,'textinput','0','请输入数字，值越小排名越靠前！',NULL,NULL,'102','0','1','0'),
('108','4','IsEnable','int','是否启用','radio','6',NULL,NULL,NULL,'1|启用|1\r\n0|禁用',NULL,NULL,NULL,'102','0','1','0'),
('109','5','','','基本信息','text',NULL,NULL,NULL,NULL,NULL,NULL,NULL,NULL,'0','0','1','0'),
('110','5','Support3ID','text','第三方客服编号','text','1',NULL,NULL,'textinput',NULL,NULL,NULL,NULL,'109','0','0','0'),
('111','5','Support3Js','int','第三方客服Js脚本','textarea','2','100%','300px','textinput',NULL,NULL,NULL,NULL,'109','0','1','0'),
('112','5','IsEnable','int','是否启用','radio','3',NULL,NULL,NULL,'1|启用|1\r\n0|禁用',NULL,NULL,NULL,'109','0','1','0'),
('113','9','LinkClassID','int','友情链接分类编号','text','1','270px',NULL,'textinput',NULL,NULL,NULL,NULL,'117','0','0','0'),
('114','9','LinkClassName','varchar','友情链接分类名称','text','2','270px',NULL,'textinput',NULL,NULL,NULL,NULL,'117','1','1','0'),
('115','9','LinkClassOrder','int','友情链接分类排序','text','3','270px',NULL,'textinput','0','请输入数字，值越小排名越靠前！',NULL,NULL,'117','0','1','0'),
('117','9',NULL,NULL,'基本信息',NULL,NULL,NULL,NULL,NULL,NULL,NULL,NULL,NULL,'0','0','1','0'),
('118','10',NULL,NULL,'基本信息',NULL,NULL,NULL,NULL,NULL,NULL,NULL,NULL,NULL,'0','0','1','0'),
('119','10','LinkID','int','友情链接编号','text','1','270px',NULL,'textinput',NULL,NULL,NULL,NULL,'118','0','0','0'),
('120','10','LinkClassID','int','链接分类','linkclassselect','3',NULL,NULL,NULL,NULL,NULL,NULL,NULL,'118','0','1','0'),
('121','10','LinkType','int','链接类型','radio','1',NULL,NULL,NULL,'1|文字|1\r\n2|图片',NULL,NULL,NULL,'118','0','1','0'),
('122','10','LinkUrl','varchar(255)','链接地址','text','3','270px',NULL,'textinput',NULL,NULL,NULL,NULL,'118','0','1','0'),
('123','10','LinkOrder','int','链接排序','text','7','100px',NULL,'textinput','0','请输入数字，值越小排名越靠前！',NULL,NULL,'118','0','1','0'),
('124','10','IsEnable','int','是否启用','radio','9',NULL,NULL,NULL,'1|启用|1\r\n0|禁用',NULL,NULL,NULL,'118','0','1','0'),
('125','10','LinkName','varchar','链接名称','text','2','270px',NULL,'textinput',NULL,NULL,NULL,NULL,'118','1','1','0'),
('126','10','LinkLogo','varchar','链接Logo','image','4','420px',NULL,'textinput',NULL,'鼠标移动到文本框可以预览Logo',NULL,NULL,'118','0','1','0'),
('127','10','LinkDescription','varchar','链接描述','textarea','8','100%','100px','textinput',NULL,NULL,NULL,NULL,'118','0','1','0'),
('128','7',NULL,NULL,'招聘信息',NULL,NULL,NULL,NULL,NULL,NULL,NULL,NULL,NULL,'0','0','1','0'),
('129','7','JobID','int','招聘编号','text','1','192px',NULL,'textinput',NULL,NULL,NULL,NULL,'128','0','0','0'),
('130','7','JobName','varchar','职位名称','text','2','192px',NULL,'textinput',NULL,NULL,NULL,NULL,'128','1','1','0'),
('131','7','Education','varchar','学位要求','text','3','192px',NULL,'textinput',NULL,NULL,NULL,NULL,'128','0','1','0'),
('132','7','Gender','varchar','性别要求','text','4','192px',NULL,'textinput','',NULL,NULL,NULL,'128','0','1','0'),
('133','7','Age','varchar','年龄要求','text','5','192px',NULL,'textinput',NULL,NULL,NULL,NULL,'128','0','1','0'),
('134','7','Salary','varchar','薪水','text','6','192px',NULL,'textinput',NULL,NULL,NULL,NULL,'128','0','1','0'),
('135','7','Language','varchar','语言要求','text','7','192px',NULL,'textinput',NULL,NULL,NULL,NULL,'128','0','1','0'),
('136','7','Number','varchar','招聘人数','text','8','192px',NULL,'textinput',NULL,NULL,NULL,NULL,'128','0','1','0'),
('137','7','Workplace','varchar','工作地点','text','9','192px',NULL,'textinput',NULL,NULL,NULL,NULL,'128','0','1','0'),
('138','7','Expiration','varchar','截至日期','text','10','192px',NULL,'textinput',NULL,NULL,NULL,NULL,'128','0','1','0'),
('139','7','Requirement','varchar','详细要求','editormini','11','100%','250px','textinput',NULL,NULL,NULL,NULL,'128','0','1','0'),
('140','7','JobOrder','int','职位排序','text','12','80px',NULL,'textinput','0','请输入数字，值越小排名越靠前！',NULL,NULL,'128','0','1','0'),
('141','7','IsEnable','int','是否启用','radio','14',NULL,NULL,'','1|启用|1\r\n0|禁用',NULL,NULL,NULL,'128','0','1','0'),
('142','7','Time','datetime','发布时间','datetime','13','150px',NULL,'textinput',NULL,NULL,NULL,NULL,'128','0','1','0'),
('143','8','CommentID','int','评论编号','text','1','200px',NULL,'textinput',NULL,NULL,NULL,NULL,'151','0','1','0'),
('144','8','InfoID','int','信息ID','text','2','200px',NULL,'textinput',NULL,NULL,NULL,NULL,'151','0','0','1'),
('145','8','GuestID','int','评论人ID','text','3','200px',NULL,'textinput',NULL,NULL,NULL,NULL,'151','0','1','0'),
('146','8','GuestName','varchar','评论人','text','4','200px',NULL,'textinput',NULL,NULL,NULL,NULL,'151','0','1','0'),
('147','8','GuestIP','varchar','评论人IP','text','5','200px',NULL,'textinput',NULL,NULL,NULL,NULL,'151','0','1','0'),
('148','8','CommentContent','varchar','评论内容','textarea','6','200px',NULL,'textinput',NULL,NULL,NULL,NULL,'151','0','1','0'),
('149','8','CommentTime','datetime','评论时间','datetime','7','200px',NULL,'textinput',NULL,NULL,NULL,NULL,'151','0','1','0'),
('150','8','IsCheck','int','是否审核','radio','8',NULL,NULL,NULL,'1|是|1\r\n0|否',NULL,NULL,NULL,'151','0','1','0'),
('151','8','',NULL,'基本信息',NULL,NULL,NULL,NULL,NULL,NULL,NULL,NULL,NULL,'0','0','1','0'),
('152','11',NULL,NULL,'基本信息',NULL,NULL,NULL,NULL,NULL,NULL,NULL,NULL,NULL,'0','0','1','0'),
('153','11','AdID','int','广告编号','text','1','200px',NULL,'textinput',NULL,NULL,NULL,NULL,'152','0','0','0'),
('154','11','AdTypeID','int','广告类型','adtyperadio','2','',NULL,NULL,NULL,NULL,NULL,NULL,'152','0','1','0'),
('155','11','AdName','varchar','广告名称','text','3','550px',NULL,'textinput',NULL,NULL,NULL,NULL,'152','0','1','0'),
('156','11','AdContent','varchar','广告内容','image','4','550px','180px','textinput',NULL,'对联广告2个图片以回车分开',NULL,NULL,'152','0','1','0'),
('157','11','AdUrl','varchar','广告地址','text','5','550px',NULL,'textinput',NULL,'广告地址以htttp://开头，对联广告url以逗号隔开。如：http://www.x1.com,http://www.x2.com',NULL,NULL,'152','0','1','0'),
('158','11','AdDescription','varchar','广告描述','textarea','6','550px',NULL,'textinput',NULL,NULL,NULL,NULL,'152','0','1','0'),
('159','11','AdTime','datetime','发布时间','datetime','7','150px',NULL,'textinput',NULL,NULL,NULL,NULL,'152','0','1','0'),
('160','11','IsEnable','int','是否启用','radio','8',NULL,NULL,NULL,'1|是|1\r\n0|否',NULL,NULL,NULL,'152','0','1','0'),
('161','12',NULL,NULL,'添加会员分组',NULL,NULL,NULL,NULL,NULL,NULL,NULL,NULL,NULL,'0','0','1','0'),
('162','12','MemberGroupID','int','会员分组ID','text','1','200px',NULL,'',NULL,NULL,NULL,NULL,'161','0','0','0'),
('163','12','MemberGroupName','varchar','会员分组名称','text','2','200px',NULL,'textinput',NULL,NULL,NULL,NULL,'161','1','1','0'),
('164','12','MemberGroupRemark','varchar','会员分组备注','text','3','200px','','textinput',NULL,NULL,NULL,NULL,'161','0','1','0'),
('165','12','IsSystem','int','是否是系统分组','radio','4',NULL,NULL,NULL,NULL,NULL,NULL,NULL,'161','0','0','0'),
('166','13',NULL,NULL,'会员信息',NULL,'0',NULL,NULL,NULL,NULL,NULL,NULL,NULL,'0','0','1','1'),
('167','13','MemberID','int','会员编号','text','1','120px',NULL,'textinput',NULL,NULL,NULL,NULL,'166','0','0','1'),
('168','13','MemberGroupID','int','会员分组','membergroupselect','2','',NULL,'textinput',NULL,NULL,NULL,NULL,'166','0','1','1'),
('169','13','MemberName','varchar','会员名称','text','3','120px','','textinput','','','0','','166','1','1','1'),
('170','13','MemberGender','int','性别','radio','4',NULL,NULL,NULL,'1|女\r\n0|男|1',NULL,NULL,NULL,'166','0','1','1'),
('171','13','MemberRealName','varchar','真实姓名','text','5','120px',NULL,'textinput',NULL,NULL,NULL,NULL,'166','0','1','1'),
('172','13','MemberPassword','varchar','密码','text','6','200px',NULL,'textinput',NULL,NULL,NULL,NULL,'166','0','0','1'),
('173','13','MemberBirthday','date','生日','date','7','120px',NULL,'textinput',NULL,NULL,NULL,NULL,'166','0','1','1'),
('174','13','MemberAddress','varchar','联系地址','text','15','280px',NULL,'textinput',NULL,NULL,NULL,NULL,'166','0','1','1'),
('175','13','MemberPostCode','varchar','邮政编码','text','9','120px',NULL,'textinput',NULL,NULL,NULL,NULL,'166','0','1','1'),
('176','13','MemberEmail','varchar','电子邮件','text','14','180px',NULL,'textinput',NULL,NULL,NULL,NULL,'166','0','1','1'),
('177','13','MemberTelephone','varchar','电话','text','11','180px',NULL,'textinput',NULL,NULL,NULL,NULL,'166','0','1','1'),
('178','13','MemberMobile','varchar','移动电话','text','12','180px',NULL,'textinput',NULL,NULL,NULL,NULL,'166','0','1','1'),
('179','13','MemberQQ','varchar','QQ','text','14','180px',NULL,'textinput',NULL,NULL,NULL,NULL,'166','0','1','1'),
('180','13','MemberQuestion','varchar','问题','text','17','280px',NULL,'textinput',NULL,'如：我初中地理老师是谁？我爸爸叫什么名字？',NULL,NULL,'166','0','1','1'),
('181','13','MemberAnswer','varchar','答案','text','18','280px',NULL,'textinput',NULL,'找回密码的重要依据，认真填写并记牢！',NULL,NULL,'166','0','1','1'),
('182','13','IsCheck','int','是否审核','radio','41',NULL,NULL,NULL,'1|是|1\r\n0|否',NULL,NULL,NULL,'166','0','1','1'),
('183','13','LastLoginTime','datetime','最后登录时间','label','21','150px',NULL,'',NULL,NULL,NULL,NULL,'166','0','1','1'),
('184','13','LastLoginIP','varchar','最后登录IP','label','20','150px',NULL,'',NULL,NULL,NULL,NULL,'166','0','1','1'),
('185','13','RegisterTime','datetime','注册时间','label','22','150px',NULL,'',NULL,NULL,NULL,NULL,'166','0','1','1'),
('186','13','IsLock','int','是否锁定','radio','40',NULL,NULL,NULL,'1|是\r\n0|否|1',NULL,NULL,NULL,'166','0','1','1'),
('187','13','IsSystem','int','是否系统','radio','42',NULL,NULL,NULL,NULL,NULL,NULL,NULL,'166','0','0','1'),
('188','15','AdminGroupID','int','管理组ID','text','1','170px',NULL,'textinput',NULL,NULL,NULL,NULL,'193','0','0','0'),
('189','15','AdminGroupName','varchar','管理组名称','text','2','170px',NULL,'textinput',NULL,NULL,NULL,NULL,'193','1','1','0'),
('190','15','AdminGroupRemark','varchar','管理组备注','text','3','170px','','textinput',NULL,NULL,NULL,NULL,'193','0','1','0'),
('191','15','MenuPurview','varchar','管理组权限','text','4','150px',NULL,'textinput',NULL,NULL,NULL,NULL,'193','0','0','0'),
('192','15','IsSystem','int','是否是系统','radio','5',NULL,NULL,'','1|是\r\n0|否|1',NULL,NULL,NULL,'193','0','0','0'),
('193','15',NULL,NULL,'基本信息',NULL,NULL,NULL,NULL,NULL,NULL,NULL,NULL,NULL,'0','0','1','0'),
('194','14',NULL,NULL,'基本信息',NULL,NULL,NULL,NULL,NULL,NULL,NULL,NULL,NULL,'0','0','1','0'),
('195','14','AdminID','int',NULL,'text','1',NULL,NULL,NULL,NULL,NULL,NULL,NULL,'194','0','0','0'),
('196','14','AdminName','varchar','管理员名称','text','2','200px',NULL,'textinput',NULL,NULL,NULL,NULL,'194','1','1','0'),
('197','14','MemberID','int',NULL,'text','3',NULL,NULL,NULL,NULL,NULL,NULL,NULL,'194','0','0','0'),
('198','14','AdminGroupID','int','管理组','admingroupselect','4','',NULL,NULL,NULL,NULL,NULL,NULL,'194','0','1','0'),
('199','14','AdminPassword','varchar','密码','text','5',NULL,NULL,'textinput',NULL,NULL,NULL,NULL,'194','0','0','0'),
('200','14','LastLoginTime','varchar','最后登录时间','label','6','200px',NULL,'',NULL,NULL,NULL,NULL,'194','0','1','0'),
('201','14','LastLoginIP','varchar','最后登录IP','label','7','200px',NULL,'',NULL,NULL,NULL,NULL,'194','0','1','0'),
('202','14','IsLock','int','是否锁定','radio','8',NULL,NULL,NULL,'1|是\r\n0|否|1',NULL,NULL,NULL,'194','0','1','0'),
('203','14','IsSystem','int','是否是系统','radio','9',NULL,NULL,NULL,'1|是\r\n0|否|1',NULL,NULL,NULL,'194','0','0','0'),
('204','16','',NULL,'模板文件',NULL,NULL,NULL,NULL,NULL,NULL,NULL,NULL,NULL,'0','0','1','0'),
('205','16','FileName','varchar','文件名称','label','1',NULL,NULL,NULL,NULL,NULL,NULL,NULL,'204','0','1','0'),
('206','16','FileContent','varchar','文件内容','editor','2','100%','500px',NULL,NULL,NULL,NULL,NULL,'204','0','1','0'),
('207','1','Title','varchar','页面标题Title','text','11','100%',NULL,'textinput',NULL,'设置页面标题，留空表示继承上级频道设置！建议在多个关键词之间以竖线\"|\"分隔，并且最好不要超过80个字符！如：软件开发|网站建设',NULL,NULL,'23','0','1','1'),
('208','30','Title','varchar','页面标题Title','text','0','100%','','textinput','','设置页面标题，留空表示继承上级频道设置！建议在多个关键词之间以竖线\"|\"分隔，并且最好不要超过80个字符！如：软件开发|网站建设','0','','56','0','1','1'),
('209','31','Title','varchar','页面标题Title','text','0','100%',NULL,'textinput',NULL,'设置页面标题，留空表示继承上级频道设置！建议在多个关键词之间以竖线\"|\"分隔，并且最好不要超过80个字符！如：软件开发|网站建设',NULL,NULL,'65','0','1','1'),
('210','32','Title','varchar','页面标题Title','text','1','100%',NULL,'textinput',NULL,'设置页面标题，留空表示继承上级频道设置！建议在多个关键词之间以竖线\"|\"分隔，并且最好不要超过80个字符！如：软件开发|网站建设',NULL,NULL,'58','0','1','1'),
('211','17','TagID','int','自定义标签ID','text','0',NULL,NULL,NULL,NULL,NULL,NULL,NULL,'215','0','0','0'),
('212','17','TagName','varchar','自定义标签名称','text','1','250px',NULL,'textinput',NULL,'名称只能使用英文字母、数字，并且必须以英文字母开头，不能与系统标签同名，否则会覆盖系统标签。在前台通过{$标签名称}调用！',NULL,NULL,'215','1','1','0'),
('213','17','TagDescription','varchar','自定义标签描述','text','2','100%','','textinput',NULL,'',NULL,NULL,'215','0','1','0'),
('214','17','TagContent','varchar','自定义标签内容','editormini','3','100%','315px','textinput',NULL,'',NULL,NULL,'215','0','1','0'),
('215','17',NULL,NULL,'基本信息',NULL,NULL,NULL,NULL,NULL,NULL,NULL,NULL,NULL,'0','0','1','0'),
('216','17','IsEnable','int','是否启用自定义标签','radio','4',NULL,NULL,NULL,'1|启用|1\r\n0|禁用',NULL,NULL,NULL,'215','0','1','0'),
('217','18','LabelID','int','属性标记编号','text','1',NULL,NULL,NULL,NULL,NULL,NULL,NULL,'223','0','0','0'),
('218','18','LabelName','varchar','属性标记名称','text','2','200px',NULL,'textinput',NULL,NULL,NULL,NULL,'223','1','1','0'),
('219','18','ChannelModelID','int','所属频道模型','modelselect','3','',NULL,'',NULL,NULL,NULL,NULL,'223','0','1','0'),
('220','18','LabelOrder','int','属性标记排序','text','4','200px',NULL,'textinput','0','请输入数字，值越小排名越靠前！',NULL,NULL,'223','0','1','0'),
('221','18','IsSystem','int','是否是系统','radio','5',NULL,NULL,NULL,NULL,NULL,NULL,NULL,'223','0','0','0'),
('222','18','IsEnable','int','是否启用','radio','6',NULL,NULL,NULL,'1|启用|1\r\n0|禁用',NULL,NULL,NULL,'223','0','1','0'),
('223','18',NULL,NULL,'基本信息',NULL,NULL,NULL,NULL,NULL,NULL,NULL,NULL,NULL,'0','0','1','0'),
('224','32','ChannelSContent','varchar','简短内容','textarea','2','100%','70px','textinput',NULL,NULL,NULL,NULL,'57','0','1','0'),
('225','1','Html','varchar','静态页面名称','text','1','150px',NULL,'textinput',NULL,'设置频道在前台页面显示的静态文件名称，无需添加扩展名，常常以频道名称拼音命名，<b>留空则取频道名称拼音首字母作为页面名称！</b>如：wangzhanjianshe',NULL,NULL,'23','0','1','0'),
('226','19','ChannelModelID','int','频道模型编号','text','0','200px',NULL,'textinput',NULL,NULL,NULL,NULL,'233','0','0','0'),
('227','19','ChannelModelName','varchar','频道模型名称','text','1','200px',NULL,'textinput',NULL,NULL,NULL,NULL,'233','1','1','0'),
('228','19','ChannelModelOrder','int','频道模型排序','text','2','100px',NULL,'textinput','0','请输入数字，值越小排名越靠前！',NULL,NULL,'233','0','1','0'),
('229','19','ChannelModelTable','varchar','表名','text','3','200px',NULL,'textinput',NULL,NULL,NULL,NULL,'233','0','0','0'),
('230','19','ChannelModelDescription','varchar','频道模型描述','textarea','4','100%','80px','textinput',NULL,NULL,NULL,NULL,'233','0','1','0'),
('231','19','IsSystem','int','是否是系统','radio','5',NULL,NULL,NULL,'1|是\r\n0|否|1',NULL,NULL,NULL,'233','0','0','0'),
('232','19','IsEnable','int','是否是启用','radio','6',NULL,NULL,NULL,'1|启用|1\r\n0|禁用',NULL,NULL,NULL,'233','0','1','0'),
('233','19',NULL,NULL,'基本信息',NULL,'0',NULL,NULL,NULL,NULL,NULL,NULL,NULL,'0','0','1','0'),
('234','20',NULL,NULL,'基本信息',NULL,'0',NULL,NULL,NULL,NULL,NULL,NULL,NULL,'0','0','1','0'),
('235','20','AttributeID','int','属性编号','text','1','200px',NULL,'textinput',NULL,NULL,NULL,NULL,'234','0','0','0'),
('236','20','ChannelModelID','int','所属频道模型','label','2','',NULL,'',NULL,NULL,NULL,NULL,'234','0','1','0'),
('237','20','FieldName','varchar','字段名称','label','4','',NULL,'',NULL,NULL,NULL,NULL,'234','0','1','0'),
('238','20','FieldType','varchar','字段类型','label','5','200px',NULL,'',NULL,NULL,NULL,NULL,'234','0','1','0'),
('239','20','DisplayName','varchar','显示名称','text','6','200px',NULL,'textinput',NULL,NULL,NULL,NULL,'234','0','1','0'),
('240','20','DisplayType','varchar','显示类型','displaytypeselect','7','',NULL,'textinput',NULL,NULL,NULL,NULL,'234','0','1','0'),
('241','20','DisplayOrder','int','排序','text','8','100px',NULL,'textinput','0','请输入数字，值越小排名越靠前！',NULL,NULL,'234','0','1','0'),
('242','20','DisplayWidth','varchar','宽度','text','9','100px',NULL,'textinput',NULL,NULL,NULL,NULL,'234','0','1','0'),
('243','20','DisplayHeight','varchar','高度','text','10','100px',NULL,'textinput',NULL,NULL,NULL,NULL,'234','0','1','0'),
('244','20','DisplayClass','varchar','样式表类','text','11','100px',NULL,'textinput',NULL,NULL,NULL,NULL,'234','0','1','0'),
('245','20','DisplayValue','varchar','默认值','textarea','12','280px','85px','textinput',NULL,'格式：值|文本|是否选中(1:表示选中，不填表示未选中)，每项回车分开！例如：1|启用|1',NULL,NULL,'234','0','1','0'),
('246','20','DisplayHelpText','varchar','帮助文字','text','13','100%',NULL,'textinput',NULL,NULL,NULL,NULL,'234','0','1','0'),
('247','20','IsValidate','int','是否验证','radio','14',NULL,NULL,NULL,'1|启用验证\r\n0|禁用验证|1',NULL,NULL,NULL,'234','0','1','0'),
('248','20','ValidateRule','varchar','验证正则表达式','text','15','300px',NULL,'textinput','',NULL,NULL,NULL,'234','0','1','0'),
('249','20','GroupID','int','所属分组','attributegroupselect','3',NULL,NULL,NULL,NULL,NULL,NULL,NULL,'234','0','1','0'),
('250','20','IsEnable','int','是否启用','radio','17',NULL,NULL,NULL,'1|启用|1\r\n0|禁用',NULL,NULL,NULL,'234','0','1','0'),
('251','20','IsSystem','int','是否是系统','radio','18',NULL,NULL,NULL,'1|系统|1\r\n0|自定义',NULL,NULL,NULL,'234','0','0','0'),
('252','21',NULL,NULL,'基本信息',NULL,'0',NULL,NULL,NULL,NULL,NULL,NULL,NULL,'0','0','1','0'),
('253','21','AttributeID','int','字段分组编号','text','1',NULL,NULL,NULL,NULL,NULL,NULL,NULL,'252','0','0','0'),
('254','21','DisplayName','varchar','字段分组名称','text','2','200px',NULL,'textinput',NULL,NULL,NULL,NULL,'252','1','1','0'),
('255','21','IsEnable','int','是否启用','radio','4',NULL,NULL,NULL,'1|启用|1\r\n0|禁用',NULL,NULL,NULL,'252','0','1','0'),
('256','21','DisplayOrder','int','排序','text','3','80px',NULL,'textinput','0','请输入数字，值越小排名越靠前！',NULL,NULL,'252','0','1','0'),
('257','30','f1','varchar','扩展字段1','text','1','200px',NULL,'textinput',NULL,NULL,NULL,NULL,'262','0','0','0'),
('258','30','f2','varchar','扩展字段2','text','2','200px',NULL,'textinput',NULL,NULL,NULL,NULL,'262','0','0','0'),
('259','30','f3','varchar','扩展字段3','text','3','200px',NULL,'textinput',NULL,NULL,NULL,NULL,'262','0','0','0'),
('260','30','f4','varchar','扩展字段4','text','4','200px',NULL,'textinput',NULL,NULL,NULL,NULL,'262','0','0','0'),
('261','30','f5','varchar','扩展字段5','text','5','200px',NULL,'textinput',NULL,NULL,NULL,NULL,'262','0','0','0'),
('262','30',NULL,NULL,'扩展分组1',NULL,'10',NULL,NULL,NULL,NULL,NULL,NULL,NULL,'0','0','0','0'),
('263','30',NULL,NULL,'扩展分组2',NULL,'10',NULL,NULL,NULL,NULL,NULL,NULL,NULL,'0','0','0','0'),
('264','31','f1','varchar','扩展字段1','text','1','200px','','textinput','','','0','','269','0','0','0'),
('265','31','f2','varchar','扩展字段2','text','2','200px','','textinput','','','0','','269','0','0','0'),
('266','31','f3','varchar','扩展字段3','text','3','200px','','textinput','','','0','','269','0','0','0'),
('267','31','f4','varchar','扩展字段4','text','4','200px','','textinput','','','0','','269','0','0','0'),
('268','31','f5','varchar','扩展字段5','text','5','200px','','textinput','','','0','','269','0','0','0'),
('269','31',NULL,NULL,'扩展分组1',NULL,'10',NULL,NULL,NULL,NULL,NULL,NULL,NULL,'0','0','0','0'),
('270','31',NULL,NULL,'扩展分组2',NULL,'10',NULL,NULL,NULL,NULL,NULL,NULL,NULL,'0','0','0','0'),
('271','34',NULL,NULL,'基本信息',NULL,'0',NULL,NULL,NULL,NULL,NULL,NULL,NULL,'0','0','1','0'),
('272','34',NULL,NULL,'其它信息',NULL,'2',NULL,NULL,NULL,NULL,NULL,NULL,NULL,'0','0','1','0'),
('273','34',NULL,NULL,'搜索引擎优化设置',NULL,'1',NULL,NULL,NULL,NULL,NULL,NULL,NULL,'0','0','1','1'),
('274','34',NULL,NULL,'扩展分组1',NULL,'3',NULL,NULL,NULL,NULL,NULL,NULL,NULL,'0','0','0','0'),
('275','34',NULL,NULL,'扩展分组2',NULL,'4',NULL,NULL,NULL,NULL,NULL,NULL,NULL,'0','0','0','0'),
('276','34','ChannelID','int','所属频道','channelselect','0',NULL,NULL,NULL,NULL,NULL,NULL,NULL,'271','0','1','1'),
('277','34','SpecialID','varchar(512)','所属专题','specialselect','2','','','','','','0','','271','0','1','1'),
('278','34','InfoTitle','varchar','视频标题','text','3','50%','','textinput','','','0','','271','1','1','1'),
('279','34','InfoSContent','text','视频代码','textarea','7','100%','70px','','','','0','','271','0','1','0'),
('280','34','InfoContent','text','详细内容','editor','8','100%','400px','','','','0','','271','0','1','0'),
('281','34','HasPicture','int','是否启用代表图片','radio','50','',NULL,NULL,'1|启用\r\n0|禁用|1',NULL,NULL,NULL,'272','0','0','0'),
('282','34','InfoPicture','varchar(255)','缩略图','image','6','100%','','textinput','','','0','','271','0','1','0'),
('283','34','ReadLevel','varchar(255)','阅读权限','membergroupcheckbox','8',NULL,NULL,'textinput',NULL,'不勾选则继承所属频道的阅读权限！启用Html静态缓存后无效',NULL,NULL,'272','0','1','1'),
('284','34','InfoAttachment','varchar(255)','附件','attachment','1','50%','','textinput','','','0','','272','0','0','0'),
('285','34','HasAttachment','int','是否启用附件','radio','50',NULL,NULL,NULL,'1|启用\r\n0|禁用|1',NULL,NULL,NULL,'272','0','0','0'),
('286','34','IsLinkUrl','int','是否是转向链接','radio','50',NULL,NULL,NULL,'1|是\r\n0|否|1',NULL,NULL,NULL,'272','0','0','1'),
('287','34','LinkUrl','varchar(255)','转向链接','text','2','270px','','textinput','','请输入转向链接地址！如：http://www.baidu.com','0','','272','0','1','0'),
('288','34','Title','varchar(255)','页面标题Title','text','0','100%','','textinput','','设置页面标题，留空表示继承上级频道设置！建议在多个关键词之间以竖线\"|\"分隔，并且最好不要超过80个字符！如：软件开发|网站建设','0','','273','0','1','1'),
('289','34','Keywords','varchar(255)','页面关键词Keywords','text','1','100%',NULL,'textinput',NULL,'设置页面关键词，留空表示继承上级频道设置！建议在多个关键词之间以英文逗号\",\"分隔，并且最好不要超过100个字符！如：软件开发,网站建设',NULL,NULL,'273','0','1','1'),
('290','34','Description','varchar(512)','页面描述Description','textarea','2','100%',NULL,NULL,NULL,'设置页面描述，留空表示继承上级频道设置！建议不要超过200个字符！',NULL,NULL,'273','0','1','1'),
('291','34','InfoOrder','int','排序','text','3',NULL,NULL,'textinput','0','请输入数字，值越小排名越靠前！',NULL,NULL,'272','0','1','1'),
('292','34','InfoTime','datetime','时间','datetime','7','',NULL,'textinput',NULL,NULL,NULL,NULL,'272','0','1','1'),
('293','34','InfoAuthor','varchar(50)','作者','text','6','270px',NULL,'textinput',NULL,NULL,NULL,NULL,'272','0','0','0'),
('294','34','InfoHit','int','点击次数','text','5','',NULL,'textinput','0',NULL,NULL,NULL,'272','0','1','1'),
('295','34','InfoFrom','varchar(50)','来源','text','4','','','textinput','','','0','','272','0','1','0'),
('296','34','IsEnable','int','是否启用','radio','23',NULL,NULL,NULL,'1|启用|1\r\n0|禁用',NULL,NULL,NULL,'272','0','1','1'),
('297','34','LabelID','varchar(512)','属性','labelcheckbox','9','','','','','','0','','272','0','1','1'),
('298','34','f1','varchar(255)','扩展字段1','text','1','200px',NULL,'textinput',NULL,NULL,NULL,NULL,'274','0','0','0'),
('299','34','f2','varchar(255)','扩展字段2','text','2','200px',NULL,'textinput',NULL,NULL,NULL,NULL,'274','0','0','0'),
('300','34','f3','varchar(255)','扩展字段3','text','3','200px',NULL,'textinput',NULL,NULL,NULL,NULL,'274','0','0','0'),
('301','34','f4','varchar(255)','扩展字段4','text','4','200px',NULL,'textinput',NULL,NULL,NULL,NULL,'275','0','0','0'),
('302','34','f5','varchar(255)','扩展字段5','text','5','200px',NULL,'textinput',NULL,NULL,NULL,NULL,'275','0','0','0'),
('303','35',NULL,NULL,'基本信息',NULL,'0',NULL,NULL,NULL,NULL,NULL,NULL,NULL,'0','0','1','0'),
('304','35',NULL,NULL,'其它信息',NULL,'2',NULL,NULL,NULL,NULL,NULL,NULL,NULL,'0','0','1','0'),
('305','35',NULL,NULL,'搜索引擎优化设置',NULL,'1',NULL,NULL,NULL,NULL,NULL,NULL,NULL,'0','0','1','1'),
('306','35',NULL,NULL,'扩展分组1',NULL,'3',NULL,NULL,NULL,NULL,NULL,NULL,NULL,'0','0','0','0'),
('307','35',NULL,NULL,'扩展分组2',NULL,'4',NULL,NULL,NULL,NULL,NULL,NULL,NULL,'0','0','0','0'),
('308','35','ChannelID','int','所属频道','channelselect','0',NULL,NULL,NULL,NULL,NULL,NULL,NULL,'303','0','1','1'),
('309','35','SpecialID','varchar(512)','所属专题','specialselect','1','','','','','','0','','303','0','1','1'),
('310','35','InfoTitle','varchar','下载标题','text','2','50%','','textinput','','','0','','303','1','1','1'),
('311','35','InfoSContent','text','简短内容','textarea','7','100%','70px','','','','0','','303','0','0','0'),
('312','35','InfoContent','text','详细内容','editor','8','100%','400px','','','','0','','303','0','1','0'),
('313','35','HasPicture','int','是否启用代表图片','radio','50','',NULL,NULL,'1|启用\r\n0|禁用|1',NULL,NULL,NULL,'304','0','0','0'),
('314','35','InfoPicture','varchar(255)','缩略图','image','4','100%','','textinput','','','0','','303','0','1','0'),
('315','35','ReadLevel','varchar(255)','阅读权限','membergroupcheckbox','6','','','textinput','','不勾选则继承所属频道的阅读权限！启用Html静态缓存后无效','0','','304','0','1','1'),
('316','35','InfoAttachment','varchar(255)','附件','attachment','3','50%','','textinput','','','0','','303','0','1','0'),
('317','35','HasAttachment','int','是否启用附件','radio','50',NULL,NULL,NULL,'1|启用\r\n0|禁用|1',NULL,NULL,NULL,'304','0','0','0'),
('318','35','IsLinkUrl','int','是否是转向链接','radio','12','','','','1|是\n0|否|1','','0','','303','0','0','1'),
('319','35','LinkUrl','varchar(255)','转向链接','text','1','270px','','textinput','','请输入转向链接地址！如：http://www.baidu.com','0','','304','0','1','0'),
('320','35','Title','varchar(255)','页面标题Title','text','0','100%','','textinput','','设置页面标题，留空表示继承上级频道设置！建议在多个关键词之间以竖线\"|\"分隔，并且最好不要超过80个字符！如：软件开发|网站建设','0','','305','0','1','1'),
('321','35','Keywords','varchar(255)','页面关键词Keywords','text','1','100%',NULL,'textinput',NULL,'设置页面关键词，留空表示继承上级频道设置！建议在多个关键词之间以英文逗号\",\"分隔，并且最好不要超过100个字符！如：软件开发,网站建设',NULL,NULL,'305','0','1','1'),
('322','35','Description','varchar(512)','页面描述Description','textarea','2','100%',NULL,NULL,NULL,'设置页面描述，留空表示继承上级频道设置！建议不要超过200个字符！',NULL,NULL,'305','0','1','1'),
('323','35','InfoOrder','int','排序','text','2','','','textinput','0','请输入数字，值越小排名越靠前！','0','','304','0','1','1'),
('324','35','InfoTime','datetime','时间','datetime','5','','','textinput','','','0','','304','0','1','1'),
('325','35','InfoAuthor','varchar(50)','作者','text','3','270px','','textinput','','','0','','304','0','1','0'),
('326','35','InfoHit','int','点击次数','text','4','','','textinput','0','','0','','304','0','1','1'),
('327','35','InfoFrom','varchar(50)','来源','text','3','','','textinput','','','0','','304','0','1','0'),
('328','35','IsEnable','int','是否启用','radio','23','','','','1|启用|1\r\n0|禁用','','0','','304','0','1','1'),
('329','35','LabelID','varchar(512)','属性','labelcheckbox','7','','','','','','0','','304','0','1','1'),
('330','35','f1','varchar(255)','扩展字段1','text','1','200px',NULL,'textinput',NULL,NULL,NULL,NULL,'306','0','0','0'),
('331','35','f2','varchar(255)','扩展字段2','text','2','200px',NULL,'textinput',NULL,NULL,NULL,NULL,'306','0','0','0'),
('332','35','f3','varchar(255)','扩展字段3','text','3','200px',NULL,'textinput',NULL,NULL,NULL,NULL,'306','0','0','0'),
('333','35','f4','varchar(255)','扩展字段4','text','4','200px',NULL,'textinput',NULL,NULL,NULL,NULL,'307','0','0','0'),
('334','35','f5','varchar(255)','扩展字段5','text','5','200px',NULL,'textinput',NULL,NULL,NULL,NULL,'307','0','0','0'),
('335','36',NULL,NULL,'基本信息',NULL,'0',NULL,NULL,NULL,NULL,NULL,NULL,NULL,'0','0','1','0'),
('336','36',NULL,NULL,'其它信息',NULL,'2',NULL,NULL,NULL,NULL,NULL,NULL,NULL,'0','0','1','0'),
('337','36',NULL,NULL,'搜索引擎优化设置',NULL,'1',NULL,NULL,NULL,NULL,NULL,NULL,NULL,'0','0','1','1'),
('338','36',NULL,NULL,'扩展分组1',NULL,'3',NULL,NULL,NULL,NULL,NULL,NULL,NULL,'0','0','0','0'),
('339','36',NULL,NULL,'扩展分组2',NULL,'4',NULL,NULL,NULL,NULL,NULL,NULL,NULL,'0','0','0','0'),
('340','36','ChannelID','int','所属频道','channelselect','0',NULL,NULL,NULL,NULL,NULL,NULL,NULL,'335','0','1','1'),
('341','36','SpecialID','varchar(512)','所属专题','specialselect','3',NULL,NULL,NULL,NULL,NULL,NULL,NULL,'336','0','0','1'),
('342','36','InfoTitle','varchar','标题','text','1','50%',NULL,'textinput',NULL,NULL,NULL,NULL,'335','1','1','1'),
('343','36','InfoSContent','text','简短内容','textarea','7','100%','70px','','','','0','','336','0','0','0'),
('344','36','InfoContent','text','产品详情','editor','8','100%','400px','','','','0','','335','0','1','0'),
('345','36','HasPicture','int','是否启用代表图片','radio','50','',NULL,NULL,'1|启用\r\n0|禁用|1',NULL,NULL,NULL,'336','0','0','0'),
('346','36','InfoPicture','varchar(255)','缩略图','image','6','100%','','textinput','','','0','','335','0','1','0'),
('347','36','ReadLevel','varchar(255)','阅读权限','membergroupcheckbox','7','','','textinput','','不勾选则继承所属频道的阅读权限！启用Html静态缓存后无效','0','','336','0','1','1'),
('348','36','InfoAttachment','varchar(255)','附件','attachment','1','50%','','textinput','','启用附件后有效！','0','','336','0','1','0'),
('349','36','HasAttachment','int','是否启用附件','radio','50',NULL,NULL,NULL,'1|启用\r\n0|禁用|1',NULL,NULL,NULL,'336','0','0','0'),
('350','36','IsLinkUrl','int','是否是转向链接','radio','50',NULL,NULL,NULL,'1|是\r\n0|否|1',NULL,NULL,NULL,'336','0','0','1'),
('351','36','LinkUrl','varchar(255)','转向链接','text','2','270px','','textinput','','请输入转向链接地址！如：http://www.baidu.com','0','','336','0','1','0'),
('352','36','Title','varchar(255)','页面标题Title','text','0','100%','','textinput','','设置页面标题，留空表示继承上级频道设置！建议在多个关键词之间以竖线\"|\"分隔，并且最好不要超过80个字符！如：软件开发|网站建设','0','','337','0','1','1'),
('353','36','Keywords','varchar(255)','页面关键词Keywords','text','1','100%',NULL,'textinput',NULL,'设置页面关键词，留空表示继承上级频道设置！建议在多个关键词之间以英文逗号\",\"分隔，并且最好不要超过100个字符！如：软件开发,网站建设',NULL,NULL,'337','0','1','1'),
('354','36','Description','varchar(512)','页面描述Description','textarea','2','100%',NULL,NULL,NULL,'设置页面描述，留空表示继承上级频道设置！建议不要超过200个字符！',NULL,NULL,'337','0','1','1'),
('355','36','InfoOrder','int','排序','text','3',NULL,NULL,'textinput','0','请输入数字，值越小排名越靠前！',NULL,NULL,'336','0','1','1'),
('356','36','InfoTime','datetime','时间','datetime','6','',NULL,'textinput',NULL,NULL,NULL,NULL,'336','0','1','1'),
('357','36','InfoAuthor','varchar(50)','作者','text','18','270px',NULL,'textinput',NULL,NULL,NULL,NULL,'336','0','0','0'),
('358','36','InfoHit','int','点击次数','text','5','270px',NULL,'textinput','0',NULL,NULL,NULL,'336','0','1','1'),
('359','36','InfoFrom','varchar(50)','来源','text','4',NULL,NULL,'textinput',NULL,NULL,NULL,NULL,'336','0','0','0'),
('360','36','IsEnable','int','是否启用','radio','21',NULL,NULL,NULL,'1|启用|1\r\n0|禁用',NULL,NULL,NULL,'336','0','1','1'),
('361','36','LabelID','varchar(512)','属性','labelcheckbox','8','','','','','','0','','336','0','1','1'),
('362','36','f1','varchar(255)','价格','text','2','200px','','textinput','','','0','','335','0','1','0'),
('363','36','f2','varchar(255)','编号','text','2','200px','','textinput','','','0','','335','0','1','0'),
('364','36','f3','varchar(255)','扩展字段3','text','3','200px',NULL,'textinput',NULL,NULL,NULL,NULL,'338','0','0','0'),
('365','36','f4','varchar(255)','扩展字段4','text','4','200px',NULL,'textinput',NULL,NULL,NULL,NULL,'339','0','0','0'),
('366','36','f5','varchar(255)','扩展字段5','text','5','200px',NULL,'textinput',NULL,NULL,NULL,NULL,'339','0','0','0'),
('367','37',NULL,NULL,'基本信息',NULL,'0',NULL,NULL,NULL,NULL,NULL,NULL,NULL,'0','0','1','0'),
('368','37',NULL,NULL,'其它信息',NULL,'2',NULL,NULL,NULL,NULL,NULL,NULL,NULL,'0','0','0','0'),
('369','37',NULL,NULL,'搜索引擎优化设置',NULL,'1',NULL,NULL,NULL,NULL,NULL,NULL,NULL,'0','0','0','1'),
('370','37',NULL,NULL,'扩展分组1',NULL,'3',NULL,NULL,NULL,NULL,NULL,NULL,NULL,'0','0','0','0'),
('371','37',NULL,NULL,'扩展分组2',NULL,'4',NULL,NULL,NULL,NULL,NULL,NULL,NULL,'0','0','0','0'),
('372','37','ChannelID','int','所属频道','channelselect','0','','','','','','0','','368','0','1','1'),
('373','37','SpecialID','varchar(512)','所属专题','specialselect','3',NULL,NULL,NULL,NULL,NULL,NULL,NULL,'368','0','0','1'),
('374','37','InfoTitle','varchar','标题','text','1','50%',NULL,'textinput',NULL,NULL,NULL,NULL,'367','1','1','1'),
('375','37','InfoSContent','text','内容','textarea','7','100%','70px','','','','0','','367','0','1','0'),
('376','37','InfoContent','text','详细内容','editor','8','100%','400px','','','','0','','368','0','0','0'),
('377','37','HasPicture','int','是否启用代表图片','radio','5','',NULL,NULL,'1|启用\r\n0|禁用|1',NULL,NULL,NULL,'368','0','0','0'),
('378','37','InfoPicture','varchar(255)','缩略图','image','6','100%',NULL,'textinput',NULL,NULL,NULL,NULL,'368','0','0','0'),
('379','37','ReadLevel','varchar(255)','阅读权限','membergroupcheckbox','9',NULL,NULL,'textinput',NULL,'不勾选则继承所属频道的阅读权限！启用Html静态缓存后无效',NULL,NULL,'368','0','1','1'),
('380','37','InfoAttachment','varchar(255)','附件','attachment','11','50%',NULL,'textinput',NULL,'启用附件后有效！',NULL,NULL,'368','0','0','0'),
('381','37','HasAttachment','int','是否启用附件','radio','10',NULL,NULL,NULL,'1|启用\r\n0|禁用|1',NULL,NULL,NULL,'368','0','0','0'),
('382','37','IsLinkUrl','int','是否是转向链接','radio','12',NULL,NULL,NULL,'1|是\r\n0|否|1',NULL,NULL,NULL,'368','0','0','1'),
('383','37','LinkUrl','varchar(255)','转向链接','text','13','270px',NULL,'textinput',NULL,'请输入转向链接地址！如：http://www.baidu.com',NULL,NULL,'368','0','0','0'),
('384','37','Title','varchar(255)','页面标题Title','text','0','100%','','textinput','','设置页面标题，留空表示继承上级频道设置！建议在多个关键词之间以竖线\"|\"分隔，并且最好不要超过80个字符！如：软件开发|网站建设','0','','369','0','1','1'),
('385','37','Keywords','varchar(255)','页面关键词Keywords','text','1','100%',NULL,'textinput',NULL,'设置页面关键词，留空表示继承上级频道设置！建议在多个关键词之间以英文逗号\",\"分隔，并且最好不要超过100个字符！如：软件开发,网站建设',NULL,NULL,'369','0','1','1'),
('386','37','Description','varchar(512)','页面描述Description','textarea','2','100%',NULL,NULL,NULL,'设置页面描述，留空表示继承上级频道设置！建议不要超过200个字符！',NULL,NULL,'369','0','1','1'),
('387','37','InfoOrder','int','排序','text','16','','','textinput','0','请输入数字，值越小排名越靠前！','0','','368','0','1','1'),
('388','37','InfoTime','datetime','时间','datetime','17','','','textinput','','','0','','368','0','1','1'),
('389','37','InfoAuthor','varchar(50)','作者','text','18','270px',NULL,'textinput',NULL,NULL,NULL,NULL,'368','0','0','0'),
('390','37','InfoHit','int','点击次数','text','19','270px','','textinput','0','','0','','368','0','1','1'),
('391','37','InfoFrom','varchar(50)','来源','text','20',NULL,NULL,'textinput',NULL,NULL,NULL,NULL,'368','0','0','0'),
('392','37','IsEnable','int','是否启用','radio','21','','','','1|启用|1\r\n0|禁用','','0','','368','0','1','1'),
('393','37','LabelID','varchar(512)','属性','labelcheckbox','21',NULL,NULL,NULL,NULL,NULL,NULL,NULL,'368','0','0','1'),
('394','37','f1','varchar(255)','扩展字段1','text','1','200px',NULL,'textinput',NULL,NULL,NULL,NULL,'370','0','0','0'),
('395','37','f2','varchar(255)','扩展字段2','text','2','200px',NULL,'textinput',NULL,NULL,NULL,NULL,'370','0','0','0'),
('396','37','f3','varchar(255)','扩展字段3','text','3','200px',NULL,'textinput',NULL,NULL,NULL,NULL,'370','0','0','0'),
('397','37','f4','varchar(255)','扩展字段4','text','4','200px',NULL,'textinput',NULL,NULL,NULL,NULL,'371','0','0','0'),
('398','37','f5','varchar(255)','扩展字段5','text','5','200px',NULL,'textinput',NULL,NULL,NULL,NULL,'371','0','0','0'),
('399','38',NULL,NULL,'基本信息',NULL,'0',NULL,NULL,NULL,NULL,NULL,NULL,NULL,'0','0','1','0'),
('400','38',NULL,NULL,'其它信息',NULL,'2',NULL,NULL,NULL,NULL,NULL,NULL,NULL,'0','0','0','0'),
('401','38',NULL,NULL,'搜索引擎优化设置',NULL,'1',NULL,NULL,NULL,NULL,NULL,NULL,NULL,'0','0','1','1'),
('402','38',NULL,NULL,'扩展分组1',NULL,'3',NULL,NULL,NULL,NULL,NULL,NULL,NULL,'0','0','0','0'),
('403','38',NULL,NULL,'扩展分组2',NULL,'4',NULL,NULL,NULL,NULL,NULL,NULL,NULL,'0','0','0','0'),
('404','38','ChannelID','int','所属频道','channelselect','0',NULL,NULL,NULL,NULL,NULL,NULL,NULL,'399','0','1','1'),
('405','38','SpecialID','varchar(512)','所属专题','specialselect','3',NULL,NULL,NULL,NULL,NULL,NULL,NULL,'400','0','0','1'),
('406','38','InfoTitle','varchar','标题','text','1','50%',NULL,'textinput',NULL,NULL,NULL,NULL,'399','1','1','1'),
('407','38','InfoSContent','text','简短内容','textarea','7','100%','70px',NULL,NULL,NULL,NULL,NULL,'400','0','0','0'),
('408','38','InfoContent','text','详细内容','editor','8','100%','400px',NULL,NULL,NULL,NULL,NULL,'400','0','0','0'),
('409','38','HasPicture','int','是否启用代表图片','radio','5','',NULL,NULL,'1|启用\r\n0|禁用|1',NULL,NULL,NULL,'400','0','0','0'),
('410','38','InfoPicture','varchar(255)','缩略图','image','6','100%',NULL,'textinput',NULL,NULL,NULL,NULL,'400','0','0','0'),
('411','38','ReadLevel','varchar(255)','阅读权限','membergroupcheckbox','9',NULL,NULL,'textinput',NULL,'不勾选则继承所属频道的阅读权限！启用Html静态缓存后无效',NULL,NULL,'400','0','1','1'),
('412','38','InfoAttachment','varchar(255)','附件','attachment','11','50%',NULL,'textinput',NULL,'启用附件后有效！',NULL,NULL,'400','0','0','0'),
('413','38','HasAttachment','int','是否启用附件','radio','10',NULL,NULL,NULL,'1|启用\r\n0|禁用|1',NULL,NULL,NULL,'400','0','0','0'),
('414','38','IsLinkUrl','int','是否是转向链接','radio','12',NULL,NULL,NULL,'1|是\r\n0|否|1',NULL,NULL,NULL,'400','0','0','1'),
('415','38','LinkUrl','varchar(255)','转向链接','text','13','270px',NULL,'textinput',NULL,'请输入转向链接地址！如：http://www.baidu.com',NULL,NULL,'400','0','0','0'),
('416','38','Title','varchar(255)','页面标题Title','text','0','100%','','textinput','','设置页面标题，留空表示继承上级频道设置！建议在多个关键词之间以竖线\"|\"分隔，并且最好不要超过80个字符！如：软件开发|网站建设','0','','401','0','1','1'),
('417','38','Keywords','varchar(255)','页面关键词Keywords','text','1','100%',NULL,'textinput',NULL,'设置页面关键词，留空表示继承上级频道设置！建议在多个关键词之间以英文逗号\",\"分隔，并且最好不要超过100个字符！如：软件开发,网站建设',NULL,NULL,'401','0','1','1'),
('418','38','Description','varchar(512)','页面描述Description','textarea','2','100%',NULL,NULL,NULL,'设置页面描述，留空表示继承上级频道设置！建议不要超过200个字符！',NULL,NULL,'401','0','1','1'),
('419','38','InfoOrder','int','排序','text','16',NULL,NULL,'textinput','0','请输入数字，值越小排名越靠前！',NULL,NULL,'399','0','1','1'),
('420','38','InfoTime','datetime','时间','datetime','17','',NULL,'textinput',NULL,NULL,NULL,NULL,'399','0','1','1'),
('421','38','InfoAuthor','varchar(50)','作者','text','18','270px',NULL,'textinput',NULL,NULL,NULL,NULL,'400','0','0','0'),
('422','38','InfoHit','int','点击次数','text','19','270px',NULL,'textinput','0',NULL,NULL,NULL,'399','0','1','1'),
('423','38','InfoFrom','varchar(50)','来源','text','20',NULL,NULL,'textinput',NULL,NULL,NULL,NULL,'400','0','0','0'),
('424','38','IsEnable','int','是否启用','radio','21',NULL,NULL,NULL,'1|启用|1\r\n0|禁用',NULL,NULL,NULL,'399','0','1','1'),
('425','38','LabelID','varchar(512)','属性','labelcheckbox','21',NULL,NULL,NULL,NULL,NULL,NULL,NULL,'400','0','0','1'),
('426','38','f1','varchar(255)','扩展字段1','text','1','200px',NULL,'textinput',NULL,NULL,NULL,NULL,'402','0','0','0'),
('427','38','f2','varchar(255)','扩展字段2','text','2','200px',NULL,'textinput',NULL,NULL,NULL,NULL,'402','0','0','0'),
('428','38','f3','varchar(255)','扩展字段3','text','3','200px',NULL,'textinput',NULL,NULL,NULL,NULL,'402','0','0','0'),
('429','38','f4','varchar(255)','扩展字段4','text','4','200px',NULL,'textinput',NULL,NULL,NULL,NULL,'403','0','0','0'),
('430','38','f5','varchar(255)','扩展字段5','text','5','200px',NULL,'textinput',NULL,NULL,NULL,NULL,'403','0','0','0'),
('431','39',NULL,NULL,'基本信息',NULL,'0',NULL,NULL,NULL,NULL,NULL,NULL,NULL,'0','0','1','0'),
('432','39',NULL,NULL,'其它信息',NULL,'2',NULL,NULL,NULL,NULL,NULL,NULL,NULL,'0','0','0','0'),
('433','39',NULL,NULL,'搜索引擎优化设置',NULL,'1',NULL,NULL,NULL,NULL,NULL,NULL,NULL,'0','0','1','1'),
('434','39',NULL,NULL,'扩展分组1',NULL,'3',NULL,NULL,NULL,NULL,NULL,NULL,NULL,'0','0','0','0'),
('435','39',NULL,NULL,'扩展分组2',NULL,'4',NULL,NULL,NULL,NULL,NULL,NULL,NULL,'0','0','0','0'),
('436','39','ChannelID','int','所属频道','channelselect','0',NULL,NULL,NULL,NULL,NULL,NULL,NULL,'431','0','1','1'),
('437','39','SpecialID','varchar(512)','所属专题','specialselect','3',NULL,NULL,NULL,NULL,NULL,NULL,NULL,'432','0','0','1'),
('438','39','InfoTitle','varchar','标题','text','1','50%',NULL,'textinput',NULL,NULL,NULL,NULL,'431','1','1','1'),
('439','39','InfoSContent','text','简短内容','textarea','7','100%','70px',NULL,NULL,NULL,NULL,NULL,'432','0','0','0'),
('440','39','InfoContent','text','详细内容','editor','8','100%','400px',NULL,NULL,NULL,NULL,NULL,'432','0','0','0'),
('441','39','HasPicture','int','是否启用代表图片','radio','5','',NULL,NULL,'1|启用\r\n0|禁用|1',NULL,NULL,NULL,'432','0','0','0'),
('442','39','InfoPicture','varchar(255)','缩略图','image','6','100%',NULL,'textinput',NULL,NULL,NULL,NULL,'432','0','0','0'),
('443','39','ReadLevel','varchar(255)','阅读权限','membergroupcheckbox','9',NULL,NULL,'textinput',NULL,'不勾选继承所属频道的阅读权限！启用Html静态缓存后无效',NULL,NULL,'432','0','1','1'),
('444','39','InfoAttachment','varchar(255)','附件','attachment','11','50%',NULL,'textinput',NULL,'启用附件后有效！',NULL,NULL,'432','0','0','0'),
('445','39','HasAttachment','int','是否启用附件','radio','10',NULL,NULL,NULL,'1|启用\r\n0|禁用|1',NULL,NULL,NULL,'432','0','0','0'),
('446','39','IsLinkUrl','int','是否是转向链接','radio','12',NULL,NULL,NULL,'1|是\r\n0|否|1',NULL,NULL,NULL,'432','0','0','1'),
('447','39','LinkUrl','varchar(255)','转向链接','text','13','270px',NULL,'textinput',NULL,'请输入转向链接地址！如：http://www.baidu.com',NULL,NULL,'432','0','0','0'),
('448','39','Title','varchar(255)','页面标题Title','text','0','100%','','textinput','','设置页面标题，留空表示继承上级频道设置！建议在多个关键词之间以竖线\"|\"分隔，并且最好不要超过80个字符！如：软件开发|网站建设','0','','433','0','1','1'),
('449','39','Keywords','varchar(255)','页面关键词Keywords','text','1','100%',NULL,'textinput',NULL,'设置页面关键词，留空表示继承上级频道设置！建议在多个关键词之间以英文逗号\",\"分隔，并且最好不要超过100个字符！如：软件开发,网站建设',NULL,NULL,'433','0','1','1'),
('450','39','Description','varchar(512)','页面描述Description','textarea','2','100%',NULL,NULL,NULL,'设置页面描述，留空表示继承上级频道设置！建议不要超过200个字符！',NULL,NULL,'433','0','1','1'),
('451','39','InfoOrder','int','排序','text','16',NULL,NULL,'textinput','0','请输入数字，值越小排名越靠前！',NULL,NULL,'431','0','1','1'),
('452','39','InfoTime','datetime','时间','datetime','17','',NULL,'textinput',NULL,NULL,NULL,NULL,'431','0','1','1'),
('453','39','InfoAuthor','varchar(50)','作者','text','18','270px',NULL,'textinput',NULL,NULL,NULL,NULL,'432','0','0','0'),
('454','39','InfoHit','int','点击次数','text','19','270px',NULL,'textinput','0',NULL,NULL,NULL,'431','0','1','1'),
('455','39','InfoFrom','varchar(50)','来源','text','20',NULL,NULL,'textinput',NULL,NULL,NULL,NULL,'432','0','0','0'),
('456','39','IsEnable','int','是否启用','radio','21',NULL,NULL,NULL,'1|启用|1\r\n0|禁用',NULL,NULL,NULL,'431','0','1','1'),
('457','39','LabelID','varchar(512)','属性','labelcheckbox','21',NULL,NULL,NULL,NULL,NULL,NULL,NULL,'432','0','0','1'),
('458','39','f1','text','扩展字段1','text','1','200px',NULL,'textinput',NULL,NULL,NULL,NULL,'434','0','0','0'),
('459','39','f2','text','扩展字段2','text','2','200px',NULL,'textinput',NULL,NULL,NULL,NULL,'434','0','0','0'),
('460','39','f3','text','扩展字段3','text','3','200px',NULL,'textinput',NULL,NULL,NULL,NULL,'434','0','0','0'),
('461','39','f4','text','扩展字段4','text','4','200px',NULL,'textinput',NULL,NULL,NULL,NULL,'435','0','0','0'),
('462','39','f5','text','扩展字段5','text','5','200px',NULL,'textinput',NULL,NULL,NULL,NULL,'435','0','0','0'),
('463','30','IsCheck','int','是否审核','radio','22',NULL,NULL,NULL,'1|已审核|1\r\n0|未审核',NULL,NULL,NULL,'55','0','1','1'),
('464','31','IsCheck','int','是否审核','radio','28',NULL,NULL,NULL,'1|已审核|1\r\n0|未审核',NULL,NULL,NULL,'66','0','1','1'),
('465','38','IsCheck','int','是否审核','radio','20',NULL,NULL,NULL,'1|已审核|1\r\n0|未审核',NULL,NULL,NULL,'399','0','1','1'),
('466','39','IsCheck','int','是否审核','radio','20',NULL,NULL,NULL,'1|已审核|1\r\n0|未审核',NULL,NULL,NULL,'431','0','1','1'),
('467','34','IsCheck','int','是否审核','radio','22','','','','1|已审核|1\r\n0|未审核','','0','','272','0','1','1'),
('468','35','IsCheck','int','是否审核','radio','22','','','','1|已审核|1\r\n0|未审核','','0','','304','0','1','1'),
('469','36','IsCheck','int','是否审核','radio','20','','','','1|已审核|1\r\n0|未审核','','0','','336','0','1','1'),
('470','37','IsCheck','int','是否审核','radio','20','','','','1|已审核|1\r\n0|未审核','','0','','368','0','1','1'),
('471','22','BannerGroupID','int','幻灯分组编号','text','1','200px',NULL,'textinput',NULL,NULL,NULL,NULL,'474','0','0','0'),
('472','22','BannerGroupName','varchar(50)','幻灯分组名称','text','2','200px',NULL,'textinput',NULL,NULL,NULL,NULL,'474','1','1','0'),
('473','22','IsSystem','int','是否是系统','radio','4',NULL,NULL,NULL,'1|是\r\n0|否|1',NULL,NULL,NULL,'474','0','0','0'),
('474','22','BannerGroupID','int','基本信息',NULL,'0',NULL,NULL,NULL,NULL,NULL,NULL,NULL,'0','0','1','0'),
('475','3','BannerGroupID','int','所属幻灯分组','bannergroupselect','3',NULL,NULL,'textinput',NULL,NULL,NULL,NULL,'101','0','1','0'),
('476','22','BannerGroupOrder','int','幻灯分组排序','text','3','200px',NULL,'textinput','0','请输入数字，值越小排名越靠前！',NULL,NULL,'474','0','1','0'),
('477','1','ReadLevel','varchar(255)','阅读权限','membergroupcheckbox','15','','','textinput','','不勾选则继承父级频道的阅读权限！若父级频道未设置，则游客也可以访问！启用Html静态缓存后无效','0','','22','0','1','1'),
('478','13','f1','text','扩展字段1','text','25','200px','','textinput','','','0','','483','0','0','0'),
('479','13','f2','text','扩展字段2','text','26','200px','','textinput','','','0','','483','0','0','0'),
('480','13','f3','text','扩展字段3','text','27','200px','','textinput','','','0','','483','0','0','0'),
('481','13','f4','text','扩展字段4','text','28','200px','','textinput','','','0','','483','0','0','0'),
('482','13','f5','text','扩展字段5','text','29','200px','','textinput','','','0','','483','0','0','0'),
('483','13',NULL,NULL,'其它信息',NULL,'1',NULL,NULL,NULL,NULL,NULL,NULL,NULL,'0','0','0','0'),
('484','32','ReadLevel','varchar(255)','阅读权限','membergroupcheckbox','9',NULL,NULL,'textinput',NULL,'不勾选则继承父级频道的阅读权限！若父级频道未设置，则游客也可以访问！启用Html静态缓存后无效',NULL,NULL,'57','0','1','1'),
('485','20','IsRequire','int','是否是必填字段','radio','16',NULL,NULL,NULL,'1|是\r\n0|否|1',NULL,NULL,NULL,'234','0','1','0'),
('486','1','IsHtml','int','是否启用Html静态缓存','radio','19',NULL,NULL,NULL,'1|启用|1\r\n0|禁用','启用后，将生成频道Html静态缓存',NULL,NULL,'22','0','1','0'),
('487','30','IsHtml','int','是否启用Html静态缓存','radio','24',NULL,NULL,NULL,'1|启用|1\r\n0|禁用','启用后，将生成信息Html静态缓存',NULL,NULL,'55','0','1','0'),
('488','31','IsHtml','int','是否启用Html静态缓存','radio','30','','','','1|启用|1\r\n0|禁用','启用后，将生成信息Html静态缓存','0','','66','0','1','0'),
('489','34','IsHtml','int','是否启用Html静态缓存','radio','24','','','','1|启用|1\r\n0|禁用','启用后，将生成信息Html静态缓存','0','','272','0','1','0'),
('490','35','IsHtml','int','是否启用Html静态缓存','radio','24','','','','1|启用|1\r\n0|禁用','启用后，将生成信息Html静态缓存','0','','304','0','1','0'),
('491','36','IsHtml','int','是否启用Html静态缓存','radio','22','','','','1|启用|1\r\n0|禁用','启用后，将生成信息Html静态缓存','0','','336','0','1','0'),
('492','37','IsHtml','int','是否启用Html静态缓存','radio','22','','','','1|启用|1\r\n0|禁用','启用后，将生成信息Html静态缓存','0','','368','0','1','0'),
('493','38','IsHtml','int','是否启用Html静态缓存','radio','22',NULL,NULL,NULL,'1|启用|1\r\n0|禁用','启用后，将生成信息Html静态缓存',NULL,NULL,'399','0','1','0'),
('494','39','IsHtml','int','是否启用Html静态缓存','radio','22',NULL,NULL,NULL,'1|启用|1\r\n0|禁用','启用后，将生成信息Html静态缓存',NULL,NULL,'431','0','1','0'),
('495','30','Html','varchar','静态页面名称','text','0','150px',NULL,'textinput',NULL,'设置信息在前台页面显示的静态文件名称，无需添加扩展名，<b>留空则取当前信息ID作为静态页面名称！</b>如：hotnews',NULL,NULL,'56','0','1','0'),
('496','31','Html','varchar','静态页面名称','text','0','150px',NULL,'textinput',NULL,'设置信息在前台页面显示的静态文件名称，无需添加扩展名，<b>留空则取当前信息ID作为静态页面名称！</b>如：hotnews',NULL,NULL,'65','0','1','0'),
('497','34','Html','varchar','静态页面名称','text','0','150px',NULL,'textinput',NULL,'设置信息在前台页面显示的静态文件名称，无需添加扩展名，<b>留空则取当前信息ID作为静态页面名称！</b>如：hotnews',NULL,NULL,'273','0','1','0'),
('498','35','Html','varchar','静态页面名称','text','0','150px',NULL,'textinput',NULL,'设置信息在前台页面显示的静态文件名称，无需添加扩展名，<b>留空则取当前信息ID作为静态页面名称！</b>如：hotnews',NULL,NULL,'305','0','1','0'),
('499','36','Html','varchar','静态页面名称','text','0','150px',NULL,'textinput',NULL,'设置信息在前台页面显示的静态文件名称，无需添加扩展名，<b>留空则取当前信息ID作为静态页面名称！</b>如：hotnews',NULL,NULL,'337','0','1','0'),
('500','37','Html','varchar','静态页面名称','text','0','150px',NULL,'textinput',NULL,'设置信息在前台页面显示的静态文件名称，无需添加扩展名，<b>留空则取当前信息ID作为静态页面名称！</b>如：hotnews',NULL,NULL,'369','0','1','0'),
('501','38','Html','varchar','静态页面名称','text','0','150px',NULL,'textinput',NULL,'设置信息在前台页面显示的静态文件名称，无需添加扩展名，<b>留空则取当前信息ID作为静态页面名称！</b>如：hotnews',NULL,NULL,'401','0','1','0'),
('502','39','Html','varchar','静态页面名称','text','0','150px',NULL,'textinput',NULL,'设置信息在前台页面显示的静态文件名称，无需添加扩展名，<b>留空则取当前信息ID作为静态页面名称！</b>如：hotnews',NULL,NULL,'433','0','1','0'),
('503','32','Html','varchar','静态页面名称','text','0','150px',NULL,'textinput',NULL,'设置频道在前台页面显示的静态文件名称，无需添加扩展名，常常以频道名称拼音命名，<b>留空则取频道名称拼音首字母作为页面名称！</b>如：wangzhanjianshe',NULL,NULL,'58','0','1','0'),
('504','1',NULL,NULL,'其它信息',NULL,'4',NULL,NULL,NULL,NULL,NULL,NULL,NULL,'0','0','1','0'),
('505','1','f1','text','扩展字段1','text','1','200px',NULL,'textinput',NULL,NULL,'0',NULL,'504','0','0','0'),
('506','1','f2','text','扩展字段2','text','2','200px',NULL,'textinput',NULL,NULL,'0',NULL,'504','0','0','0'),
('507','1','f3','text','扩展字段3','text','3','200px',NULL,'textinput',NULL,NULL,'0',NULL,'504','0','0','0'),
('508','23','MailClassName','varchar','邮件订阅分类名称','text','1','270px',NULL,'textinput',NULL,NULL,NULL,NULL,'512','0','1','0'),
('509','23','MailClassOrder','int','邮件订阅分类排序','text','2','270px','','textinput','0','请输入数字，值越小排名越靠前！',NULL,NULL,'512','0','1','0'),
('510','23','MailClassDescription','varchar','邮件订阅分类描述','textarea','3','100%','80px','textinput',NULL,NULL,NULL,NULL,'512','0','1','0'),
('511','23','IsEnable','int','是否启用','radio','4',NULL,NULL,NULL,'1|启用|1\r\n0|禁用',NULL,NULL,NULL,'512','0','1','0'),
('512','23',NULL,NULL,'基本信息',NULL,'0',NULL,NULL,NULL,NULL,NULL,NULL,NULL,'0','0','1','0'),
('513','24','MailClassID','int','所属订阅分类','mailclassselect','1',NULL,NULL,NULL,NULL,NULL,NULL,NULL,'521','0','1','0'),
('514','24','MailAccount','varchar','邮箱帐号','text','2','220px',NULL,'textinput',NULL,NULL,NULL,NULL,'521','1','1','0'),
('515','24','Name','varchar','姓名','text','3','220px',NULL,'textinput',NULL,NULL,NULL,NULL,'521','0','1','0'),
('516','24','Telephone','varchar','电话','text','4','220px',NULL,'textinput',NULL,NULL,NULL,NULL,'521','0','1','0'),
('517','24','Address','varchar','地址','text','5','370px',NULL,'textinput',NULL,NULL,NULL,NULL,'521','0','1','0'),
('518','24','AddTime','datetime','添加时间','datetime','6','',NULL,'textinput',NULL,NULL,NULL,NULL,'521','0','1','0'),
('519','24','Remark','varchar','备注','textarea','7','100%','80px','textinput','',NULL,NULL,NULL,'521','0','1','0'),
('520','24','IsEnable','int','是否启用','radio','8',NULL,NULL,NULL,'1|启用|1\r\n0|禁用',NULL,NULL,NULL,'521','0','1','0'),
('521','24',NULL,NULL,'基本信息',NULL,'0',NULL,NULL,NULL,NULL,NULL,NULL,NULL,'0','0','1','0'),
('522','25',NULL,NULL,'基本信息',NULL,'0',NULL,NULL,NULL,NULL,NULL,NULL,NULL,'0','0','1','0'),
('523','25','MailTitle','varchar','邮件主题','text','1','100%',NULL,'textinput',NULL,NULL,NULL,NULL,'522','1','1','0'),
('524','25','MailContent','varchar','邮件内容','editormini','2','100%','300px','textinput',NULL,NULL,NULL,NULL,'522','0','1','0'),
('525','25','AddTime','datetime','添加时间','datetime','3',NULL,NULL,'textinput',NULL,NULL,NULL,NULL,'522','0','1','0'),
('526','1','ChannelIcon','varchar','频道图标','imageex','4','500px',NULL,'textinput',NULL,'设置手机/微信网站频道图标，建议图片尺寸不大于64x64',NULL,NULL,'504','0','1','0'),
('527','1','ChannelStyle','varchar','频道首页模板排版样式','radio','5',NULL,NULL,'','0|默认|1\r\n1|图文\r\n2|文字\r\n3|橱窗\r\n4|相册','设置手机/微信网站频道首页模板样式，是否有效取决于模板是否实现当前功能',NULL,NULL,'504','0','1','0'),
('528','6','','','基本信息','','0','',NULL,NULL,NULL,NULL,NULL,NULL,'0','0','1','0'),
('529','6','GuestName','varchar','姓名,name','text','14','100%',NULL,NULL,NULL,NULL,NULL,NULL,'528','0','1','0'),
('530','6','Contact','varchar','电话,telephone','text','15','100%',NULL,NULL,NULL,NULL,NULL,NULL,'528','0','1','0'),
('531','6','MessageTitle','varchar','标题,Title','text','5','100%','','','','','0','','528','1','1','0'),
('532','6','MessageContent','text','内容,content','textarea','10','100%',NULL,NULL,NULL,NULL,NULL,NULL,'528','0','1','0'),
('533','6','f1','text','字段1','textarea','30','100%','','','','','0','','528','0','0','0'),
('534','6','f2','text','字段2','textarea','30','100%','','','','','0','','528','0','0','0'),
('535','6','f3','text','字段3','textarea','30','100%','','','','','0','','528','0','0','0'),
('536','6','f4','text','字段4','textarea','30','100%','','','','','0','','528','0','0','0'),
('537','6','f5','text','字段5','text','30','100%','','','','','0','','528','1','0','0'),
('540','6','Email','text','Email','text','29','100%','','','','','0','','528','0','0','0'),
('541','6','Address','text','地址,address','text','29','100%','','','','','0','','528','0','0','0'),
('542','6','Gender','text','性别,gender','radio','29','100%','','','女|女|1\r\n男|男','','1','','528','0','0','0'),
('543','6','QQ','text','QQ','text','20','100%','','','','','0','','528','0','0','0'),
('544','26',NULL,NULL,'基本信息',NULL,'0',NULL,NULL,NULL,NULL,NULL,NULL,NULL,'0','0','1','0'),
('545','26','GuestName','text','姓名,name','text','1','100%',NULL,NULL,NULL,NULL,NULL,NULL,'544','0','1','0'),
('546','26','Quantity','text','订购数量,number','text','2','100%','','','','','0','','544','0','1','0'),
('547','26','Telephone','text','电话,telephone','text','3','100%','','','','','0','','544','0','1','0'),
('548','26','QQ','text','QQ','text','4','100%',NULL,NULL,NULL,NULL,NULL,NULL,'544','0','1','0'),
('549','26','Email','text','Email','text','5','100%',NULL,NULL,NULL,NULL,NULL,NULL,'544','0','1','0'),
('550','26','Address','text','地址,address','text','6','100%',NULL,NULL,NULL,NULL,NULL,NULL,'544','0','1','0'),
('551','26','Remark','text','备注,remark','textarea','7','100%',NULL,NULL,NULL,NULL,NULL,NULL,'544','0','1','0'),
('552','26','f1','text','字段1','textarea','8','100%','','','','','0','','544','0','0','0'),
('553','26','f2','text','字段2','textarea','9','100%','','','','','0','','544','0','0','0'),
('554','26','f3','text','字段3','textarea','10','100%','','','','','0','','544','0','0','0'),
('555','26','f4','text','字段4','textarea','11','100%','','','','','0','','544','0','0','0'),
('556','26','f5','text','字段5','textarea','12','100%','','','','','0','','544','0','0','0'),
('557','26','ProductName','text','订购产品,Product','text','0','100%','','','','','0','','544','0','1','0'),
('558','3','BannerThumbnail','varchar','缩略图','imageex','4','420px',NULL,'textinput',NULL,NULL,NULL,NULL,'101','0','1','0'),
('559','3','BannerDescription','text','幻灯片说明','textarea','6','100%','80px','textinput',NULL,NULL,NULL,NULL,'101','0','1','0');

INSERT INTO `youdian_banner` VALUES
('3','','1','/Upload/banner/2.jpg','','','3','#2169b1','1','1'),
('4','','1','/Upload/banner/1.jpg','','','0','#2B8A0E','1','1'),
('5','','2','/Upload/banner/2.jpg','','','0','#2169b1','1','2'),
('6','','2','/Upload/banner/1.jpg','','','0','#2B8A0E','1','2'),
('7','','3','/Upload/banner/10.jpg','','','0','','1','1'),
('8','','3','/Upload/banner/11.jpg','','','0','','1','1'),
('9','','4','/Upload/banner/10.jpg','','','0','','1','2'),
('10','','4','/Upload/banner/11.jpg','','','0','','1','2');

INSERT INTO `youdian_banner_group` VALUES
('1','首页幻灯分组','4','1','1'),
('2','banner group of home','0','1','2'),
('3','手机幻灯片分组','0','0','1'),
('4','mobile banner group','0','0','2');

INSERT INTO `youdian_channel` VALUES
('1','0','0','首页','','','','33','_self','','1','','','','','index','','20','0','index.html','','1','1','1','1','1','1',NULL,NULL,NULL,'/Upload/public/logo.png','0'),
('2','0','0','Home','','','','33','_self','','0','','','','','index','','20','0','index.html','read.html','1','0','1','1','1','2',NULL,NULL,NULL,'/Upload/public/logo.png','0'),
('3','0','0','Sitemap','','','','33','_self','','0','','','','','map','','20','10','sitemap.html','','1','0','1','0','1','2',NULL,NULL,NULL,'/Upload/icon/3.jpg','0'),
('4','0','0','Job','job','','','33','_self','','0','','','','','job','','20','7','job.html','','1','0','1','1','1','2',NULL,NULL,NULL,'/Upload/icon/4.jpg','0'),
('5','0','0','Guestbook','','','','33','_self','','0','','','','','guestbook','','20','8','guestbook.html','','1','0','1','1','1','2',NULL,NULL,NULL,'/Upload/icon/5.jpg','0'),
('6','0','0','在线订购','','','','33','_self','','0','','','','','order',NULL,'20','7','order.html','','1','1','0','1','1','1',NULL,NULL,NULL,'/Upload/icon/6.jpg','0'),
('7','0','0','Order','','','','33','_self','','1','','','','','order',NULL,'20','6','order.html','read.html','1','1','0','1','1','2',NULL,NULL,NULL,'/Upload/icon/7.jpg','0'),
('8','0','0','人才招聘','招聘','','','33','_self','','1','','','','','job','','20','6','job.html','','1','1','1','1','1','1',NULL,NULL,NULL,'/Upload/icon/8.jpg','0'),
('9','0','0','在线留言','','','','33','_self','','1','','','','','guestbook',NULL,'10','18','guestbook.html','','1','1','1','1','1','1',NULL,NULL,NULL,'/Upload/icon/9.jpg','0'),
('10','0','0','投递简历','',NULL,NULL,'33','_self',NULL,'0',NULL,NULL,NULL,NULL,'resume',NULL,'20','20','resume.html','','1','1','0','1','1','1',NULL,NULL,NULL,'/Upload/icon/10.jpg','0'),
('11','0','0','Resume','','','','33','_self','','0','','','','','resume',NULL,'20','20','resume.html','','1','1','0','1','1','2',NULL,NULL,NULL,'/Upload/icon/11.jpg','0'),
('14','0','0','网站地图','','','','33','_self','','1','','','','','map','','20','19','sitemap.html','','1','0','1','0','1','1',NULL,NULL,NULL,'/Upload/icon/14.jpg','0'),
('15','0','1','关于我们','','<p style=\"text-align: left\">\r\n	<img alt=\"\" src=\"/Upload/public/c1.jpg\" style=\"border-bottom: 0px solid; border-left: 0px solid; padding-bottom: 5px; padding-left: 5px; width: 189px; padding-right: 5px; float: left; height: 120px; border-top: 0px solid; margin-right: 5px; border-right: 0px solid; padding-top: 5px\" />某某公司是一家集大型网站技术研发、网络营销软件研发以及网络营销服务于一体的高科技软件企业，是国内少数几家在网络营销软件、网络爬虫、大型网站建设等领域掌握核心技术的企业之一。以公司核心技术为依托，形成了针对不同行业、不同规模、不同应用的系列产品和解决方案。同时，我们拥有完善的网络基础设施服务，能够为企业或个人提供域名注册、虚拟主机、企业邮局、网站加速、数据库、云主机等网络基础服务。</p>\r\n<p>\r\n	公司拥有一支极其富有激情，技术顶尖的团队，由一批具有多年软件研发经验及网络营销经验的专业技术人员组成。公司秉承&quot;一流技术，至诚服务，合作共赢&quot;的经营理念，凭借自身强大的软件技术力量、丰富的网络策划经验、全面的网络营销理念，以及完善的运营模式，致力于为广大客户提供最优质的服务，并获得了社会各界的广泛好评。</p>\r\n','','32','_self','','0','','','','','aboutus','','20','1','page.html','','1','1','1','0','1','1',NULL,NULL,NULL,'/Upload/icon/15.jpg','3'),
('17','15','0','企业文化','','<p>\r\n	&nbsp;</p>\r\n<p>\r\n	<span style=\"font-size: 20px\"><span style=\"color: #ff0000\"><strong>公司口号：</strong></span></span><br />\r\n	省时、省心、省力，助你有效进行网络营销。</p>\r\n<p>\r\n	<br />\r\n	<span style=\"font-size: 20px\"><span style=\"color: #ff0000\"><strong>公司目标：</strong></span></span><br />\r\n	打造国内网络营销软件第一品牌。</p>\r\n<p>\r\n	<br />\r\n	<span style=\"font-size: 20px\"><span style=\"color: #ff0000\"><strong>公司宗旨：</strong></span></span><br />\r\n	客户利益、员工利益、股东利益的最大化，即公司价值的最大化；<br />\r\n	客户利益：使用优质的软件、周到的服务和专业的咨询，提高了竞争能力，提升了个人和企业的形象；<br />\r\n	员工利益：荣誉感，工作满意度，水平、技能和经验的不断提高和积累，同行业中上水平的收入，广阔的发展空间；<br />\r\n	股东利益：有形的和无形的投资收益。</p>\r\n<p>\r\n	<br />\r\n	<span style=\"color: #ff0000\"><span style=\"font-size: 20px\"><strong>企业精神：</strong></span></span><br />\r\n	敬业、诚信、尽责、创新；<br />\r\n	敬业：用优质的软件和服务，提高用户网络营销水平，我们珍惜这个机遇，我们敬重这份职业，我们以此为荣；<br />\r\n	诚信：以诚待人，以信服人，以用户利益保证公司利益，以社会效益实现经济效益；<br />\r\n	尽责：我们的软件设计、开发、测试、实施、服务的各个环节都兢兢业业、一丝不苟；<br />\r\n	创新：创新的本质就是创造性的破坏。创新的途径就是创造性的思考和探索。只有通过不断的自我否定、自我完善，才能创造出有价值的产品、市场、服务。</p>\r\n<p>\r\n	<br />\r\n	<strong><span style=\"color: #ff0000\"><span style=\"font-size: 20px\">人才观：</span></span></strong><br />\r\n	态度决定一切，细节决定成败；<br />\r\n	以人为本。尊重知识，尊重个性；<br />\r\n	唯业绩，不唯学历、不唯资历、不唯过去的功劳；<br />\r\n	提供足够的资源，使所有员工都能按最适合自己的方向发展；<br />\r\n	鼓励创新，提倡&ldquo;表现&rdquo;。健全制度、规范，由向人负责进步到对事负责；<br />\r\n	鼓励&ldquo;琢磨事&rdquo;，反对&ldquo;琢磨人&rdquo;，决不允许任何形式的&ldquo;办公室政治&rdquo;。<br />\r\n	<br />\r\n	&nbsp;</p>\r\n','','32','_self','','0','/Upload/public/wenhua.jpg','','','','culture','','20','0','page.html','','1','0','1','0','1','1',NULL,NULL,NULL,'/Upload/icon/wenhua.png','0'),
('18','15','0','资质荣誉','','<p style=\"padding-left: 60px\">\r\n	<br />\r\n	<span style=\"color: #ff0000\"><span style=\"font-size: 20px\"><strong>重要资质</strong></span></span><br />\r\n	计算机信息系统集成一级资质<br />\r\n	国家规划布局内重点软件企业<br />\r\n	高新技术企业<br />\r\n	通过CMMIv1.2五级<br />\r\n	ISO9001：2008质量管理体系认证<br />\r\n	ISO20000 IT服务管理体系认证<br />\r\n	企业管理信息系统（劳动99三版）前台技术支持商</p>\r\n<p>\r\n	&nbsp;</p>\r\n<p>\r\n	<br />\r\n	&nbsp;</p>\r\n<p style=\"padding-left: 60px\">\r\n	<strong><span style=\"color: #ff0000\"><span style=\"font-size: 20px\">重要荣誉</span></span></strong><br />\r\n	信息产业科技创新先进集体<br />\r\n	国家高技术产业化示范工程<br />\r\n	全国科技创新质量管理先进单位<br />\r\n	国家火炬计划软件产业基地骨干企业<br />\r\n	2013十大创新软件企业<br />\r\n	国家第四批创新型试点企业<br />\r\n	2014中国企业信息化杰出服务商<br />\r\n	2013中国年度创新软件企业<br />\r\n	2013年软件信息技术金鼎奖<br />\r\n	国家认定企业技术中心<br />\r\n	科技局信息工程技术研究中心<br />\r\n	2013年守合同重信用企业</p>\r\n','','32','_self','','0','/Upload/public/rongyu.jpg','','','','honor','','20','0','page.html','','1','0','1','0','1','1',NULL,NULL,NULL,'/Upload/icon/rongyu.png','0'),
('19','15','0','组织机构','','<div style=\"text-align: center\">\r\n	<p>\r\n		<img alt=\"\" src=\"/Upload/public/zzjj1.png\" style=\"width: 100%;\" /></p>\r\n	<p>\r\n		<img alt=\"\" src=\"/Upload/public/zzjj.png\" style=\"width: 100%;\" /></p>\r\n</div>\r\n<p>\r\n	&nbsp;</p>\r\n','','32','_self','','0','/Upload/public/jg.png','','','','organization','','20','0','page.html','','1','0','1','0','1','1',NULL,NULL,NULL,'/Upload/icon/zzjj1.png','0'),
('20','0','1','新闻资讯','新闻','','','30','_self','','0','','','','','news','','20','2','article.html','showarticle.html','1','0','1','0','1','1',NULL,NULL,NULL,'/Upload/icon/20.jpg','0'),
('21','20','0','公司新闻','新闻','','','30','_self','','0','/Upload/public/gsxw.jpg','','','','companynews','','20','0','article.html','showarticle.html','1','0','1','0','1','1',NULL,NULL,NULL,'/Upload/icon/gsxw.png','0'),
('22','20','0','行业动态','新闻','','','30','_self','','0','/Upload/public/hyxw.jpg','','','','industrytrends','','20','0','article.html','showarticle.html','1','0','1','0','1','1',NULL,NULL,NULL,'/Upload/icon/hyxw.png','0'),
('23','0','1','产品中心','产品','','','36','_self','','0','','','','','product','','20','3','product.html','showproduct.html','1','0','1','0','1','1',NULL,NULL,NULL,'/Upload/icon/23.jpg','3'),
('24','23','0','产品分类1','产品','','','36','_self','','0','','','','','class1','','20','0','product.html','showproduct.html','1','0','1','0','1','1',NULL,NULL,NULL,'/Upload/icon/23.jpg','0'),
('25','23','0','产品分类2','产品','','','36','_self','','0','','','','','class2','','20','0','product.html','showproduct.html','1','0','1','0','1','1',NULL,NULL,NULL,'/Upload/icon/23.jpg','0'),
('26','23','0','产品分类3','产品','','','36','_self','','0','','','','','class3','','20','0','product.html','showproduct.html','1','0','1','0','1','1',NULL,NULL,NULL,'/Upload/icon/23.jpg','0'),
('27','23','1','产品分类4','产品','','','36','_self','','0','','','','','class4','','20','0','product.html','showproduct.html','1','0','1','0','1','1',NULL,NULL,NULL,'/Upload/icon/23.jpg','3'),
('28','27','0','二级分类41','产品','','','36','_self','','0','','','','','class41','','20','0','product.html','showproduct.html','1','0','1','0','1','1',NULL,NULL,NULL,'/Upload/icon/23.jpg','0'),
('29','27','0','二级分类42','产品','','','36','_self','','0','','','','','class42','','20','0','product.html','showproduct.html','1','0','1','0','1','1',NULL,NULL,NULL,'/Upload/icon/23.jpg','0'),
('30','0','0','下载中心','下载','','','35','_self','','0','','','','','download','','20','5','download.html','showdownload.html','1','0','1','0','1','1',NULL,NULL,NULL,'/Upload/icon/30.jpg','0'),
('31','0','0','联系我们','','<!--引用百度地图API-->\r\n<style type=\"text/css\">\r\n.iw_poi_title {color:#CC5522;font-size:14px;font-weight:bold;overflow:hidden;padding-right:13px;white-space:nowrap}\r\n    .iw_poi_content {font:12px arial,sans-serif;overflow:visible;padding-top:4px;white-space:-moz-pre-wrap;word-wrap:break-word}</style>\r\n<script type=\"text/javascript\" src=\"http://api.map.baidu.com/api?key=&v=1.1&services=true\"></script><!--百度地图容器-->\r\n<div id=\"dituContent\" style=\"width:100%;height:450px;border:#ccc solid 1px;float:right\">\r\n	&nbsp;</div>\r\n<script type=\"text/javascript\">\r\n    //创建和初始化地图函数：\r\n    function initMap(){\r\n        createMap();//创建地图\r\n        setMapEvent();//设置地图事件\r\n        addMapControl();//向地图添加控件\r\n        addMarker();//向地图中添加marker\r\n    }\r\n    \r\n    //创建地图函数：\r\n    function createMap(){\r\n        var map = new BMap.Map(\"dituContent\");//在百度地图容器中创建一个地图\r\n        var point = new BMap.Point(121.513795,31.141584);//定义一个中心点坐标\r\n        map.centerAndZoom(point,18);//设定地图的中心点和坐标并将地图显示在地图容器中\r\n        window.map = map;//将map变量存储在全局\r\n    }\r\n    \r\n    //地图事件设置函数：\r\n    function setMapEvent(){\r\n        map.enableDragging();//启用地图拖拽事件，默认启用(可不写)\r\n        map.enableScrollWheelZoom();//启用地图滚轮放大缩小\r\n        map.enableDoubleClickZoom();//启用鼠标双击放大，默认启用(可不写)\r\n        map.enableKeyboard();//启用键盘上下左右键移动地图\r\n    }\r\n    \r\n    //地图控件添加函数：\r\n    function addMapControl(){\r\n        //向地图中添加缩放控件\r\n	var ctrl_nav = new BMap.NavigationControl({anchor:BMAP_ANCHOR_TOP_LEFT,type:BMAP_NAVIGATION_CONTROL_LARGE});\r\n	map.addControl(ctrl_nav);\r\n        //向地图中添加缩略图控件\r\n	var ctrl_ove = new BMap.OverviewMapControl({anchor:BMAP_ANCHOR_BOTTOM_RIGHT,isOpen:1});\r\n	map.addControl(ctrl_ove);\r\n        //向地图中添加比例尺控件\r\n	var ctrl_sca = new BMap.ScaleControl({anchor:BMAP_ANCHOR_BOTTOM_LEFT});\r\n	map.addControl(ctrl_sca);\r\n    }\r\n    \r\n    //标注点数组\r\n    var markerArr = [{title:\"上海麦香网络科技有限公司\",content:\"地址：上海市浦东区永泰路182号3101室<br/>电话：400-667-2838&nbsp;手机：15316307701<br/>客服QQ：5952366&nbsp;137402144\",point:\"121.513871|31.141407\",isOpen:1,icon:{w:23,h:25,l:46,t:21,x:9,lb:12}}\r\n		 ];\r\n    //创建marker\r\n    function addMarker(){\r\n        for(var i=0;i<markerArr.length;i++){\r\n            var json = markerArr[i];\r\n            var p0 = json.point.split(\"|\")[0];\r\n            var p1 = json.point.split(\"|\")[1];\r\n            var point = new BMap.Point(p0,p1);\r\n			var iconImg = createIcon(json.icon);\r\n            var marker = new BMap.Marker(point,{icon:iconImg});\r\n			var iw = createInfoWindow(i);\r\n			var label = new BMap.Label(json.title,{\"offset\":new BMap.Size(json.icon.lb-json.icon.x+10,-20)});\r\n			marker.setLabel(label);\r\n            map.addOverlay(marker);\r\n            label.setStyle({\r\n                        borderColor:\"#808080\",\r\n                        color:\"#333\",\r\n                        cursor:\"pointer\"\r\n            });\r\n			\r\n			(function(){\r\n				var index = i;\r\n				var _iw = createInfoWindow(i);\r\n				var _marker = marker;\r\n				_marker.addEventListener(\"click\",function(){\r\n				    this.openInfoWindow(_iw);\r\n			    });\r\n			    _iw.addEventListener(\"open\",function(){\r\n				    _marker.getLabel().hide();\r\n			    })\r\n			    _iw.addEventListener(\"close\",function(){\r\n				    _marker.getLabel().show();\r\n			    })\r\n				label.addEventListener(\"click\",function(){\r\n				    _marker.openInfoWindow(_iw);\r\n			    })\r\n				if(!!json.isOpen){\r\n					label.hide();\r\n					_marker.openInfoWindow(_iw);\r\n				}\r\n			})()\r\n        }\r\n    }\r\n    //创建InfoWindow\r\n    function createInfoWindow(i){\r\n        var json = markerArr[i];\r\n        var iw = new BMap.InfoWindow(\"<b class=\'iw_poi_title\' title=\'\" + json.title + \"\'>\" + json.title + \"</b><div class=\'iw_poi_content\'>\"+json.content+\"</div>\");\r\n        return iw;\r\n    }\r\n    //创建一个Icon\r\n    function createIcon(json){\r\n        var icon = new BMap.Icon(\"http://app.baidu.com/map/images/us_mk_icon.png\", new BMap.Size(json.w,json.h),{imageOffset: new BMap.Size(-json.l,-json.t),infoWindowOffset:new BMap.Size(json.lb+5,1),offset:new BMap.Size(json.x,json.h)})\r\n        return icon;\r\n    }\r\n    \r\n    initMap();//创建和初始化地图\r\n</script>\r\n','','32','_self','','0','','','','','contactus','','20','20','page.html','','1','0','1','0','1','1',NULL,NULL,NULL,'/Upload/icon/31.jpg','0'),
('32','0','0','成功案例','案例','','','31','_self','','0','','','','','case','','20','4','picture.html','showpicture.html','1','0','1','0','1','1',NULL,NULL,NULL,'/Upload/icon/32.jpg','0'),
('33','0','0','网站公告','公告','','','30','_self','','0','','','','','annnouncement','','20','0','article.html','showarticle.html','1','0','0','0','1','1',NULL,NULL,NULL,'/Upload/icon/33.jpg','0'),
('34','0','0','Announcement','','','','30','_self','','0','','','','','annnouncement','','20','0','article.html','showarticle.html','1','0','0','0','1','2',NULL,NULL,NULL,'','0'),
('35','0','1','About Us','','<p>\r\n	<span><img alt=\"\" src=\"/Upload/public/c1.jpg\" style=\"border-bottom: 0px solid; border-left: 0px solid; padding-bottom: 5px; padding-left: 5px; width: 173px; padding-right: 5px; float: left; height: 110px; border-top: 0px solid; margin-right: 5px; border-right: 0px solid; padding-top: 5px\" />XX Software Technology Co., Ltd. of&nbsp; Xingsha Economic Development Zone is located , the technology research and development of a set of large sites, network marketing software R &amp; D as well as the network marketing service in one of the high-tech software companies </span><span>is one of a handful of domestic enterprises to master the core technology in the field of network marketing software, bulk software, web crawler, a large construction site. </span><span>Relying on the company&#39;s core technology, products for different industries, different sizes, different applications and solutions. </span><span>At the same time, we have the perfect network infrastructure services, to businesses or individuals to provide domain name registration, web hosting, business offices, website acceleration, database, cloud host network infrastructure services.</span><br />\r\n	<br />\r\n	<span>The company has an extremely rich passion, technical top team, composed of a number of years of software development experience and network marketing experience in the professional and technical personnel. </span><span>Companies adhering to the &quot;state-of-the-art technology, sincere service, cooperation and win-win&quot; business philosophy, by virtue of its powerful software technical strength, rich network planning experience, comprehensive concept of network marketing, as well as improve the operational mode, is committed to providing our customers with the most </span><span>quality of service, and received wide acclaim from all sectors of society.</span><br />\r\n	<br />\r\n	&nbsp;</p>\r\n','','32','_self','','0','','','','','aboutus','','20','0','page.html','','1','0','1','0','1','2',NULL,NULL,NULL,'/Upload/icon/35.jpg','3'),
('37','35','0','Culture','','<p>\r\n	<strong><span closure_uid_503514901=\"1114\" wd=\"null\">Company slogan:</span></strong><br closure_uid_503514901=\"1358\" wd=\"null\" />\r\n	<span closure_uid_503514901=\"1115\" wd=\"null\">Save time, worry</span><span closure_uid_503514901=\"1116\" wd=\"null\">,</span> <span class=\"hps\" closure_uid_503514901=\"1117\" wd=\"null\">and effort</span> <span class=\"hps\" closure_uid_503514901=\"1118\" wd=\"null\">to help</span> <span class=\"hps\" closure_uid_503514901=\"1119\" wd=\"null\">you</span> <span class=\"hps\" closure_uid_503514901=\"1120\" wd=\"null\">effectively</span> <span class=\"hps\" closure_uid_503514901=\"1121\" wd=\"null\">network</span> <span class=\"hps\" closure_uid_503514901=\"1122\" wd=\"null\">marketing</span><span closure_uid_503514901=\"1123\" wd=\"null\">.</span><br closure_uid_503514901=\"1359\" wd=\"null\" />\r\n	<br closure_uid_503514901=\"1360\" wd=\"null\" />\r\n	<br closure_uid_503514901=\"1361\" wd=\"null\" />\r\n	<strong><span closure_uid_503514901=\"1124\" wd=\"null\">Company</span> <span class=\"hps\" closure_uid_503514901=\"1125\" wd=\"null\">goals:</span></strong><br closure_uid_503514901=\"1362\" wd=\"null\" />\r\n	<span closure_uid_503514901=\"1126\" wd=\"null\">To</span> <span class=\"hps\" closure_uid_503514901=\"1127\" wd=\"null\">create</span> <span class=\"hps\" closure_uid_503514901=\"1128\" wd=\"null\">the first brand</span> <span class=\"hps\" closure_uid_503514901=\"1129\" wd=\"null\">of</span> <span class=\"hps\" closure_uid_503514901=\"1130\" wd=\"null\">domestic</span> <span class=\"hps\" closure_uid_503514901=\"1131\" wd=\"null\">marketing software</span><span closure_uid_503514901=\"1132\" wd=\"null\">.</span><br closure_uid_503514901=\"1363\" wd=\"null\" />\r\n	<br closure_uid_503514901=\"1364\" wd=\"null\" />\r\n	<br closure_uid_503514901=\"1365\" wd=\"null\" />\r\n	<strong><span closure_uid_503514901=\"1133\" wd=\"null\">Company aim:</span></strong><br closure_uid_503514901=\"1366\" wd=\"null\" />\r\n	<span closure_uid_503514901=\"1134\" wd=\"null\">The interests of customers</span><span closure_uid_503514901=\"1135\" wd=\"null\">,</span> <span class=\"hps\" closure_uid_503514901=\"1136\" wd=\"null\">employees&#39; interests</span><span closure_uid_503514901=\"1137\" wd=\"null\">,</span> <span class=\"hps\" closure_uid_503514901=\"1138\" wd=\"null\">to</span> <span class=\"hps\" closure_uid_503514901=\"1139\" wd=\"null\">maximize</span> <span class=\"hps\" closure_uid_503514901=\"1140\" wd=\"null\">the</span> <span class=\"hps\" closure_uid_503514901=\"1141\" wd=\"null\">interests of shareholders</span><span closure_uid_503514901=\"1142\" wd=\"null\">,</span> <span class=\"hps\" closure_uid_503514901=\"1143\" wd=\"null\">that</span> <span class=\"hps\" closure_uid_503514901=\"1144\" wd=\"null\">maximize</span> <span class=\"hps\" closure_uid_503514901=\"1145\" wd=\"null\">the</span> <span class=\"hps\" closure_uid_503514901=\"1146\" wd=\"null\">value of the company</span><span closure_uid_503514901=\"1147\" wd=\"null\">;</span><br closure_uid_503514901=\"1367\" wd=\"null\" />\r\n	<span closure_uid_503514901=\"1148\" wd=\"null\">The interests of customers</span><span closure_uid_503514901=\"1149\" wd=\"null\">:</span> <span class=\"hps\" closure_uid_503514901=\"1150\" wd=\"null\">the</span> <span class=\"hps\" closure_uid_503514901=\"1151\" wd=\"null\">use of</span> <span class=\"hps\" closure_uid_503514901=\"1152\" wd=\"null\">high-quality</span> <span class=\"hps\" closure_uid_503514901=\"1153\" wd=\"null\">software</span><span closure_uid_503514901=\"1154\" wd=\"null\">,</span> <span class=\"hps\" closure_uid_503514901=\"1155\" wd=\"null\">attentive service and</span> <span class=\"hps\" closure_uid_503514901=\"1156\" wd=\"null\">professional</span> <span class=\"hps\" closure_uid_503514901=\"1157\" wd=\"null\">consultation</span> <span class=\"hps\" closure_uid_503514901=\"1158\" wd=\"null\">to improve</span> <span class=\"hps\" closure_uid_503514901=\"1159\" wd=\"null\">competitiveness</span><span closure_uid_503514901=\"1160\" wd=\"null\">,</span> <span class=\"hps\" closure_uid_503514901=\"1161\" wd=\"null\">enhance</span> <span class=\"hps\" closure_uid_503514901=\"1162\" wd=\"null\">the image</span> <span class=\"hps\" closure_uid_503514901=\"1163\" wd=\"null\">of</span> <span class=\"hps\" closure_uid_503514901=\"1164\" wd=\"null\">individuals and businesses</span><span closure_uid_503514901=\"1165\" wd=\"null\">;</span><br closure_uid_503514901=\"1368\" wd=\"null\" />\r\n	<span closure_uid_503514901=\"1166\" wd=\"null\">Employee</span> <span class=\"hps\" closure_uid_503514901=\"1167\" wd=\"null\">benefits:</span> <span class=\"hps\" closure_uid_503514901=\"1168\" wd=\"null\">pride,</span> <span class=\"hps\" closure_uid_503514901=\"1169\" wd=\"null\">job satisfaction,</span> <span class=\"hps\" closure_uid_503514901=\"1170\" wd=\"null\">the level of</span> <span class=\"hps\" closure_uid_503514901=\"1171\" wd=\"null\">skills</span> <span class=\"hps\" closure_uid_503514901=\"1172\" wd=\"null\">and</span> <span class=\"hps\" closure_uid_503514901=\"1173\" wd=\"null\">experience</span> <span class=\"hps\" closure_uid_503514901=\"1174\" wd=\"null\">to continuously improve and</span> <span class=\"hps\" closure_uid_503514901=\"1175\" wd=\"null\">accumulation</span> <span class=\"hps\" closure_uid_503514901=\"1176\" wd=\"null\">on the</span> <span class=\"hps\" closure_uid_503514901=\"1177\" wd=\"null\">level</span> <span class=\"hps\" closure_uid_503514901=\"1178\" wd=\"null\">of</span> <span class=\"hps\" closure_uid_503514901=\"1179\" wd=\"null\">income</span> <span class=\"hps\" closure_uid_503514901=\"1180\" wd=\"null\">in</span> <span class=\"hps\" closure_uid_503514901=\"1181\" wd=\"null\">the</span> <span class=\"hps\" closure_uid_503514901=\"1182\" wd=\"null\">same industry</span><span closure_uid_503514901=\"1183\" wd=\"null\">,</span> <span class=\"hps\" closure_uid_503514901=\"1184\" wd=\"null\">a</span> <span class=\"hps\" closure_uid_503514901=\"1185\" wd=\"null\">broad space for development</span><span closure_uid_503514901=\"1186\" wd=\"null\">;</span><br closure_uid_503514901=\"1369\" wd=\"null\" />\r\n	<span closure_uid_503514901=\"1187\" wd=\"null\">Shareholders</span><span closure_uid_503514901=\"1188\" wd=\"null\">&#39;</span> <span class=\"hps\" closure_uid_503514901=\"1189\" wd=\"null\">interests</span><span closure_uid_503514901=\"1190\" wd=\"null\">:</span> <span class=\"hps\" closure_uid_503514901=\"1191\" wd=\"null\">tangible</span> <span class=\"hps\" closure_uid_503514901=\"1192\" wd=\"null\">and intangible</span> <span class=\"hps\" closure_uid_503514901=\"1193\" wd=\"null\">investment income</span><span closure_uid_503514901=\"1194\" wd=\"null\">.</span><br closure_uid_503514901=\"1370\" wd=\"null\" />\r\n	<br closure_uid_503514901=\"1371\" wd=\"null\" />\r\n	<br closure_uid_503514901=\"1372\" wd=\"null\" />\r\n	<strong><span closure_uid_503514901=\"1195\" wd=\"null\">Enterprise spirit:</span></strong><br closure_uid_503514901=\"1373\" wd=\"null\" />\r\n	<span closure_uid_503514901=\"1196\" wd=\"null\">Dedication, integrity</span><span closure_uid_503514901=\"1197\" wd=\"null\">, responsibility</span><span closure_uid_503514901=\"1198\" wd=\"null\">,</span> <span class=\"hps\" closure_uid_503514901=\"1199\" wd=\"null\">innovation</span><span closure_uid_503514901=\"1200\" wd=\"null\">;</span><br closure_uid_503514901=\"1374\" wd=\"null\" />\r\n	<span closure_uid_503514901=\"1201\" wd=\"null\">Dedication</span><span closure_uid_503514901=\"1202\" wd=\"null\">:</span> <span class=\"hps\" closure_uid_503514901=\"1203\" wd=\"null\">the</span> <span class=\"hps\" closure_uid_503514901=\"1204\" wd=\"null\">quality</span> <span class=\"hps\" closure_uid_503514901=\"1205\" wd=\"null\">of the</span> <span class=\"hps\" closure_uid_503514901=\"1206\" wd=\"null\">software</span> <span class=\"hps\" closure_uid_503514901=\"1207\" wd=\"null\">and services</span><span closure_uid_503514901=\"1208\" wd=\"null\">,</span> <span class=\"hps\" closure_uid_503514901=\"1209\" wd=\"null\">to improve</span> <span class=\"hps\" closure_uid_503514901=\"1210\" wd=\"null\">the</span> <span class=\"hps\" closure_uid_503514901=\"1211\" wd=\"null\">level</span> <span class=\"hps\" closure_uid_503514901=\"1212\" wd=\"null\">of</span> <span class=\"hps\" closure_uid_503514901=\"1213\" wd=\"null\">user</span> <span class=\"hps\" closure_uid_503514901=\"1214\" wd=\"null\">network</span> <span class=\"hps\" closure_uid_503514901=\"1215\" wd=\"null\">marketing</span><span closure_uid_503514901=\"1216\" wd=\"null\">,</span> <span class=\"hps\" closure_uid_503514901=\"1217\" wd=\"null\">we</span> <span class=\"hps\" closure_uid_503514901=\"1218\" wd=\"null\">cherish</span> <span class=\"hps\" closure_uid_503514901=\"1219\" wd=\"null\">this</span> <span class=\"hps\" closure_uid_503514901=\"1220\" wd=\"null\">opportunity</span><span closure_uid_503514901=\"1221\" wd=\"null\">,</span> <span class=\"hps\" closure_uid_503514901=\"1222\" wd=\"null\">and</span> <span class=\"hps\" closure_uid_503514901=\"1223\" wd=\"null\">we</span> <span class=\"hps\" closure_uid_503514901=\"1224\" wd=\"null\">respect</span> <span class=\"hps\" closure_uid_503514901=\"1225\" wd=\"null\">this</span> <span class=\"hps\" closure_uid_503514901=\"1226\" wd=\"null\">profession</span><span closure_uid_503514901=\"1227\" wd=\"null\">,</span> <span class=\"hps\" closure_uid_503514901=\"1228\" wd=\"null\">and</span> <span class=\"hps\" closure_uid_503514901=\"1229\" wd=\"null\">we are</span> <span class=\"hps\" closure_uid_503514901=\"1230\" wd=\"null\">proud of</span><span closure_uid_503514901=\"1231\" wd=\"null\">;</span><br closure_uid_503514901=\"1375\" wd=\"null\" />\r\n	<span closure_uid_503514901=\"1232\" wd=\"null\">Honesty:</span> <span class=\"hps\" closure_uid_503514901=\"1233\" wd=\"null\">Sincerity</span> <span class=\"hps\" closure_uid_503514901=\"1234\" wd=\"null\">to</span> <span class=\"hps\" closure_uid_503514901=\"1235\" wd=\"null\">convince people</span><span closure_uid_503514901=\"1236\" wd=\"null\">,</span> <span class=\"hps\" closure_uid_503514901=\"1237\" wd=\"null\">to</span> <span class=\"hps\" closure_uid_503514901=\"1238\" wd=\"null\">the</span> <span class=\"hps\" closure_uid_503514901=\"1239\" wd=\"null\">interests of the user</span> <span class=\"hps\" closure_uid_503514901=\"1240\" wd=\"null\">to ensure</span> <span class=\"hps\" closure_uid_503514901=\"1241\" wd=\"null\">the interests of the company</span> <span class=\"hps\" closure_uid_503514901=\"1242\" wd=\"null\">to achieve</span> <span class=\"hps\" closure_uid_503514901=\"1243\" wd=\"null\">economic benefits</span><span closure_uid_503514901=\"1244\" wd=\"null\">,</span> <span class=\"hps\" closure_uid_503514901=\"1245\" wd=\"null\">social benefits</span><span closure_uid_503514901=\"1246\" wd=\"null\">;</span><br closure_uid_503514901=\"1376\" wd=\"null\" />\r\n	<span closure_uid_503514901=\"1247\" wd=\"null\">Diligence</span><span closure_uid_503514901=\"1248\" wd=\"null\">:</span> <span class=\"hps\" closure_uid_503514901=\"1249\" wd=\"null\">our software</span> <span class=\"hps\" closure_uid_503514901=\"1250\" wd=\"null\">design</span><span closure_uid_503514901=\"1251\" wd=\"null\">,</span> <span class=\"hps\" closure_uid_503514901=\"1252\" wd=\"null\">development</span><span closure_uid_503514901=\"1253\" wd=\"null\">,</span> <span class=\"hps\" closure_uid_503514901=\"1254\" wd=\"null\">testing,</span> <span class=\"hps\" closure_uid_503514901=\"1255\" wd=\"null\">implementation,</span> <span class=\"hps\" closure_uid_503514901=\"1256\" wd=\"null\">all aspects of the</span> <span class=\"hps\" closure_uid_503514901=\"1257\" wd=\"null\">service</span> <span class=\"hps\" closure_uid_503514901=\"1258\" wd=\"null\">are</span> <span class=\"hps\" closure_uid_503514901=\"1259\" wd=\"null\">diligent attention to detail</span><span closure_uid_503514901=\"1260\" wd=\"null\">;</span><br closure_uid_503514901=\"1377\" wd=\"null\" />\r\n	<span closure_uid_503514901=\"1261\" wd=\"null\">Innovation:</span> <span class=\"hps\" closure_uid_503514901=\"1262\" wd=\"null\">Innovation</span> <span class=\"hps\" closure_uid_503514901=\"1263\" wd=\"null\">is the essence of</span> <span class=\"hps\" closure_uid_503514901=\"1264\" wd=\"null\">creative destruction</span><span closure_uid_503514901=\"1265\" wd=\"null\">.</span> <span class=\"hps\" closure_uid_503514901=\"1266\" wd=\"null\">Innovative</span> <span class=\"hps\" closure_uid_503514901=\"1267\" wd=\"null\">ways to</span> <span class=\"hps\" closure_uid_503514901=\"1268\" wd=\"null\">think creatively</span> <span class=\"hps\" closure_uid_503514901=\"1269\" wd=\"null\">and</span> <span class=\"hps\" closure_uid_503514901=\"1270\" wd=\"null\">explore</span><span closure_uid_503514901=\"1271\" wd=\"null\">.</span> <span class=\"hps\" closure_uid_503514901=\"1272\" wd=\"null\">Only</span> <span class=\"hps\" closure_uid_503514901=\"1273\" wd=\"null\">by</span> <span class=\"hps\" closure_uid_503514901=\"1274\" wd=\"null\">constant</span> <span class=\"hps\" closure_uid_503514901=\"1275\" wd=\"null\">self-denial</span><span closure_uid_503514901=\"1276\" wd=\"null\">,</span> <span class=\"hps\" closure_uid_503514901=\"1277\" wd=\"null\">self-improvement</span><span closure_uid_503514901=\"1278\" wd=\"null\">,</span> <span class=\"hps\" closure_uid_503514901=\"1279\" wd=\"null\">to</span> <span class=\"hps\" closure_uid_503514901=\"1280\" wd=\"null\">create a</span> <span class=\"hps\" closure_uid_503514901=\"1281\" wd=\"null\">valuable product</span><span closure_uid_503514901=\"1282\" wd=\"null\">,</span> <span class=\"hps\" closure_uid_503514901=\"1283\" wd=\"null\">market</span><span closure_uid_503514901=\"1284\" wd=\"null\">,</span> <span class=\"hps\" closure_uid_503514901=\"1285\" wd=\"null\">and</span> <span class=\"hps\" closure_uid_503514901=\"1286\" wd=\"null\">service</span><span closure_uid_503514901=\"1287\" wd=\"null\">.</span><br closure_uid_503514901=\"1378\" wd=\"null\" />\r\n	<br closure_uid_503514901=\"1379\" wd=\"null\" />\r\n	<br closure_uid_503514901=\"1380\" wd=\"null\" />\r\n	<strong><span closure_uid_503514901=\"1288\" wd=\"null\">Talent:</span></strong><br closure_uid_503514901=\"1381\" wd=\"null\" />\r\n	<span closure_uid_503514901=\"1289\" wd=\"null\">Attitude is everything</span><span closure_uid_503514901=\"1290\" wd=\"null\">,</span> <span class=\"hps\" closure_uid_503514901=\"1291\" wd=\"null\">details</span> <span class=\"hps\" closure_uid_503514901=\"1292\" wd=\"null\">determine success or failure</span><span closure_uid_503514901=\"1293\" wd=\"null\">;</span><br closure_uid_503514901=\"1382\" wd=\"null\" />\r\n	<span closure_uid_503514901=\"1294\" wd=\"null\">People-oriented</span><span closure_uid_503514901=\"1295\" wd=\"null\">.</span> <span class=\"hps\" closure_uid_503514901=\"1296\" wd=\"null\">Respecting knowledge and</span> <span class=\"hps\" closure_uid_503514901=\"1297\" wd=\"null\">personality</span><span closure_uid_503514901=\"1298\" wd=\"null\">;</span><br closure_uid_503514901=\"1383\" wd=\"null\" />\r\n	<span closure_uid_503514901=\"1299\" wd=\"null\">CD</span> <span class=\"hps\" closure_uid_503514901=\"1300\" wd=\"null\">performance</span><span closure_uid_503514901=\"1301\" wd=\"null\">,</span> <span class=\"hps\" closure_uid_503514901=\"1302\" wd=\"null\">not</span> <span class=\"hps\" closure_uid_503514901=\"1303\" wd=\"null\">only academic</span><span closure_uid_503514901=\"1304\" wd=\"null\">, not</span> <span class=\"hps\" closure_uid_503514901=\"1305\" wd=\"null\">only</span> <span class=\"hps\" closure_uid_503514901=\"1306\" wd=\"null\">qualifications</span><span closure_uid_503514901=\"1307\" wd=\"null\">,</span> <span class=\"hps\" closure_uid_503514901=\"1308\" wd=\"null\">not</span> <span class=\"hps\" closure_uid_503514901=\"1309\" wd=\"null\">the only</span> <span class=\"hps\" closure_uid_503514901=\"1310\" wd=\"null\">past</span> <span class=\"hps\" closure_uid_503514901=\"1311\" wd=\"null\">the credit</span><span closure_uid_503514901=\"1312\" wd=\"null\">;</span><br closure_uid_503514901=\"1384\" wd=\"null\" />\r\n	<span closure_uid_503514901=\"1313\" wd=\"null\">Provide sufficient</span> <span class=\"hps\" closure_uid_503514901=\"1314\" wd=\"null\">resources</span> <span class=\"hps\" closure_uid_503514901=\"1315\" wd=\"null\">so</span> <span class=\"hps\" closure_uid_503514901=\"1316\" wd=\"null\">that</span> <span class=\"hps\" closure_uid_503514901=\"1317\" wd=\"null\">all</span> <span class=\"hps\" closure_uid_503514901=\"1318\" wd=\"null\">employees</span> <span class=\"hps\" closure_uid_503514901=\"1319\" wd=\"null\">can</span> <span class=\"hps\" closure_uid_503514901=\"1320\" wd=\"null\">be</span> <span class=\"hps\" closure_uid_503514901=\"1321\" wd=\"null\">most suited to their</span> <span class=\"hps\" closure_uid_503514901=\"1322\" wd=\"null\">direction of</span> <span class=\"hps\" closure_uid_503514901=\"1323\" wd=\"null\">development</span><span closure_uid_503514901=\"1324\" wd=\"null\">;</span><br closure_uid_503514901=\"1385\" wd=\"null\" />\r\n	<span closure_uid_503514901=\"1325\" wd=\"null\">Encourage innovation</span><span closure_uid_503514901=\"1326\" wd=\"null\">,</span> <span class=\"hps atn\" closure_uid_503514901=\"1327\" wd=\"null\">promote &quot;</span><span closure_uid_503514901=\"1328\" wd=\"null\">performance</span><span closure_uid_503514901=\"1329\" wd=\"null\">&quot;</span><span closure_uid_503514901=\"1330\" wd=\"null\">.</span> <span class=\"hps\" closure_uid_503514901=\"1331\" wd=\"null\">A sound system</span><span closure_uid_503514901=\"1332\" wd=\"null\">,</span> <span class=\"hps\" closure_uid_503514901=\"1333\" wd=\"null\">norms</span><span closure_uid_503514901=\"1334\" wd=\"null\">,</span> <span class=\"hps\" closure_uid_503514901=\"1335\" wd=\"null\">from</span> <span class=\"hps\" closure_uid_503514901=\"1336\" wd=\"null\">the</span> <span class=\"hps\" closure_uid_503514901=\"1337\" wd=\"null\">person</span> <span class=\"hps\" closure_uid_503514901=\"1338\" wd=\"null\">responsible for the</span> <span class=\"hps\" closure_uid_503514901=\"1339\" wd=\"null\">progress</span> <span class=\"hps\" closure_uid_503514901=\"1340\" wd=\"null\">to</span> <span class=\"hps\" closure_uid_503514901=\"1341\" wd=\"null\">be responsible</span><span closure_uid_503514901=\"1342\" wd=\"null\">;</span><br closure_uid_503514901=\"1386\" wd=\"null\" />\r\n	<span closure_uid_503514901=\"1343\" wd=\"null\">Encourage</span> <span class=\"hps\" closure_uid_503514901=\"1344\" wd=\"null\">pondering</span> <span class=\"hps\" closure_uid_503514901=\"1345\" wd=\"null\">things</span> <span class=\"hps atn\" closure_uid_503514901=\"1346\" wd=\"null\">&quot;</span><span closure_uid_503514901=\"1347\" wd=\"null\">oppose</span><span closure_uid_503514901=\"1348\" wd=\"null\">&quot;</span> <span class=\"hps\" closure_uid_503514901=\"1349\" wd=\"null\">pondering</span> <span class=\"hps atn\" closure_uid_503514901=\"1350\" wd=\"null\">&quot;</span><span closure_uid_503514901=\"1351\" wd=\"null\">will never allow</span> <span class=\"hps\" closure_uid_503514901=\"1352\" wd=\"null\">any form of</span><span closure_uid_503514901=\"1353\" wd=\"null\">&quot;</span> <span class=\"hps\" closure_uid_503514901=\"1354\" wd=\"null\">office politics</span> <span class=\"hps atn\" closure_uid_503514901=\"1355\" wd=\"null\">&quot;</span><span closure_uid_503514901=\"1356\" wd=\"null\">.</span></p>\r\n','','32','_self','','0','/Upload/public/wenhua.jpg','','','','culture','','20','0','page.html','','1','0','1','0','1','2',NULL,NULL,NULL,'/Upload/icon/wenhua.png','0'),
('38','35','0','Honor','','<p>\r\n	<span style=\"font-size: 16px\"><span style=\"color: #ff0000\"><strong>Important qualification</strong></span></span><br />\r\n	Computer information system integration qualification<br />\r\n	State planning key software enterprises<br />\r\n	High-tech enterprises<br />\r\n	CMMIv1.2 five<br />\r\n	ISO9001: 2008 quality management system certification<br />\r\n	The ISO20000 IT service management system certification<br />\r\n	Enterprise management information system 99 Third Edition (labor) front desk technical support providers</p>\r\n<p>\r\n	&nbsp;</p>\r\n<p>\r\n	<strong><span style=\"color: #ff0000\"><span style=\"font-size: 16px\">Important honor</span></span></strong><br />\r\n	Information Industry Technology Innovation Advanced Collective<br />\r\n	National high-tech industrialization demonstration project<br />\r\n	National science and technology innovation and advanced quality management unit<br />\r\n	Backbone enterprises of National Torch Program Software Industrial Base<br />\r\n	2013 top ten innovative software companies<br />\r\n	The country fourth installment innovative pilot enterprises<br />\r\n	2013 China Outstanding service provider of enterprise information<br />\r\n	2013 China Annual Innovation software companies<br />\r\n	2013 Software IT Golden Tripod<br />\r\n	China validated enterprise technical centers<br />\r\n	Science and Technology Bureau of Information Engineering Technology Research Center<br />\r\n	The 2013 older Shashi keep credit business contracts</p>\r\n','','32','_self','','0','/Upload/public/rongyu.jpg','','','','honor','','20','0','page.html','','1','0','1','0','1','2',NULL,NULL,NULL,'/Upload/icon/rongyu.png','0'),
('39','35','0','Organization','','<div style=\"text-align: center\">\r\n	<p>\r\n		<img alt=\"\" src=\"/Upload/public/zzjj1en.png\" style=\"width: 99%;\" /></p>\r\n	<p>\r\n		<img alt=\"\" src=\"/Upload/public/zzjjen.png\" style=\"width: 99%;\" /></p>\r\n</div>\r\n<p>\r\n	&nbsp;</p>\r\n','','32','_self','','0','/Upload/public/jg.png','','','','organization','','20','0','page.html','','1','0','1','0','1','2',NULL,NULL,NULL,'/Upload/icon/zzjj1en.png','0'),
('40','0','1','News','news','','','30','_self','','0','','','','','news','','20','0','article.html','showarticle.html','1','0','1','0','1','2',NULL,NULL,NULL,'/Upload/icon/40.jpg','0'),
('41','40','0','Company News','','','','30','_self','','0','/Upload/public/gsxw.jpg','','','','companynews','','20','0','article.html','showarticle.html','1','0','1','0','1','2',NULL,NULL,NULL,'/Upload/icon/gsxw.png','0'),
('42','40','0','Industry Trends','','','','30','_self','','0','/Upload/public/hyxw.jpg','','','','industrytrends','','20','0','article.html','showarticle.html','1','0','1','0','1','2',NULL,NULL,NULL,'/Upload/icon/hyxw.png','0'),
('43','0','1','Product','product','','','36','_self','','0','','','','','product','','20','0','product.html','showproduct.html','1','0','1','0','1','2',NULL,NULL,NULL,'/Upload/icon/43.jpg','3'),
('44','43','0','Class 1','','','','36','_self','','0','','','','','class1','','20','0','product.html','showproduct.html','1','0','1','0','1','2',NULL,NULL,NULL,'/Upload/icon/23.jpg','0'),
('45','43','0','Class 2','','','','36','_self','','0','','','','','class2','','20','0','product.html','showproduct.html','1','0','1','0','1','2',NULL,NULL,NULL,'/Upload/icon/23.jpg','0'),
('46','43','0','Class 3','','','','36','_self','','0','','','','','class3','','20','0','product.html','showproduct.html','1','0','1','0','1','2',NULL,NULL,NULL,'/Upload/icon/23.jpg','0'),
('47','43','1','Class 4','','','','36','_self','','0','','','','','class4','','20','0','product.html','showproduct.html','1','0','1','0','1','2',NULL,NULL,NULL,'/Upload/icon/23.jpg','3'),
('48','47','0','subclass 41','','','','36','_self','','0','','','','','class41','','20','0','product.html','showproduct.html','1','0','1','0','1','2',NULL,NULL,NULL,'/Upload/icon/23.jpg','0'),
('49','47','0','subclass 42','','','','36','_self','','0','','','','','class42','','20','0','product.html','showproduct.html','1','0','1','0','1','2',NULL,NULL,NULL,'/Upload/icon/23.jpg','0'),
('50','0','0','Case','case','','','31','_self','','0','','','','','case','','20','0','picture.html','showpicture.html','1','0','1','0','1','2',NULL,NULL,NULL,'/Upload/icon/50.jpg','0'),
('51','0','0','Download','download','','','35','_self','','0','','','','','download','','20','0','download.html','showdownload.html','1','0','1','0','1','2',NULL,NULL,NULL,'/Upload/icon/51.jpg','0'),
('52','0','0','Contact','','<!--引用百度地图API-->\r\n<style type=\"text/css\">\r\n.iw_poi_title {color:#CC5522;font-size:14px;font-weight:bold;overflow:hidden;padding-right:13px;white-space:nowrap}\r\n    .iw_poi_content {font:12px arial,sans-serif;overflow:visible;padding-top:4px;white-space:-moz-pre-wrap;word-wrap:break-word}</style>\r\n<script type=\"text/javascript\" src=\"http://api.map.baidu.com/api?key=&v=1.1&services=true\"></script><!--百度地图容器-->\r\n<div id=\"dituContent\" style=\"width:100%;height:550px;border:#ccc solid 1px;float:right\">\r\n	&nbsp;</div>\r\n<script type=\"text/javascript\">\r\n    //创建和初始化地图函数：\r\n    function initMap(){\r\n        createMap();//创建地图\r\n        setMapEvent();//设置地图事件\r\n        addMapControl();//向地图添加控件\r\n    }\r\n    \r\n    //创建地图函数：\r\n    function createMap(){\r\n        var map = new BMap.Map(\"dituContent\");//在百度地图容器中创建一个地图\r\n        var point = new BMap.Point(116.395645,39.929986);//定义一个中心点坐标\r\n        map.centerAndZoom(point,12);//设定地图的中心点和坐标并将地图显示在地图容器中\r\n        window.map = map;//将map变量存储在全局\r\n    }\r\n    \r\n    //地图事件设置函数：\r\n    function setMapEvent(){\r\n        map.enableDragging();//启用地图拖拽事件，默认启用(可不写)\r\n        map.enableScrollWheelZoom();//启用地图滚轮放大缩小\r\n        map.enableDoubleClickZoom();//启用鼠标双击放大，默认启用(可不写)\r\n        map.enableKeyboard();//启用键盘上下左右键移动地图\r\n    }\r\n    \r\n    //地图控件添加函数：\r\n    function addMapControl(){\r\n        //向地图中添加缩放控件\r\n	var ctrl_nav = new BMap.NavigationControl({anchor:BMAP_ANCHOR_TOP_LEFT,type:BMAP_NAVIGATION_CONTROL_LARGE});\r\n	map.addControl(ctrl_nav);\r\n        //向地图中添加缩略图控件\r\n	var ctrl_ove = new BMap.OverviewMapControl({anchor:BMAP_ANCHOR_BOTTOM_RIGHT,isOpen:1});\r\n	map.addControl(ctrl_ove);\r\n        //向地图中添加比例尺控件\r\n	var ctrl_sca = new BMap.ScaleControl({anchor:BMAP_ANCHOR_BOTTOM_LEFT});\r\n	map.addControl(ctrl_sca);\r\n    }\r\n    \r\n    \r\n    initMap();//创建和初始化地图\r\n</script>','','32','_self','','0','','','','','contacts','','20','20','page.html','','1','0','1','0','1','2',NULL,NULL,NULL,'/Upload/icon/52.jpg','0'),
('55','15','0','宣传视频','视频','','','34','_self','','0','/Upload/public/sp.jpg','','','','video','','20','0','video.html','showvideo.html','1','0','1','0','1','1',NULL,NULL,NULL,'/Upload/icon/sp.png','0'),
('56','35','0','Video','video','','','34','_self','','0','/Upload/public/sp.jpg','','','','video','','20','0','video.html','showvideo.html','1','0','1','0','1','2',NULL,NULL,NULL,'/Upload/icon/sp.png','0');

INSERT INTO `youdian_channel_model` VALUES
('1','频道信息','1','youdian_channel','','0','1'),
('2','专题信息','2','youdian_special',NULL,'1','1'),
('3','幻 灯 片','3','youdian_banner',NULL,'1','1'),
('4','在线客服','4','youdian_support',NULL,'1','1'),
('5','第三方在线客服','5','youdian_support3',NULL,'1','1'),
('6','在线留言','6','youdian_guestbook',NULL,'1','1'),
('7','人才招聘','7','youdian_recruit',NULL,'1','1'),
('8','信息评论','8','youdian_comment',NULL,'1','1'),
('9','友情链接分类','5','youdian_link_class',NULL,'1','1'),
('10','友情链接','9','youdian_link',NULL,'1','1'),
('11','广告信息','10','youdian_ad',NULL,'1','1'),
('12','会员分组','11','youdian_member_group',NULL,'1','1'),
('13','会员信息','13','youdian_member',NULL,'0','1'),
('14','管理员信息','14','youdian_admin',NULL,'1','1'),
('15','管理员组','15','youdian_admin_group',NULL,'1','1'),
('16','修改模板','16',NULL,NULL,'1','1'),
('17','自定义标签','17','youdian_tag',NULL,'1','1'),
('18','属性标记','18','youdian_label',NULL,'1','1'),
('19','模型管理','19','youdian_channel_model',NULL,'1','1'),
('20','字段管理','20','youdian_attribute',NULL,'1','1'),
('21','字段分组管理','21','youdian_attribute',NULL,'1','1'),
('22','幻灯分组管理','22','youdian_banner_group',NULL,'1','1'),
('23','邮件订阅分类','23','youdian_mail_class',NULL,'1','1'),
('24','邮件管理','24','youdian_mail',NULL,'1','1'),
('26','订单模型','26','youdian_order',NULL,'1','1'),
('25','邮件群发管理','25','youdian_mail_send',NULL,'1','1'),
('30','文章模型','30','youdian_info','','0','1'),
('31','图片模型','31','youdian_info',NULL,'0','1'),
('32','单页模型','32','youdian_channel',NULL,'0','1'),
('33','链接模型','33','youdian_info',NULL,'0','1'),
('34','视频模型','34','youdian_info','','0','1'),
('35','下载模型','35','youdian_info','','0','1'),
('36','产品模型','36','youdian_info','','0','1'),
('37','反馈模型','37',NULL,'','0','1'),
('38','保留模型3','38',NULL,'系统保留使用，建议不要自定义','0','0'),
('39','保留模型4','39',NULL,'系统保留使用，建议不要自定义','0','0');

INSERT INTO `youdian_config` VALUES
('1','WEB_NAME','上海麦香网络科技有限公司',NULL,'basic','1','1'),
('2','WEB_URL','http://mxen009.9ei.net',NULL,'basic','1','0'),
('3','WEB_ICP','沪ICP备13030960号',NULL,'basic','1','1'),
('4','WEB_STATUS','1',NULL,'basic','1','0'),
('5','WEB_CLOSE_REASON','抱歉，网站正在维护中，给您带来不便深表歉意！',NULL,'basic','1','1'),
('6','WEB_BAD_WORDS','他妈的=***',NULL,'basic','1','0'),
('7','TITLE','website|cms|wap website|finished website',NULL,'seo','1','2'),
('8','CONTACT','Miss Cheng',NULL,'contact','1','2'),
('9','COMPANY','上海麦香网络科技有限公司',NULL,'contact','1','1'),
('10','CONTACT','杨先生',NULL,'contact','1','1'),
('11','ADDRESS','上海市浦东区永泰路182号3101室',NULL,'contact','1','1'),
('12','TELEPHONE','400-667-2838',NULL,'contact','1','1'),
('13','MOBILE','15316307701',NULL,'contact','1','1'),
('14','FAX','400-667-2838',NULL,'contact','1','1'),
('15','EMAIL','5952366@qq.com',NULL,'contact','1','1'),
('16','POSTCODE','400000',NULL,'contact','1','1'),
('17','ONLINE_ENABLE','1',NULL,'online','1','0'),
('18','ONLINE_STYLE','blue',NULL,'online','1','1'),
('19','ONLINE_POSITION','0',NULL,'online','1','0'),
('20','UPLOAD','./Upload/',NULL,'upload','1','0'),
('21','UPLOAD_FILE_TYPE','rar|zip|doc|docx|ppt|pptx|pdf|jpg|xls|png|gif|mp3|jpeg|bmp|swf|flv|ico',NULL,'upload','1','0'),
('22','MAX_UPLOAD_SIZE','5242880',NULL,'upload','1','0'),
('23','GUEST_BOOK_ALLOW','1',NULL,'guestbook','1','0'),
('24','GUEST_BOOK_CHECK','1',NULL,'guestbook','1','0'),
('25','GUEST_BOOK_VERIFYCODE','1',NULL,'guestbook','1','0'),
('26','GUEST_BOOK_PAGESIZE','10',NULL,'guestbook','1','0'),
('27','COMMENT_ENABLE','1',NULL,'comment','1','0'),
('28','COMMENT_CHECK','1',NULL,'comment','1','0'),
('29','COMMENT_VERIFYCODE','1',NULL,'comment','1','0'),
('30','MEMBER_REG_ENABLE','1',NULL,'reg','1','0'),
('31','MEMBER_REG_CHECK','1',NULL,'reg','1','0'),
('32','MEMBER_REG_VERIFYCODE','1',NULL,'reg','1','0'),
('40','QQ','',NULL,'contact','1','1'),
('41','APP_GROUP_LIST','Home,Admin,Install',NULL,'config','1','0'),
('42','DEFAULT_GROUP','Home',NULL,'config','1','0'),
('43','DEFAULT_MODULE','Index',NULL,'config','1','0'),
('44','DEFAULT_ACTION','Index',NULL,'config','1','0'),
('45','URL_MODEL','2',NULL,'config','1','0'),
('46','DEFAULT_THEME','Default',NULL,'config','1','0'),
('47','URL_CASE_INSENSITIVE','true',NULL,'config','1','0'),
('48','TMPL_ACTION_ERROR','APP_PATH.\'tpl/admin/default/public/error.html\'',NULL,'config','0','0'),
('49','TMPL_ACTION_SUCCESS','APP_PATH.\'tpl/admin/default/public/success.html\' ',NULL,'config','0','0'),
('50','TAGLIB_PRE_LOAD','YouDian',NULL,'config','1','0'),
('51','DEFAULT_THEME','Default',NULL,'home/config','1','0'),
('52','WATER_PIC','',NULL,'water','1','0'),
('53','WATER_OFFSET_X','0',NULL,'water','1','0'),
('54','WATER_OFFSET_Y','0',NULL,'water','1','0'),
('55','WATER_TRANS','60',NULL,'water','1','0'),
('56','TITLE','上海网站建设公司-上海网站建设公司-上海网站制作公司-上海做网站公司-上海网络营销公司-响应式HTML5网站建设,购物网上海网站建设公司|上海网站制作公司|上海网站设计公司|做网站|电话：400-667-2838',NULL,'seo','1','1'),
('57','KEYWORDS','上海网站建设,网站建设上海,上海网站建设公司,专业网站建设公司,网站建设公司,上海购物网站建设,上海微网站制作,响应式HTML5网站建设,上海网页设计公司,专业上海网站建设',NULL,'seo','1','1'),
('58','DESCRIPTION','麦香网络是专业上海网站建设公司,一直为上海网站建设,网站制作,网站设计,购物网站建设以及网站优化而努力上海网络营销公司,现推出响应式HTML5网站建设业务！团队有11年的上海网站建设,网站制作,网站设计从业经验,在上海网站建设行业有着丰富的经验,与众多需要网页设计的企业有着长久的合作,麦香网络具备多项上海网站建设技术,对上海网站建设行业,能针对客户的个性化要求提供个性化网页设计,按照高标准来建设网站',NULL,'seo','1','1'),
('59','ONLINE_TOP','200',NULL,'online','1','0'),
('60','ONLINE_EFFECT','1',NULL,'online','1','0'),
('61','ONLINE_WIDTH','160',NULL,'online','1','0'),
('62','ONLINE_OPEN','1',NULL,'online','1','0'),
('63','ONLINE_TELEPHONE','',NULL,'online','1','0'),
('64','ONLINE_FOOTER_TEXT','<strong>电话：</strong><b style=\"color:#ff0000;\">400-667-2838</b><br />\r\n<strong>手机：</strong><b style=\"color:#ff0000;\">15316307704</b><br />\r\n<img alt=\"微信扫一扫 关注我们\" src=\"/Upload/1429539049.jpg\" style=\"width: 120px; height: 120px; \" title=\"微信扫一扫 关注微信公众号\" /><br />\r\n<b style=\"color: rgb(255, 0, 0);\">www021mxcn</b><br />\r\n<strong>扫一扫，有惊喜</strong>',NULL,'online','1','1'),
('65','ONLINE_TITLE','在线客服',NULL,'online','1','1'),
('66','URL_MODEL','2',NULL,'core','1','0'),
('67','URL_HTML_SUFFIX','html',NULL,'core','1','0'),
('68','WEB_NAME','Shanghai Wheat Network Technology Co., Ltd.',NULL,'basic','1','2'),
('69','WEB_ICP','ICP13030960',NULL,'basic','1','2'),
('70','WEB_CLOSE_REASON','Sorry, the website is maintenance!',NULL,'basic','1','2'),
('71','COMPANY','your company',NULL,'contact','1','2'),
('72','DESCRIPTION','this product include pc site、mobile site、weixin site，Data synchronization, one virtual host, more convenient maintenance. Order hotline: +86-010-88888888',NULL,'seo','1','2'),
('73','KEYWORDS','website,cms,wap website',NULL,'seo','1','2'),
('74','ADDRESS','Room No. 182 Wing Tai Road, Pudong District, Shanghai 3101',NULL,'contact','1','2'),
('76','ONLINE_TITLE','online services',NULL,'online','1','2'),
('77','ONLINE_FOOTER_TEXT','<strong>Tel：</strong><b style=\"color:#ff0000;\">400-667-2838</b><br />\r\n<strong>Mobile：</strong><b style=\"color:#ff0000;\">15316307704</b><br />\r\n<img alt=\"微信扫一扫 关注我们\" src=\"/Upload/1429539049.jpg\" style=\"width: 120px; height: 120px; \" title=\"微信扫一扫 关注微信公众号\" /><br />\r\n<b style=\"color: rgb(255, 0, 0);\">www021mxcn</b><br />\r\n<strong>Attention US</strong>',NULL,'online','1','2'),
('78','ORDER_ALLOW','1','订单权限','order','1','0'),
('79','ORDER_PAGESIZE','10','每页显示订单数','order','1','0'),
('80','STAT_USERNAME','','统计帐号','stat','1','0'),
('81','STAT_USERPWD','','登录密码','stat','1','0'),
('82','STAT_CODE','','统计代码','stat','1','0'),
('83','STAT_ENABLE','1','是否启用统计','stat','1','0'),
('84','SHARE_STYLE','6',NULL,'baidushare','1','0'),
('85','SHARE_TOP','180',NULL,'baidushare','1','0'),
('86','SHARE_POS','right',NULL,'baidushare','1','0'),
('87','SHARE_SIZE','0',NULL,'baidushare','1','0'),
('88','SHARE_ENABLE','1',NULL,'baidushare','1','0'),
('89','MOBILE','15316307701',NULL,'contact','1','2'),
('90','TELEPHONE','400-667-2838',NULL,'contact','1','2'),
('91','FAX','400-667-2838',NULL,'contact','1','2'),
('92','EMAIL','5952366@qq.com',NULL,'contact','1','2'),
('93','QQ','',NULL,'contact','1','2'),
('94','POSTCODE','410100',NULL,'contact','1','2'),
('95','LINK_ENABLE','1','是否启用生成关键词内链','link','1','0'),
('96','LINK_KEYWORD','','关键词对应链接设置','link','1','0'),
('97','WEB_BAD_IP','',NULL,'basic','1','0'),
('98','WAP_URL','','手机网站域名','domain','1','0'),
('99','WEB_LOGO','/Upload/public/logo.png',NULL,'basic','1','1'),
('100','WEB_LOGO','/Upload/public/logo.png',NULL,'basic','1','2'),
('101','MEMBER_ADD_CHECK','1',NULL,'reg','1','0'),
('102','DEFAULT_THEME','Default',NULL,'wap/config','1','0'),
('103','ONLINE_STYLE','blue_en',NULL,'online','1','2'),
('104','HTML_ENABLE','0',NULL,'html','1','0'),
('105','INDEX_CACHE_TIME','604800',NULL,'html','1','0'),
('106','CHANNEL_CACHE_TIME','1296000',NULL,'html','1','0'),
('107','INFO_CACHE_TIME','0',NULL,'html','1','0'),
('108','AUTO_DEL_ENABLE','1',NULL,'other','1','0'),
('109','AUTO_UPLOAD_ENABLE','1',NULL,'other','1','0'),
('110','DEL_LINK_ENABLE','1',NULL,'other','1','0'),
('111','ALLOW_LINK','',NULL,'other','1','0'),
('112','WATER_ENABLE','0',NULL,'water','1','0'),
('113','MEMBER_LOGIN_VERIFYCODE','1',NULL,'reg','1','0'),
('114','ORDER_VERIFYCODE','1',NULL,'order','1','0'),
('115','THUMB_ENABLE','0',NULL,'thumb','1','0'),
('116','THUMB_WATER_ENABLE','0',NULL,'thumb','1','0'),
('117','THUMB_TYPE','2',NULL,'thumb','1','0'),
('118','THUMB_WIDTH','160',NULL,'thumb','1','0'),
('119','THUMB_HEIGHT','160',NULL,'thumb','1','0'),
('120','WATER_TYPE','2',NULL,'water','1','0'),
('121','WATER_TEXT','',NULL,'water','1','0'),
('122','WATER_FONT','simkai.ttf',NULL,'water','1','0'),
('123','WATER_TEXT_SIZE','12',NULL,'water','1','0'),
('124','WATER_TEXT_COLOR','#FF0000',NULL,'water','1','0'),
('125','WATER_TEXT_ANGLE','0',NULL,'water','1','0'),
('126','WATER_POSITION','9',NULL,'water','1','0'),
('127','THUMB_FIRST','1',NULL,'thumb','1','0'),
('128','WAP_AUTO_REDIRECT','0',NULL,'wap','1','0'),
('129','WAP_PC_ACCESS','0',NULL,'wap','1','0'),
('130','WAP_LOGO','',NULL,'wap','1','0'),
('131','LANG_AUTO_DETECT','1',NULL,'core','1','0'),
('132','DEFAULT_LANG','cn',NULL,'core','1','0'),
('133','EMAIL_SENDER','上海麦香网络',NULL,'basic','1','1'),
('134','EMAIL_ACCOUNT','5952366@qq.com',NULL,'basic','1','1'),
('135','EMAIL_SMTP','smtp.qq.com',NULL,'basic','1','1'),
('136','EMAIL_PASSWORD','yang-4861002',NULL,'basic','1','1'),
('137','EMAIL_BODY','您好，{$MemberName}!感谢您注册成为{$WebName}会员。\r\n请点击以下链接激活会员帐号:\r\n{$Activate}',NULL,'reg','1','1'),
('138','EMAIL_BODY','Hello，{$MemberName}!Welcome to register the member of {$WebName}.\r\nplease click the following url to activate:{$Activate}',NULL,'reg','1','2'),
('139','EMAIL_SENDER','',NULL,'basic','1','2'),
('140','EMAIL_ACCOUNT','',NULL,'basic','1','2'),
('141','EMAIL_SMTP','',NULL,'basic','1','2'),
('142','EMAIL_PASSWORD','',NULL,'basic','1','2'),
('143','ORDER_EMAIL','0',NULL,'order','1','0'),
('144','ORDER_EMAIL_BODY','',NULL,'order','1','0'),
('146','MEMBER_ENABLE','1',NULL,'reg','1','0'),
('147','GUEST_BOOK_SENDEMAIL','0',NULL,'guestbook','1','0'),
('148','WX_TOKEN','ulEe1ddhThLo2wielEKi',NULL,'wx','1','0'),
('149','WX_APP_ID','wx5f585b778380c901',NULL,'wx','1','0'),
('150','WX_APP_SECRET','a29875bafe0dde79927f15f2b14d3ed3',NULL,'wx','1','0'),
('151','COMMENT_PAGE_SIZE','5',NULL,'comment','1','0'),
('152','WX_LOGO','/Upload/1429538971.jpg',NULL,'wx','1','0'),
('153','WX_NAME','上海麦香网络科技有限公司',NULL,'wx','1','0'),
('154','WX_ORIGINAL_ID','gh_76ffeaf2c33a',NULL,'wx','1','0'),
('155','WX_ID','www021mxcn',NULL,'wx','1','0'),
('156','WX_DESCRIPTION','麦香网络是专业上海网站建设公司,一直为上海网站建设,网站制作,网站设计,购物网站建设以及网站优化而努力上海网络营销公司,现推出响应式HTML5网站建设业务！团队有11年的上海网站建设,网站制作,网站设计从业经验,在上海网站建设行业有着丰富的经验,与众多需要网页设计的企业有着长久的合作,麦香网络具备多项上海网站建设技术,对上海网站建设行业,能针对客户的个性化要求提供个性化网页设计,按照高标准来建设网站',NULL,'wx','1','0'),
('157','WX_QRCODE','/Upload/1429539049.jpg',NULL,'wx','1','0'),
('158','WAP_STATUS','1',NULL,'wap','1','0'),
('159','WX_SAVE_MSG','0',NULL,'wx','1','0'),
('160','GUEST_BOOK_EMAIL','',NULL,'guestbook','1','0'),
('161','GUEST_BOOK_EMAIL_TITLE','网站留言提醒',NULL,'guestbook','1','0'),
('162','GUEST_BOOK_EMAIL_BODY','',NULL,'guestbook','1','0'),
('163','ORDER_EMAIL_TITLE','订购通知',NULL,'order','1','0'),
('164','FEEDBACK_VERIFYCODE','0',NULL,'guestbook','1','0'),
('165','FEEDBACK_SENDEMAIL','0',NULL,'guestbook','1','0'),
('166','FEEDBACK_EMAIL','',NULL,'guestbook','1','0'),
('167','FEEDBACK_EMAIL_TITLE','网站反馈通知邮件',NULL,'guestbook','1','0'),
('168','FEEDBACK_CHECK','0',NULL,'guestbook','1','0'),
('169','WEB_ICON','',NULL,'basic','1','0');

INSERT INTO `youdian_info` VALUES
('4','21',NULL,'1','热烈祝某某网站管理系统3.0正式发布','','<p>\r\n	新版增加了手机网站、子域名绑定、网站优化等功能。</p>\r\n<p>\r\n	系统采用PHP+MySQL进行开发，它具有操作简单、功能强大、稳定性好、易扩展、安全性强、后期维护方便等特点，可以帮您迅速、轻松地构建起一个强大专业的企业网站。系统支持手机网站、多语言、自定义模型、SEO优化、静态页生成、评论留言、订购、会员、广告、招聘、统计、自助表单等常见企业网站基本功能，通过灵活的插件机制还能扩展更多应用。凭借公司团队长期积累的丰富的Web开发经验和勇于创新追求完美的设计理念，使得产品得到了许多企业的认可，并且越来越多地被应用到大中型商业网站。</p>\r\n','0','/Upload/news/2.jpg','','','0','0','','','','','0','2013-03-26 11:55:23',NULL,'13','','3',NULL,NULL,NULL,NULL,NULL,'1','1','1','1',''),
('5','21',NULL,'1','2013年公司将研发云计算平台企业网站管理系统','','<p>\r\n	<span style=\"color: #0000ff\"><b>2013年公司将研发云计算平台企业网站管理系统</b></span></p>\r\n<p>\r\n	<b>云计算</b>如今发展的额相当迅速，因为在企业发展中如果使用云计算将会帮你获得更大的竞争优势。在商业竞争中，如果让竞争对手占了先机，那么企业将会受到威胁。下面介绍下，基于云计算的企业网站管理系统将给我们带来的3点便利：<br />\r\n	&nbsp;</p>\r\n<p align=\"left\">\r\n	&nbsp;<strong> &nbsp; 1.节约成本，降低IT管理费用，创造价格优势。</strong></p>\r\n<p align=\"left\">\r\n	有的企业能够按成本价出售产品，却依然能盈利，这是为什么呢？通过使用基于云计算的服务，可以把成本降低了一半，而之前企业每年要在IT领域投资5000万美元。或者可以抛弃了原先投资建设新数据中心的计划，但企业通过使用云计算，节约成本、降低售价，从而扩大销量，获取更高的利润。</p>\r\n<p align=\"left\">\r\n	&nbsp;</p>\r\n<p align=\"left\">\r\n	<strong>&nbsp; &nbsp; 2.更好地使用商业数据。</strong></p>\r\n<p align=\"left\">\r\n	云计算使大数据的处理成为变得简单，而传统方法通常要付出很高的成本。有了云计算，许多企业广泛地获取信息，决定企业的发展方向并发现各种机会，而之前他们往往苦于信息的匮乏。通过基于云技术的大型数据系统，他们能够更加理智地收集各种资源，并利用他们创造收益。如果你的企业正在这样做，可以给你的竞争对手带来更大的威胁。</p>\r\n<p align=\"left\">\r\n	&nbsp;</p>\r\n<p align=\"left\">\r\n	<strong>&nbsp; &nbsp; 3.充分利用IT技术新的灵活性扩大企业规模。</strong></p>\r\n<p align=\"left\">\r\n	现如今，许多企业希望通过合并或者收购来扩大企业规模，但由于转变现有的IT设施所需的时间太长而不得不放弃。这是相当令人扫兴的。而云计算有着更好的灵活性，可以快速构建基础设施、应用程序以及商业数据。利用这一点，企业可以更快的扩大规模，而且成本会更低，风险也会更小。更加有利于企业的发展。</p>\r\n','0','','','','0','0','','','','','0','2013-03-26 11:55:23',NULL,'35','','1',NULL,NULL,NULL,NULL,NULL,'1','1','1','1',NULL),
('6','21',NULL,'1','成功研发手机版网站','','<p>\r\n	<br />\r\n	手机网站目前已成为通过移动电话或其他无线终端访问无线信息服务的全球事实标准。它的发展与应用是无可限量的，可以说唯一的限制就是你的想像力，手机网站不但使现有的许多应用得到了突飞猛进的改变，同时也催生出更多崭新的增值业务。</p>\r\n<p>\r\n	工信部数据显示，截至2011年5月底，我国手机用户总数突破9亿，3G网络、智能手机、移动互联网成为推动手机用户增长的一个主要因素；同时，我国网民规模已达4.57亿，手机网民约为3亿，智能终端和手机上网的数量已经超越了笔记本和固定PC机上网的数量。<br />\r\n	&nbsp;</p>\r\n<p style=\"text-align: center\">\r\n	&nbsp;</p>\r\n<div class=\"feature-desc feature-left\">\r\n	<p>\r\n		<span style=\"font-size: 14px\"><strong>手机网站五大优势:</strong></span></p>\r\n	<p>\r\n		<span style=\"font-size: 14px\"><strong>1.跨平台，节省开发成本</strong><br />\r\n		不需要为苹果、安卓、微软Windows、黑莓等不同移动平台单独开发，一次开发，所有平台都能使用。</span></p>\r\n	<p>\r\n		<span style=\"font-size: 14px\"><strong>2.无需下载，即刻浏览</strong><br />\r\n		用户可瞬间打开手机网站，无需耗费大量时间、流量从APP商店下载，大大降低使用门槛。</span></p>\r\n	<p>\r\n		<span style=\"font-size: 14px\"><strong>3.有效利用搜索引擎推广</strong><br />\r\n		手机网站可被百度、谷歌等搜索引擎检索，导入大量流量。</span></p>\r\n	<p>\r\n		<span style=\"font-size: 14px\"><strong>4.便于网络营销推广</strong><br />\r\n		网页可通过链接形式在短信、微博、论坛、邮件等多种渠道推广，聚集多方流量。</span></p>\r\n	<p>\r\n		<span style=\"font-size: 14px\"><strong>5.方便访问</strong><br />\r\n		随时随地，只要有手机就能访问。</span></p>\r\n	<h3>\r\n		<span style=\"font-size: 14px\"><span style=\"color: #ff0000\"><span style=\"font-size: 20px\">4亿人都在用手机浏览网页，您的网站准备好了吗？</span></span></span></h3>\r\n	<p>\r\n		<br />\r\n		&nbsp;</p>\r\n</div>\r\n<p>\r\n	&nbsp;</p>\r\n','0','','','','0','0','','','','','0','2013-03-26 11:55:23',NULL,'39','','1',NULL,NULL,NULL,NULL,NULL,'1','1','1','1',''),
('7','21',NULL,'1','独立IP虚拟主机上线','','<p>\r\n	近日，本司独立IP虚拟主机产品正式上线，每个IP只需要相当低的价格即可申请！传统虚拟主机，有数百用户共同使用同壹台服务器的资源，包含硬件、网络等资源，每台服务器被分配了一个IP地址。由于IPv4地址资源并不是用之不竭，多用户共享一个IP地址的虚拟主机产品，成为有效控制成本的最佳产品。但随着网络的快速发展，网站主对资源需求的增加，独立IP地址的需求也更加迫切。2012年初，IPv4地址池已经没有可再分配的资源，所以IP地址变得更为紧俏。</p>\r\n<p>\r\n	　　目前，行业独立IP地址成本已达到300元/年。即便现在已经涨到如此高的价格，但很多IDC企业亦到了无资源可售的现状。</p>\r\n<p>\r\n	　　在当今的网络环境中，独立IP地址与共享IP地址在网站运行过程中，分别会有那些方面的区别呢？</p>\r\n<p>\r\n	　　独立IP就是一个IP对应一个网站，这样搜索引擎会评定该网站质量更高，更容易抓取到该网站的页面，从而提高其收录级别，利于SEO，网站宣传和网络营销成本不仅降低，其效果也将更有保证，而共享IP条件下则会降低网站收录级别。独立IP虚拟主机除了能提高网站的收录级别，还有重要一点是规避连带风险。当同台服务器的其他网站因受攻击、因违规内容被封IP等情况下，采用独立IP的网站均可以避免被牵连。</p>\r\n<p>\r\n	　　百度百科里面关于&ldquo;IP地址&rdquo;用这样一个例子来理解：在电话通讯中，电话用户是靠电话号码来识别的。同样，在网络中为了区别不同的计算机，也需要给计算机指定一个连网专用号码，这个号码就是&ldquo;IP地址&rdquo;。</p>\r\n<p>\r\n	　　目前IP地址资源非常稀缺，业界只有少数几家服务商提供独立IP的虚拟主机，且IP地址收费较贵。此次西部数码大规模推出价格便宜的独立IP主机，可以让广大站长以低成本获得众多的IP资源，同时也彰显了西部数码的行业地位和资源储备实力。</p>\r\n','0','','','','0','0','','','','','0','2013-03-26 11:55:23',NULL,'155','','3',NULL,NULL,NULL,NULL,NULL,'1','1','1','1',''),
('8','22',NULL,'1','奇虎360与谷歌达成搜索合作协议','','<p>\r\n	网易科技讯 1月4日消息，据国外媒体报道，之前有消息称奇虎360与谷歌有望达成搜索合作协议，可能对中国搜索巨头百度形成威胁，而奇虎方面已经向ZDNet正式确认了这一消息，表示与谷歌的合作协议确实存在，但拒绝透露更多细节。</p>\r\n<p>\r\n	彭博社于本周早些时候援引投资公司WedgePartners的分析表示，奇虎与谷歌将于2013年年初展开合作。奇虎首席执行官周鸿祎之前也曾表示，奇虎愿意与谷歌，微软，搜狗等拥有搜索引擎服务的公司展开合作。</p>\r\n<p>\r\n	之后美国独立分析机构ABR InvestmentStrategy也爆料称奇虎与谷歌的合作即将展开。ABR表示：&ldquo;有鉴于预期中奇虎与谷歌的合作，我们将2013财年搜索营收预期从6200万美元调高至9000万美元。&rdquo;</p>\r\n<p>\r\n	而当ZDNet Asia联系到奇虎方面进行采访时，奇虎方面表示：&ldquo;奇虎只能确认与谷歌之间的合作确实存在，但目前无法透露任何细节信息。&rdquo;</p>\r\n<p>\r\n	花旗银行分析师李幕至(音译Lee Muzhi)与拉维&bull;萨拉蒂(RaviSarathy)表示，奇虎与谷歌的合作对于百度而言是个坏消息。他们重申了百度的卖出评级，表示这是因为奇虎搜索服务货币化以及与谷歌关键词服务进行合作的缘故。</p>\r\n<p>\r\n	如果一切进展顺利，奇虎将于谷歌首次展开合作。之前奇虎曾在其浏览器中使用谷歌搜索服务，现在则已经替换成了自己的搜索服务。</p>\r\n<p>\r\n	奇虎在安全软件领域已经确立了自己的地位，该公司也已经将业务延伸至其他互联网服务领域，如浏览器和搜索引擎服务。(西风)<br />\r\n	&nbsp;</p>\r\n','0','','','','0','0','','','','','0','2013-03-26 12:00:04',NULL,'8','','3',NULL,NULL,NULL,NULL,NULL,'1','1','1','1',NULL),
('9','22',NULL,'1','万网被指存在安全漏洞可导致注册域名被恶意劫持','','<p>\r\n	新浪科技讯 1月4日午间消息，安全问题反馈平台乌云(wooyun.org)今日通过微博发布消息称，万网存在安全漏洞可导致注册域名被恶意劫持。</p>\r\n<p>\r\n	乌云在微博中表示，&ldquo;近期万网被证明存在安全漏洞，恶意用户可以任意劫持在万网注册的域名，在万网彻底修复漏洞之前建议各位站长和企业添加对域名的监控&rdquo;。</p>\r\n<p>\r\n	实际上，乌云就是这一漏洞的受害者。据乌云微博透露，这一漏洞的存在导致乌云遭受攻击，&ldquo;并且一段时间内无法访问且造成了实际的权益损失&rdquo;。乌云官方进一步表示，作为万网用户将保留起诉的权利。</p>\r\n<p>\r\n	对此，律师赵占领指出：如果是自身存在漏洞而不是用户原因导致域名被劫持，万网应该向用户赔偿损失。否则，用户可以通过法律途径追究万网责任。</p>\r\n<p>\r\n	至截稿时，万网方面未对此作出回应。<br />\r\n	&nbsp;</p>\r\n','0','','','','0','0','','','','','0','2013-03-26 12:00:04',NULL,'9','','',NULL,NULL,NULL,NULL,NULL,'1','1','1','1',NULL),
('10','22',NULL,'1','360搜索引擎http://so.360.cn上线','','<p>\r\n	前几日盛传奇虎360欲推自己的搜索引擎，今天，360的搜索引擎悄然上线，一些业内人士已经得到小道消息并开始试用。360搜索启用二级域名so.360.cn。</p>\r\n<p>\r\n	目前360搜索的界面还非常简陋，下图中红色的下标采取了与&ldquo;有道搜索&rdquo;类似的设计。另外，除了网页搜索由360搜索提供搜索结果之外，新闻搜索，MP3搜索，图片搜索，地图搜索，问答搜索等均直接链接到百度的对应搜索分类，视频搜索链接到360原有的&ldquo;360影视搜索&rdquo;。</p>\r\n<p>\r\n	可能鉴于360搜索刚刚上线，搜索技术和体验还不够完善，因此360搜索目前仍保留了百度和Google搜索，将这两个搜索都集成到360搜索的页面，如果用户觉得360搜索的结果不满意，可直接点击切换到百度搜索或者Google搜索。</p>\r\n<p>\r\n	从微博上大家对360搜索引擎的测试结果来看，360搜索有可能走的是Blekko的路线（个人猜测），也就是只索引权威的站点以保证搜索结果的权威性和剔除垃圾站。</p>\r\n<p>\r\n	&nbsp;</p>\r\n<p>\r\n	8月10日程苓峰曾在微博上透露：</p>\r\n<p>\r\n	听说360即将推出独立域名的一般搜索。本来是要推出基于浏览器的资讯推荐，但还不成熟。也听说会对其他搜索引擎结果里的＂非法＂内容或者广告进行标注以提醒用户。</p>\r\n<p>\r\n	目前看来所言非虚，另据Fenng在微博上透露的消息：</p>\r\n<p>\r\n	关于 360 搜索的更多小道消息：地址大家都知道了，现在在做初期试水，自己的搜索效果还不够好，可能会和 Bing 先做合作。等实际成熟再用自己的。360 股价要涨。</p>\r\n<p>\r\n	&nbsp;</p>\r\n<p>\r\n	另外下午会有小热闹可看：搜狗CEO王小川在微博上表示：</p>\r\n<p>\r\n	借三级火箭模式，360终于发布通用搜索了。网民有更多的选择是好事情。但搜索技术需要长时间积累，我们也要担心品质不佳用不正当手段伤害用户。我之前就听说研发过程有一些超越底线的&ldquo;极端手段&rdquo;。搜狗搜索团队会对360搜索品质做一个常规性评测，下午给大家发报告。</p>\r\n<p>\r\n	目前360官方以及周鸿祎尚未披露更多消息。<br />\r\n	&nbsp;</p>\r\n','0','','','','0','0','','','','','0','2013-03-26 12:00:04',NULL,'9','','',NULL,NULL,NULL,NULL,NULL,'1','1','1','1',NULL),
('11','22',NULL,'1','哪些原因会导致数据中心断网？','','<p>\r\n	人再囧途之泰囧在2012年岁末床下了华语电影的票房记录，而且还在刷新着记录。但是在IT界，频频爆发的数据中心安全故障事件，也在一次次冲击着企业用户的心理防线。只期待，数据中心的安全问题，不要成为人再囧途之&ldquo;泰囧&rdquo;。</p>\r\n<p>\r\n	云计算服务在这个时代被吹捧成为IT圣者，所有的服务都可以被&ldquo;云&rdquo;化。但是，当很多公司勇于第一个吃螃蟹之后，却发现往往最容易受伤的也是他们。近几年来，层出不穷的云服务断网事件，让业界听得心惊胆寒。</p>\r\n<p>\r\n	<img alt=\"\" src=\"/Upload/news/135I5001YE50-23296%5B1%5D.jpg\" style=\"width: 350px; height: 253px\" /></p>\r\n<p>\r\n	人们渐渐回归理想，更加清晰地看清楚云计算的真面目。可以说，无论多么高远的梦想还是要找到稳固的立足点，云服务最终还是要从一个数据中心被传输到另外一个数据中心，在这个过程仍然摆脱不了需要人、计算机、网络、电能、存储等之间协同工作。这样一来，整个过程出现错误和漏洞就在所难免，再加上天灾人祸。所以，启用云服务你必须有一定的思想准备，同时要有第二手的解决方案来应对。</p>\r\n<p>\r\n	编者在这里回顾一下近年来发生的一系列断网事件背后的原因。从2009年-2012年之间。也许能让你看到：即便是计算机出错似乎在所难免，再保险的措施似乎也只能把安全事件控制在一个小概率范围内。</p>\r\n<p>\r\n	<strong>断网类型一：系统故障</strong></p>\r\n<p>\r\n	典型事件1：亚马逊AWS平安夜断网</p>\r\n<p>\r\n	故障原因：弹性负载均衡服务故障</p>\r\n<p>\r\n	2012年12月24日，刚刚过去的圣诞节平安夜，亚马逊并没有让他们的客户过得太平安。亚马逊AWS位于美国东部1区的数据中心发生故障，其弹性负载均衡服务（Elastic Load Balancing Service）中断，导致Netflix和Heroku等网站受到影响。其中，Heroku在之前的AWS美国东部区域服务故障中也受到过影响。不过，有些巧合的事情是Netflix的竞争对手，亚马逊自己的业务Amazon Prime Instant Video并未因为这个故障而受到影响。</p>\r\n<p>\r\n	12月24日，亚马逊AWS中断服务事件不是第一次，当然也绝非最后一次。</p>\r\n<p>\r\n	2012年10月22日，亚马逊位于北维吉尼亚的网络服务AWS也中断过一次。其原因与上次相似。事故影响了包括Reddit、Pinterest等知名大网站。中断影响了弹性魔豆服务，其后是弹性魔豆服务的控制台，关系数据库服务，弹性缓存，弹性计算云EC2，以及云搜索。这次事故让很多人认为，亚马逊是应该升级其北维尼吉亚数据中心的基础设施了。</p>\r\n<p>\r\n	2011年4月22日，亚马逊云数据中心服务器大面积宕机，这一事件被认为是亚马逊史上最为严重的云计算安全事件。由于亚马逊在北弗吉尼亚州的云计算中心宕机，包括回答服务Quora、新闻服务Reddit、Hootsuite和位置跟踪服务FourSquare在内的一些网站受到了影响。亚马逊官方报告中声称，此次事件是由于其EC2系统设计存在漏洞和设计缺陷，并且在不断修复这些已知的漏洞和缺陷来提高EC2（亚马逊ElasticComputeCloud服务）的竞争力。</p>\r\n<p>\r\n	2010年1月，几乎6万8千名的Salesforce.com用户经历了至少1个小时的宕机。Salesforce.com由于自身数据中心的&ldquo;系统性错误&rdquo;，包括备份在内的全部服务发生了短暂瘫痪的情况。这也露出了Salesforce.com不愿公开的锁定策略：旗下的PaaS平台、Force.com不能在Salesforce.com之外使用。所以一旦Salesforce.com出现问题，Force.com同样会出现问题。所以服务发生较长时间中断，问题将变得很棘手。</p>\r\n<p>\r\n	&nbsp;</p>\r\n<p>\r\n	<strong>断网诱因二：自然灾害</strong></p>\r\n<p>\r\n	典型事件1：亚马逊北爱尔兰柏林数据中心宕机</p>\r\n<p>\r\n	故障原因：闪电击中柏林数据中心的变压器</p>\r\n<p>\r\n	2011年8月6日，在北爱尔兰都柏林出现的闪电引起亚马逊和微软在欧洲的云计算网络因为数据中心停电而出现大规模宕机。闪电击中都柏林数据中心附近的变压器，导致其爆炸。爆炸引发火灾，使所有公用服务机构的工作暂时陷入中断，导致整个数据中心出现宕机。</p>\r\n<p>\r\n	这个数据中心是亚马逊在欧洲唯一的数据存储地，也就是说，EC2云计算平台客户在事故期间没有其他数据中心可供临时使用。宕机事件使得采用亚马逊EC2云服务平台的多家网站长中断达两天时间之久。</p>\r\n<p>\r\n	典型事件2：卡尔加里数据中心火灾事故</p>\r\n<p>\r\n	故障原因：数据中心发生火灾</p>\r\n<p>\r\n	2012年7月11日卡尔加里数据中心火灾事故：加拿大通信服务供应商ShawCommunicationsInc位于卡尔加里阿尔伯塔的数据中心发生了一场火灾，造成当地医院的数百个手术延迟。由于该数据中心提供管理应急服务，此次火灾事件影响了支持关键公共服务主要的备份系统。此次事件为一系列政府机构敲响了警钟，必须确保及时的恢复和拥有故障转移系统，同时结合出台灾害管理计划。</p>\r\n<p>\r\n	典型事件3：超级飓风桑迪袭击数据中心</p>\r\n<p>\r\n	故障原因：风暴和洪水导致数据中心停止运行</p>\r\n<p>\r\n	2012年10月29日，超级飓风桑迪：纽约和新泽西州的数据中心都受到了此次飓风的影响，所带来的恶劣影响包括为曼哈顿下城地区的洪水和一些设施的停机，周围地区数据中心发电机运行失常。飓风桑迪所带来的影响超出了一般单一的中断事故，为受灾地区数据中心产业带来了规模空前的灾难。事实上，柴油已然成为了数据中心恢复工作的生命线，作为备用电源系统接管了整个地区的负荷，促使特别措施，保持发电机的燃料。随着眼前的工作重点逐步转移到灾后重建，我们有必要长期就数据中心的选址、工程和灾难恢复进行探讨，这一话题可能将持续几个月，甚至几年。</p>\r\n<p>\r\n	&nbsp;</p>\r\n<p>\r\n	<strong>断网诱因三：人为因素</strong></p>\r\n<p>\r\n	典型事件1：Hosting.com服务中断事故</p>\r\n<p>\r\n	故障原因：服务供应商执行断路器操作顺序不正确造成的UPS关闭</p>\r\n<p>\r\n	2012年7月28日Hosting.com停运事件：人为错误通常被认为是数据中心停机的主导因素之一。7月Hosting.com中断事件造成 1100名客户服务中断就是一个例子。停机事故的发生是由于该公司位于特拉华州纽瓦克的数据中心正进行UPS系统预防性维护，&ldquo;服务供应商执行断路器操作顺序不正确造成的UPS关闭是造成数据中心套房内的设施损失的关键因素之一。&rdquo;Hosting.com首席执行官ArtZeile说。&ldquo;没有任何重要的电力系统或备用电源系统出现故障，完全是一种人为的错误造成的。&rdquo;</p>\r\n<p>\r\n	典型事件2：微软爆发BPOS服务中断事件</p>\r\n<p>\r\n	故障原因：微软在美国、欧洲和亚洲的数据中心的一个没有确定的设置错误造成的</p>\r\n<p>\r\n	2010年9月，微软在美国西部几周时间内出现至少三次托管服务中断事件向用户致歉。这是微软首次爆出重大的云计算事件。</p>\r\n<p>\r\n	事故当时，用户访问BPOS（Business Productivity Online Suite）服务的时候，如果使用微软北美设施访问服务的客户可能遇到了问题，这个故障持续了两个小时。虽然，后来微软工程师声称解决了这一问题，但是没有解决根本问题，因而又产生了9月3日和9月7日服务再次中断。</p>\r\n<p>\r\n	微软的Clint Patterson说，这次数据突破事件是由于微软在美国、欧洲和亚洲的数据中心的一个没有确定的设置错误造成的。BPOS软件中的离线地址簿在&ldquo;非常特别的情况下&rdquo;提供给了非授权用户。这个地址簿包含企业的联络人信息。</p>\r\n<p>\r\n	微软称，这个错误在发现之后两个小时就修复了。微软称，它拥有跟踪设施，使它能够与那些错误地下载这些数据的人取得联系以便清除这些数据。</p>\r\n<p>\r\n	&nbsp;</p>\r\n<p>\r\n	<strong>断网诱因四：系统故障</strong></p>\r\n<p>\r\n	典型事件1：GoDaddy网站DNS服务器中断</p>\r\n<p>\r\n	故障原因：系统内一系列路由器的数据表造成的网络中断</p>\r\n<p>\r\n	2012年9月10日GoDaddy网站DNS服务器中断：域名巨头GoDaddy是一家最重要的DNS服务器供应商，其拥有500万个网站，管理超过5000万的域名。这就是为什么九月10日中断事故会是一个2012年最具破坏性的事件。</p>\r\n<p>\r\n	一些炒作甚至认为，此次长达6个小时的中断事件是由于拒绝服务攻击的结果，但GoDaddy后来表示，这是路由器表的损坏数据造成的。&ldquo;服务中断不是由外部影响造成的。&rdquo;GoDaddy的临时首席执行官史葛瓦格纳说。&ldquo;这不是黑客攻击也不是一个拒绝服务攻击（DDoS）。我们已经确定了服务中断是由于内部的一系列路由器的数据表造成的网络事件损坏。&rdquo;</p>\r\n<p>\r\n	典型事件2：盛大云存储断网</p>\r\n<p>\r\n	故障原因：数据中心一台物理服务器磁盘损坏</p>\r\n<p>\r\n	2012年8月6日晚上8：10，盛大云在其官方微博上发布一则因云主机故障致用户数据丢失事件的公开声明。声明说到：8月6日，盛大云在无锡的数据中心因为一台物理服务器磁盘发生损坏，导致&ldquo;个别用户&rdquo;数据的丢失。盛大云已经在尽全力协助用户恢复数据。</p>\r\n<p>\r\n	对于因为一台&ldquo;物理服务器磁盘发生损坏&rdquo;，导致&ldquo;个别用户&rdquo;数据的丢失的情况，盛大云技术人员给出自己的解释：虚拟机的磁盘有两种生产方式，一种是直接使用宿主机的物理磁盘。这种情况下，如果宿主机的物理磁盘发生故障，云主机不可避免会造成数据丢失，这也是本次事件产生的原因;另外一种是使用远程存储，也就是盛大硬盘产品，这种方式实际上是把用户的数据存到了远程的一个集群里，并同时做了多份备份，即使宿主机出故障也不会影响到云主机的数据。因为物理机的损坏很难避免，为了避免您遇到意外损失，我们建议您在云主机之外，也做好数据备份。</p>\r\n<p>\r\n	典型事件3：Google App Engine中断服务</p>\r\n<p>\r\n	故障原因：网络延迟</p>\r\n<p>\r\n	Google App Engine：GAE是用于开发和托管WEB应用程序的平台，数据中心由google管理，中断时间是10月26日，持续4小时，因为突然变得反应缓慢，而且出错。受此影响，50%的GAE请求均失败。</p>\r\n<p>\r\n	谷歌表示没有数据丢失，应用程序行为也有备份可以还原。为表歉意，google宣布11月份用户可以google表示他们正在加强其网络服务以应对网络延迟问题，&ldquo;我们已经增强了流量路由能力，并调整了配置，这些将会有效防止此类问题再次发生&rdquo;。</p>\r\n<p>\r\n	&nbsp;</p>\r\n<p>\r\n	<strong>断网诱因五：系统Bug</strong></p>\r\n<p>\r\n	典型事件1：Azure全球中断服务</p>\r\n<p>\r\n	事故原因：软件Bug导致闰年时间计算不正确</p>\r\n<p>\r\n	2012年2月28日，由于&ldquo;闰年bug&rdquo;导致微软Azure在全球范围内大面积服务中断，中断时间超过24小时。虽然微软表示该软件BUG是由于闰年时间计算不正确导致，但这一事件激起了许多用户的强烈反应，许多人要求微软为此做出更合理详细的解释。</p>\r\n<p>\r\n	典型事件2：Gmail电子邮箱爆发全球性故障</p>\r\n<p>\r\n	事故原因：数据中心例行性维护时，新程序代码的副作用</p>\r\n<p>\r\n	2009年2月24日，谷歌的Gmail电子邮箱爆发全球性故障，服务中断时间长达4小时。谷歌解释事故的原因：在位于欧洲的数据中心例行性维护之时，有些新的程序代码（会试图把地理相近的数据集中于所有人身上）有些副作用，导致欧洲另一个资料中心过载，于是连锁效应就扩及到其它数据中心接口，最终酿成全球性的断线，导致其他数据中心也无法正常工作。</p>\r\n<p>\r\n	典型事件3：&ldquo;5.19断网事件&rdquo;</p>\r\n<p>\r\n	事故原因：客户端软件Bug，上网终端频繁发起域名解析请求，引发DNS拥塞</p>\r\n<p>\r\n	2009年5月19日的21：50，江苏、安徽、广西、海南、甘肃、浙江等六省用户申告访问网站速度变慢或无法访问。经过工信部相关单位调查通报称，此次全国六省网络中断事故，原因是国内某公司推出的客户端软件存在缺陷，在该公司域名授权服务器工作异常的情况下，导致安装该软件的上网终端频繁发起域名解析请求，引发DNS拥塞，造成大量用户访问网站慢或网页打不开。</p>\r\n<p>\r\n	其中，DN SPod是国内知名的域名解析服务商之一的N SPod公司，服务数家知名网站的域名解析服务。此次攻击导致DN SPod公司所属的6台dns域名解析服务器瘫痪，直接造成包括暴风影音在内的多家网络服务商的域名解析系统瘫痪，由此引发网络拥塞，造成大量用户不能正常上网。 工信部指出，此次事件暴露出域名解析服务成为目前网络安全的薄弱环节，指示各单位要加强对域名解析服务的安全保护。</p>\r\n<p>\r\n	小结</p>\r\n<p>\r\n	启用云服务的公司，很大程度是考虑这种服务可以更加编辑，性价比高。但是，这样的考虑如果是以降低安全性作为代价，估计很多公司老大不会同意。层出不穷的云服务断网事件引起了云端安全性的担忧。</p>\r\n<p>\r\n	目前来看，解决的办法可以从几个角度出发，对于企业级客户来说，务必在采用云服务的同时定期备份云端的数据，拥有第二套解决方案按，以备不时之需。而对于云服务提供商来说，既然各种断网事件是在所难免的，那就必须思考一个对策，将自己用户的损失降到最低，对断网事件的响应效率要提高。</p>\r\n<p>\r\n	政府部门则具有监督和提醒的职责，云服务相关的法律法律要相继出台和不断完善，并且提醒用户百分之百可靠的云计算服务目前还不存在。</p>\r\n','0','/Upload/news/4.jpg','','','0','0','','','','','0','2013-03-26 12:01:41',NULL,'12','','3',NULL,NULL,NULL,NULL,NULL,'1','1','1','1',NULL),
('12','22',NULL,'1','业界传出称百度将加速并购UCweb','','<p>\r\n	搜狐IT称来自投资界消息人士称，百度正在加速与优视科技（UCweb）进行资本谈判，以期控股或者战略投资UCweb。&ldquo;投资金山、UCweb的一系列谈判都是由李彦宏亲自带人进行的。预计很快将达成。&rdquo;2012年6月曾传百度4亿美金收购UC49%股份。不过交易并未达成。</p>\r\n<p>\r\n	&nbsp;</p>\r\n<p>\r\n	来自百度内部的消息人士称，百度近期加紧了一切防御性及移动端的投资，并加速推进投资过程，而此次的投资和并购都是由李彦宏亲自过问的。</p>\r\n<p>\r\n	&ldquo;百度缺乏移动端的入口，控股UCweb是最好的选择。&rdquo;投资界分析人士称。此前互联网分析师Keso也曾表示，&ldquo;如果此消息（百度并购UCweb）被证实，这将是百度一次防御性的收购，主要目的是防止UC被其它互联网巨头所收购。&rdquo;</p>\r\n<p>\r\n	不过，百度并购UCweb的交易能否达成还有许多因素在左右。消息人士称，在去年6月的接触中，百度给UCweb估值8.16亿美金，UCweb方面的自行估值为10亿美金，最终双方价格没有谈拢。而此次UCweb的估值可能更高，百度需要付出更多的现金，百度能否接受是个问题。同时，UCweb的创始团队以及阿里巴巴、诺基亚等战略投资者能否接受百度收购也是变数。</p>\r\n<p>\r\n	截至发稿时止，百度和UCweb尚未对双方洽谈一事作出评论。</p>\r\n<p>\r\n	<img alt=\"\" src=\"/Upload/news/135ZM1951a0-61W2.jpg\" style=\"width: 550px; height: 1267px\" /></p>\r\n','0','','','','0','0','','','','','0','2013-03-26 12:02:16',NULL,'16','','',NULL,NULL,NULL,NULL,NULL,'1','1','1','1',NULL),
('13','22',NULL,'1','百度大规模算法升级，SEO请慎用点击器类软件','','<p>\r\n	最近，由于百度进行大规模的算法升级和改版，搞的人心惶惶。先是百度新闻搜索失灵，又是百度搜索引擎频繁出错，尤其是稍长文本时更是每次必错。其中的一条就是针对目前比较流行的点击器类软件做了一定的算法调整，从最近此类软件提供商出现跑路事件，就可以肯定地说点击器要没市场了。百度点击器软件从2009年开始在国内流行，也称模拟点击，其主要通过P2P技术和代理技术来真实模拟用户的点击行为来影响搜索引擎排名。主要针对百度联盟广告、互点联盟、互点群等等性质的对百度联盟广告进行相互点击的行为进行惩罚。</p>\r\n<p>\r\n	我也收到了百度联盟的邮件通知，所有百度联盟内的网站，悬赏举报，可见人为使用软件模拟点击的行为已经触动了百度的根本利益，百度当然无法容忍。</p>\r\n<p>\r\n	最近有网友反馈：花了598买了个点击器软件，原本排名15位的词，用点击器模拟点击了一下午，结果第二天，不仅这个词的排名没了，最气愤的是，其它的关键词排名也都消失了，辛辛苦苦优化了大半年的网站，就只有搜索标题能搜索到了，连长尾词也一个都搜索不到了。</p>\r\n<p>\r\n	&nbsp;</p>\r\n','0','/Upload/news/3.jpg','','','0','0','','','','','0','2013-03-26 12:02:44',NULL,'16','','1',NULL,NULL,NULL,NULL,NULL,'1','1','1','1',NULL),
('14','22',NULL,'1','百度确认：蜘蛛会抓取纯文本链接的URL','','<p>\r\n	百度官方确认纯文本的链接URL会被百度抓取，百度爬虫会对网络上的纯文本链接进行抓取，以下是来自百度站长俱乐部Lee的回复!</p>\r\n<p>\r\n	1，文本链接url地址,百度会发现他是一个url地址并通过这个地址到相应的url地址上去抓取。</p>\r\n<p>\r\n	2，我们对链接是否应该传递权重，唯一的判断标准是：这个链接是否用户or对方网站真心推荐你的网站、这个推荐，是否对用户有价值。</p>\r\n<p>\r\n	注：纯文本链接也就是去掉了超链接的URL，多数投稿文章会被去掉超链接，无疑这是个好消息，<strong>但不能确认是否传递权重</strong>。</p>\r\n','0','','','','0','0','','','','','0','2013-03-26 12:03:11',NULL,'14','','',NULL,NULL,NULL,NULL,NULL,'1','1','1','1',NULL),
('15','22',NULL,'1','Godaddy被封，大量网站无法访问','','<p>\r\n	2012年5月，Godaddy的主站目前从中国地区解析很不稳定，解析被屏蔽，铁通线路正常，电信的基本都屏蔽掉了，越来越多的GoDaddy DNS服务器被区域性的干扰导致无法使用，这次主要是Godaddy自身的域名都无法解析了，使得大量网站无法访问，尤其是在Godaddy注册域名的站长。</p>\r\n<p>\r\n	从去年7月份开始，中国的一些电信运营商就开始屏蔽部分Godaddy的DNS服务，导致大量使用Godaddy的DNS的网站无法从中国访问，这种直接屏蔽NS（域名解析）服务的手法，影响非常恶劣，为了&ldquo;惩罚&rdquo;某一两个所谓的&ldquo;有害信息&rdquo;，直接导致成千上万的无辜网站无法访问，可谓&ldquo;宁可错杀一千，不可放过一个&rdquo;的极端手段。</p>\r\n<p>\r\n	Godaddy是世界第一大域名注册商，Godaddy的域名注册费用是同行业中非常低，平均价格只有国内域名服务的一半，是一个非常不错的域名服务商，例如万网注册 com域名要一年139元，Godaddy最低仅50元。众多网站主都在使用Godaddy的域名服务。中国网络服务商对知名域名注册商的这种非法屏蔽涉嫌不正当竞争。Godaddy全球市场占近32%，加上其他原因被国内屏蔽的，海外有三成以上网站在国内是无法正常访问的。</p>\r\n<p>\r\n	凡是使用GoDaddy提供的域名解析服务器的，都有可能被墙了。好在只是DNS被屏蔽，可以从Godaddy切换到DNSPod，期间host unknown 数分钟。使用国内DNS的方式。</p>\r\n<p>\r\n	另修改本机DNS可正常访问，试试Google dns:8.8.8.8。</p>\r\n','0','','','','0','0','','','','','0','2013-03-26 12:03:38',NULL,'70','','1',NULL,NULL,NULL,NULL,NULL,'1','1','1','1',NULL),
('16','30',NULL,'1','NET Framework 2.0简体中文版','','<p>\r\n	Microsoft .NET Framework 2.0 版可再发行组件包将安装运行针对 .NET Framework 2.0 版开发的应用程序时所需的 .NET Framework 运行库及相关文件。</p>\r\n<p>\r\n	　　.NET Framework 2.0 版改进了缓存，从而提高了应用程序的可扩展性和性能；使用 ClickOnce 改进了应用程序部署和更新；通过 ASP.NET 2.0 控件和服务对各种浏览器和设备提供更强大的支持。有关 .NET Framework 2.0 的详细信息，请单击此处。重要事项：不能在同一台计算机上安装两种不同语言版本的 .NET Framework。试图安装第二种语言版本的 .NET Framework 时，将会导致出现以下错误：&ldquo;安装程序无法安装 Microsoft .NET Framework，因为已经安装了该产品的其他版本。&rdquo;如果您要使用非英语的平台或要以另一种语言查看 .NET Framework 资源，则必须下载相应语言版本的 .NET Framework 语言包。发布日期： 2008/3/24，语言： 简体中文</p>\r\n','0','','','http://download.microsoft.com/download/c/6/e/c6e88215-0178-4c6c-b5f3-158ff77b1f38/NetFx20SP2_x86.exe','0','0','','','','','0','2013-03-26 16:14:31',NULL,'4','','',NULL,NULL,NULL,NULL,NULL,'1','1','1','1',NULL),
('19','24',NULL,'1','产品1标题','','<p>\r\n	产品描述信息</p>\r\n<p>\r\n	产品描述信息</p>\r\n<p>\r\n	产品描述信息</p>\r\n<p>\r\n	产品描述信息</p>\r\n<p>\r\n	产品描述信息</p>\r\n<p>\r\n	产品描述信息</p>\r\n<p>\r\n	产品描述信息</p>\r\n<p>\r\n	产品描述信息</p>\r\n<p>\r\n	产品描述信息</p>\r\n<p>\r\n	产品描述信息</p>\r\n<p>\r\n	产品描述信息</p>\r\n<p>\r\n	产品描述信息</p>\r\n<p>\r\n	产品描述信息</p>\r\n<p>\r\n	产品描述信息</p>\r\n<p>\r\n	产品描述信息</p>\r\n','0','','',NULL,'0','0',NULL,'','','','0','2013-03-26 18:13:32',NULL,'8',NULL,'','500','C001',NULL,NULL,NULL,'1','1','1','1',NULL),
('20','24',NULL,'1','产品2标题','','<p>\r\n	产品描述信息</p>\r\n<p>\r\n	产品描述信息</p>\r\n<p>\r\n	产品描述信息</p>\r\n<p>\r\n	产品描述信息</p>\r\n<p>\r\n	产品描述信息</p>\r\n<p>\r\n	产品描述信息</p>\r\n<p>\r\n	产品描述信息</p>\r\n<p>\r\n	产品描述信息</p>\r\n<p>\r\n	产品描述信息</p>\r\n<p>\r\n	产品描述信息</p>\r\n<p>\r\n	产品描述信息</p>\r\n<p>\r\n	产品描述信息</p>\r\n<p>\r\n	产品描述信息</p>\r\n<p>\r\n	产品描述信息</p>\r\n<p>\r\n	产品描述信息</p>\r\n','0','','',NULL,'0','0',NULL,'','','','0','2013-03-26 18:15:25',NULL,'0',NULL,'','298','C002',NULL,NULL,NULL,'1','1','1','1',NULL),
('21','24',NULL,'1','产品3标题','','<p>\r\n	产品描述信息</p>\r\n<p>\r\n	产品描述信息</p>\r\n<p>\r\n	产品描述信息</p>\r\n<p>\r\n	产品描述信息</p>\r\n<p>\r\n	产品描述信息</p>\r\n<p>\r\n	产品描述信息</p>\r\n<p>\r\n	产品描述信息</p>\r\n<p>\r\n	产品描述信息</p>\r\n<p>\r\n	产品描述信息</p>\r\n<p>\r\n	产品描述信息</p>\r\n<p>\r\n	产品描述信息</p>\r\n<p>\r\n	产品描述信息</p>\r\n<p>\r\n	产品描述信息</p>\r\n<p>\r\n	产品描述信息</p>\r\n<p>\r\n	产品描述信息</p>\r\n','0','','',NULL,'0','0',NULL,'','','','0','2013-03-26 18:15:25',NULL,'0',NULL,'','398','C003',NULL,NULL,NULL,'1','1','1','1',NULL),
('22','24',NULL,'1','产品4标题','','<p>\r\n	产品描述信息</p>\r\n<p>\r\n	产品描述信息</p>\r\n<p>\r\n	产品描述信息</p>\r\n<p>\r\n	产品描述信息</p>\r\n<p>\r\n	产品描述信息</p>\r\n<p>\r\n	产品描述信息</p>\r\n<p>\r\n	产品描述信息</p>\r\n<p>\r\n	产品描述信息</p>\r\n<p>\r\n	产品描述信息</p>\r\n<p>\r\n	产品描述信息</p>\r\n<p>\r\n	产品描述信息</p>\r\n<p>\r\n	产品描述信息</p>\r\n<p>\r\n	产品描述信息</p>\r\n<p>\r\n	产品描述信息</p>\r\n<p>\r\n	产品描述信息</p>\r\n','0','','',NULL,'0','0',NULL,'','','','0','2013-03-26 18:15:25',NULL,'0',NULL,'','856','C004',NULL,NULL,NULL,'1','1','1','1',NULL),
('23','24',NULL,'1','产品5标题','','<p>\r\n	产品描述信息</p>\r\n<p>\r\n	产品描述信息</p>\r\n<p>\r\n	产品描述信息</p>\r\n<p>\r\n	产品描述信息</p>\r\n<p>\r\n	产品描述信息</p>\r\n<p>\r\n	产品描述信息</p>\r\n<p>\r\n	产品描述信息</p>\r\n<p>\r\n	产品描述信息</p>\r\n<p>\r\n	产品描述信息</p>\r\n<p>\r\n	产品描述信息</p>\r\n<p>\r\n	产品描述信息</p>\r\n<p>\r\n	产品描述信息</p>\r\n<p>\r\n	产品描述信息</p>\r\n<p>\r\n	产品描述信息</p>\r\n<p>\r\n	产品描述信息</p>\r\n','0','','',NULL,'0','0',NULL,'','','','0','2013-03-26 18:15:25',NULL,'1',NULL,'','28','C005',NULL,NULL,NULL,'1','1','1','1',NULL),
('24','24',NULL,'1','产品6标题','','<p>\r\n	产品描述信息</p>\r\n<p>\r\n	产品描述信息</p>\r\n<p>\r\n	产品描述信息</p>\r\n<p>\r\n	产品描述信息</p>\r\n<p>\r\n	产品描述信息</p>\r\n<p>\r\n	产品描述信息</p>\r\n<p>\r\n	产品描述信息</p>\r\n<p>\r\n	产品描述信息</p>\r\n<p>\r\n	产品描述信息</p>\r\n<p>\r\n	产品描述信息</p>\r\n<p>\r\n	产品描述信息</p>\r\n<p>\r\n	产品描述信息</p>\r\n<p>\r\n	产品描述信息</p>\r\n<p>\r\n	产品描述信息</p>\r\n<p>\r\n	产品描述信息</p>\r\n','0','','',NULL,'0','0',NULL,'','','','0','2013-03-26 18:18:42',NULL,'0',NULL,'','28','C006',NULL,NULL,NULL,'1','1','1','1',NULL),
('25','24',NULL,'1','产品7标题','','<p>\r\n	产品描述信息</p>\r\n<p>\r\n	产品描述信息</p>\r\n<p>\r\n	产品描述信息</p>\r\n<p>\r\n	产品描述信息</p>\r\n<p>\r\n	产品描述信息</p>\r\n<p>\r\n	产品描述信息</p>\r\n<p>\r\n	产品描述信息</p>\r\n<p>\r\n	产品描述信息</p>\r\n<p>\r\n	产品描述信息</p>\r\n<p>\r\n	产品描述信息</p>\r\n<p>\r\n	产品描述信息</p>\r\n<p>\r\n	产品描述信息</p>\r\n<p>\r\n	产品描述信息</p>\r\n<p>\r\n	产品描述信息</p>\r\n<p>\r\n	产品描述信息</p>\r\n','0','','',NULL,'0','0',NULL,'','','','0','2013-03-26 18:18:42',NULL,'0',NULL,'','69','C007',NULL,NULL,NULL,'1','1','1','1',NULL),
('26','24',NULL,'1','产品8标题','','<p>\r\n	产品描述信息</p>\r\n<p>\r\n	产品描述信息</p>\r\n<p>\r\n	产品描述信息</p>\r\n<p>\r\n	产品描述信息</p>\r\n<p>\r\n	产品描述信息</p>\r\n<p>\r\n	产品描述信息</p>\r\n<p>\r\n	产品描述信息</p>\r\n<p>\r\n	产品描述信息</p>\r\n<p>\r\n	产品描述信息</p>\r\n<p>\r\n	产品描述信息</p>\r\n<p>\r\n	产品描述信息</p>\r\n<p>\r\n	产品描述信息</p>\r\n<p>\r\n	产品描述信息</p>\r\n<p>\r\n	产品描述信息</p>\r\n<p>\r\n	产品描述信息</p>\r\n','0','','',NULL,'0','0',NULL,'','','','0','2013-03-26 18:18:42',NULL,'0',NULL,'','88','C008',NULL,NULL,NULL,'1','1','1','1',NULL),
('27','24',NULL,'1','产品9标题','','<p>\r\n	产品描述信息</p>\r\n<p>\r\n	产品描述信息</p>\r\n<p>\r\n	产品描述信息</p>\r\n<p>\r\n	产品描述信息</p>\r\n<p>\r\n	产品描述信息</p>\r\n<p>\r\n	产品描述信息</p>\r\n<p>\r\n	产品描述信息</p>\r\n<p>\r\n	产品描述信息</p>\r\n<p>\r\n	产品描述信息</p>\r\n<p>\r\n	产品描述信息</p>\r\n<p>\r\n	产品描述信息</p>\r\n<p>\r\n	产品描述信息</p>\r\n<p>\r\n	产品描述信息</p>\r\n<p>\r\n	产品描述信息</p>\r\n<p>\r\n	产品描述信息</p>\r\n','0','','',NULL,'0','0',NULL,'','','','0','2013-03-26 18:20:16',NULL,'0',NULL,'','198','C009',NULL,NULL,NULL,'1','1','1','1',NULL),
('28','24',NULL,'1','产品10标题','','<p>\r\n	产品描述信息</p>\r\n<p>\r\n	产品描述信息</p>\r\n<p>\r\n	产品描述信息</p>\r\n<p>\r\n	产品描述信息</p>\r\n<p>\r\n	产品描述信息</p>\r\n<p>\r\n	产品描述信息</p>\r\n<p>\r\n	产品描述信息</p>\r\n<p>\r\n	产品描述信息</p>\r\n<p>\r\n	产品描述信息</p>\r\n<p>\r\n	产品描述信息</p>\r\n<p>\r\n	产品描述信息</p>\r\n<p>\r\n	产品描述信息</p>\r\n<p>\r\n	产品描述信息</p>\r\n<p>\r\n	产品描述信息</p>\r\n<p>\r\n	产品描述信息</p>\r\n','0','','',NULL,'0','0',NULL,'','','','0','2013-03-26 18:20:16',NULL,'1',NULL,'','168','C010',NULL,NULL,NULL,'1','1','1','1',NULL),
('29','24',NULL,'1','产品11标题','','<p>\r\n	产品描述信息</p>\r\n<p>\r\n	产品描述信息</p>\r\n<p>\r\n	产品描述信息</p>\r\n<p>\r\n	产品描述信息</p>\r\n<p>\r\n	产品描述信息</p>\r\n<p>\r\n	产品描述信息</p>\r\n<p>\r\n	产品描述信息</p>\r\n<p>\r\n	产品描述信息</p>\r\n<p>\r\n	产品描述信息</p>\r\n<p>\r\n	产品描述信息</p>\r\n<p>\r\n	产品描述信息</p>\r\n<p>\r\n	产品描述信息</p>\r\n<p>\r\n	产品描述信息</p>\r\n<p>\r\n	产品描述信息</p>\r\n<p>\r\n	产品描述信息</p>\r\n','0','','',NULL,'0','0',NULL,'','','','0','2013-03-26 18:21:39',NULL,'0',NULL,'15','128','C011',NULL,NULL,NULL,'1','1','1','1',NULL),
('30','24',NULL,'1','产品12标题','','<p>\r\n	产品描述信息</p>\r\n<p>\r\n	产品描述信息</p>\r\n<p>\r\n	产品描述信息</p>\r\n<p>\r\n	产品描述信息</p>\r\n<p>\r\n	产品描述信息</p>\r\n<p>\r\n	产品描述信息</p>\r\n<p>\r\n	产品描述信息</p>\r\n<p>\r\n	产品描述信息</p>\r\n<p>\r\n	产品描述信息</p>\r\n<p>\r\n	产品描述信息</p>\r\n<p>\r\n	产品描述信息</p>\r\n<p>\r\n	产品描述信息</p>\r\n<p>\r\n	产品描述信息</p>\r\n<p>\r\n	产品描述信息</p>\r\n<p>\r\n	产品描述信息</p>\r\n','0','','',NULL,'0','0',NULL,'','','','0','2013-03-26 18:21:39',NULL,'3',NULL,'','315','C012',NULL,NULL,NULL,'1','1','1','1',NULL),
('31','32',NULL,'1','案例1标题','','<p>\r\n	产品描述信息</p>\r\n<p>\r\n	产品描述信息</p>\r\n<p>\r\n	产品描述信息</p>\r\n<p>\r\n	产品描述信息</p>\r\n<p>\r\n	产品描述信息</p>\r\n<p>\r\n	产品描述信息</p>\r\n<p>\r\n	产品描述信息</p>\r\n<p>\r\n	产品描述信息</p>\r\n<p>\r\n	产品描述信息</p>\r\n<p>\r\n	产品描述信息</p>\r\n<p>\r\n	产品描述信息</p>\r\n<p>\r\n	产品描述信息</p>\r\n<p>\r\n	产品描述信息</p>\r\n<p>\r\n	产品描述信息</p>\r\n<p>\r\n	产品描述信息</p>\r\n','0','','','','0','0','','','','','0','2013-03-26 18:22:43',NULL,'1',NULL,'',NULL,NULL,NULL,NULL,NULL,'1','1','1','1',NULL),
('32','26',NULL,'1','产品13标题','','<p>\r\n	产品描述信息</p>\r\n<p>\r\n	产品描述信息</p>\r\n<p>\r\n	产品描述信息</p>\r\n<p>\r\n	产品描述信息</p>\r\n<p>\r\n	产品描述信息</p>\r\n<p>\r\n	产品描述信息</p>\r\n<p>\r\n	产品描述信息</p>\r\n<p>\r\n	产品描述信息</p>\r\n<p>\r\n	产品描述信息</p>\r\n<p>\r\n	产品描述信息</p>\r\n<p>\r\n	产品描述信息</p>\r\n<p>\r\n	产品描述信息</p>\r\n<p>\r\n	产品描述信息</p>\r\n<p>\r\n	产品描述信息</p>\r\n<p>\r\n	产品描述信息</p>\r\n','0','/Upload/1429543356.jpg','','','0','0','','','','','0','2013-03-26 18:54:16',NULL,'0',NULL,'','518','C013',NULL,NULL,NULL,'1','1','1','1',''),
('33','26',NULL,'1','产品14标题','','<p>\r\n	产品描述信息</p>\r\n<p>\r\n	产品描述信息</p>\r\n<p>\r\n	产品描述信息</p>\r\n<p>\r\n	产品描述信息</p>\r\n<p>\r\n	产品描述信息</p>\r\n<p>\r\n	产品描述信息</p>\r\n<p>\r\n	产品描述信息</p>\r\n<p>\r\n	产品描述信息</p>\r\n<p>\r\n	产品描述信息</p>\r\n<p>\r\n	产品描述信息</p>\r\n<p>\r\n	产品描述信息</p>\r\n<p>\r\n	产品描述信息</p>\r\n<p>\r\n	产品描述信息</p>\r\n<p>\r\n	产品描述信息</p>\r\n<p>\r\n	产品描述信息</p>\r\n','0','/Upload/1429543343.jpg','','','0','0','','','','','0','2013-03-26 18:54:16',NULL,'1',NULL,'','188','C014',NULL,NULL,NULL,'1','1','1','1',''),
('34','26',NULL,'1','产品15标题','','<p>\r\n	产品描述信息</p>\r\n<p>\r\n	产品描述信息</p>\r\n<p>\r\n	产品描述信息</p>\r\n<p>\r\n	产品描述信息</p>\r\n<p>\r\n	产品描述信息</p>\r\n<p>\r\n	产品描述信息</p>\r\n<p>\r\n	产品描述信息</p>\r\n<p>\r\n	产品描述信息</p>\r\n<p>\r\n	产品描述信息</p>\r\n<p>\r\n	产品描述信息</p>\r\n<p>\r\n	产品描述信息</p>\r\n<p>\r\n	产品描述信息</p>\r\n<p>\r\n	产品描述信息</p>\r\n<p>\r\n	产品描述信息</p>\r\n<p>\r\n	产品描述信息</p>\r\n','0','/Upload/1429543332.jpg','','','0','0','','','','','0','2013-03-26 18:54:16',NULL,'10',NULL,'','268','C015',NULL,NULL,NULL,'1','1','1','1',''),
('35','26',NULL,'1','产品16标题','','<p>\r\n	产品描述信息</p>\r\n<p>\r\n	产品描述信息</p>\r\n<p>\r\n	产品描述信息</p>\r\n<p>\r\n	产品描述信息</p>\r\n<p>\r\n	产品描述信息</p>\r\n<p>\r\n	产品描述信息</p>\r\n<p>\r\n	产品描述信息</p>\r\n<p>\r\n	产品描述信息</p>\r\n<p>\r\n	产品描述信息</p>\r\n<p>\r\n	产品描述信息</p>\r\n<p>\r\n	产品描述信息</p>\r\n<p>\r\n	产品描述信息</p>\r\n<p>\r\n	产品描述信息</p>\r\n<p>\r\n	产品描述信息</p>\r\n<p>\r\n	产品描述信息</p>\r\n','0','/Upload/1429543321.jpg','','','0','0','','','','','0','2013-03-26 18:54:16',NULL,'2',NULL,'15','288','C016',NULL,NULL,NULL,'1','1','1','1',''),
('36','27',NULL,'1','产品17标题',NULL,'<p>\r\n	产品描述信息</p>\r\n<p>\r\n	产品描述信息</p>\r\n<p>\r\n	产品描述信息</p>\r\n<p>\r\n	产品描述信息</p>\r\n<p>\r\n	产品描述信息</p>\r\n<p>\r\n	产品描述信息</p>\r\n<p>\r\n	产品描述信息</p>\r\n<p>\r\n	产品描述信息</p>\r\n<p>\r\n	产品描述信息</p>\r\n<p>\r\n	产品描述信息</p>\r\n<p>\r\n	产品描述信息</p>\r\n<p>\r\n	产品描述信息</p>\r\n<p>\r\n	产品描述信息</p>\r\n<p>\r\n	产品描述信息</p>\r\n<p>\r\n	产品描述信息</p>\r\n','0',NULL,NULL,NULL,'0','0',NULL,NULL,NULL,NULL,'0','2013-03-26 18:54:16',NULL,'0',NULL,NULL,'228','C017',NULL,NULL,NULL,'1','1','1','1',NULL),
('37','27',NULL,'1','产品18标题',NULL,'<p>\r\n	产品描述信息</p>\r\n<p>\r\n	产品描述信息</p>\r\n<p>\r\n	产品描述信息</p>\r\n<p>\r\n	产品描述信息</p>\r\n<p>\r\n	产品描述信息</p>\r\n<p>\r\n	产品描述信息</p>\r\n<p>\r\n	产品描述信息</p>\r\n<p>\r\n	产品描述信息</p>\r\n<p>\r\n	产品描述信息</p>\r\n<p>\r\n	产品描述信息</p>\r\n<p>\r\n	产品描述信息</p>\r\n<p>\r\n	产品描述信息</p>\r\n<p>\r\n	产品描述信息</p>\r\n<p>\r\n	产品描述信息</p>\r\n<p>\r\n	产品描述信息</p>\r\n','0',NULL,NULL,NULL,'0','0',NULL,NULL,NULL,NULL,'0','2013-03-26 18:54:16',NULL,'0',NULL,NULL,'1080','C018',NULL,NULL,NULL,'1','1','1','1',NULL),
('38','27',NULL,'1','产品19标题',NULL,'<p>\r\n	产品描述信息</p>\r\n<p>\r\n	产品描述信息</p>\r\n<p>\r\n	产品描述信息</p>\r\n<p>\r\n	产品描述信息</p>\r\n<p>\r\n	产品描述信息</p>\r\n<p>\r\n	产品描述信息</p>\r\n<p>\r\n	产品描述信息</p>\r\n<p>\r\n	产品描述信息</p>\r\n<p>\r\n	产品描述信息</p>\r\n<p>\r\n	产品描述信息</p>\r\n<p>\r\n	产品描述信息</p>\r\n<p>\r\n	产品描述信息</p>\r\n<p>\r\n	产品描述信息</p>\r\n<p>\r\n	产品描述信息</p>\r\n<p>\r\n	产品描述信息</p>\r\n','0',NULL,NULL,NULL,'0','0',NULL,NULL,NULL,NULL,'0','2013-03-26 18:54:16',NULL,'0',NULL,'15','98','C019',NULL,NULL,NULL,'1','1','1','1',NULL),
('39','27',NULL,'1','产品20标题',NULL,'<p>\r\n	产品描述信息</p>\r\n<p>\r\n	产品描述信息</p>\r\n<p>\r\n	产品描述信息</p>\r\n<p>\r\n	产品描述信息</p>\r\n<p>\r\n	产品描述信息</p>\r\n<p>\r\n	产品描述信息</p>\r\n<p>\r\n	产品描述信息</p>\r\n<p>\r\n	产品描述信息</p>\r\n<p>\r\n	产品描述信息</p>\r\n<p>\r\n	产品描述信息</p>\r\n<p>\r\n	产品描述信息</p>\r\n<p>\r\n	产品描述信息</p>\r\n<p>\r\n	产品描述信息</p>\r\n<p>\r\n	产品描述信息</p>\r\n<p>\r\n	产品描述信息</p>\r\n','0',NULL,NULL,NULL,'0','0',NULL,NULL,NULL,NULL,'0','2013-03-26 18:54:16',NULL,'5',NULL,NULL,'988','C020',NULL,NULL,NULL,'1','1','1','1',NULL),
('40','28',NULL,'1','产品21标题',NULL,'<p>\r\n	产品描述信息</p>\r\n<p>\r\n	产品描述信息</p>\r\n<p>\r\n	产品描述信息</p>\r\n<p>\r\n	产品描述信息</p>\r\n<p>\r\n	产品描述信息</p>\r\n<p>\r\n	产品描述信息</p>\r\n<p>\r\n	产品描述信息</p>\r\n<p>\r\n	产品描述信息</p>\r\n<p>\r\n	产品描述信息</p>\r\n<p>\r\n	产品描述信息</p>\r\n<p>\r\n	产品描述信息</p>\r\n<p>\r\n	产品描述信息</p>\r\n<p>\r\n	产品描述信息</p>\r\n<p>\r\n	产品描述信息</p>\r\n<p>\r\n	产品描述信息</p>\r\n','0',NULL,NULL,NULL,'0','0',NULL,NULL,NULL,NULL,'0','2013-03-26 18:54:16',NULL,'0',NULL,NULL,'458','C021',NULL,NULL,NULL,'1','1','1','1',NULL),
('41','28',NULL,'1','产品22标题',NULL,'<p>\r\n	产品描述信息</p>\r\n<p>\r\n	产品描述信息</p>\r\n<p>\r\n	产品描述信息</p>\r\n<p>\r\n	产品描述信息</p>\r\n<p>\r\n	产品描述信息</p>\r\n<p>\r\n	产品描述信息</p>\r\n<p>\r\n	产品描述信息</p>\r\n<p>\r\n	产品描述信息</p>\r\n<p>\r\n	产品描述信息</p>\r\n<p>\r\n	产品描述信息</p>\r\n<p>\r\n	产品描述信息</p>\r\n<p>\r\n	产品描述信息</p>\r\n<p>\r\n	产品描述信息</p>\r\n<p>\r\n	产品描述信息</p>\r\n<p>\r\n	产品描述信息</p>\r\n','0',NULL,NULL,NULL,'0','0',NULL,NULL,NULL,NULL,'0','2013-03-26 18:54:16',NULL,'0',NULL,NULL,'788','C022',NULL,NULL,NULL,'1','1','1','1',NULL),
('42','28',NULL,'1','产品23标题',NULL,'<p>\r\n	产品描述信息</p>\r\n<p>\r\n	产品描述信息</p>\r\n<p>\r\n	产品描述信息</p>\r\n<p>\r\n	产品描述信息</p>\r\n<p>\r\n	产品描述信息</p>\r\n<p>\r\n	产品描述信息</p>\r\n<p>\r\n	产品描述信息</p>\r\n<p>\r\n	产品描述信息</p>\r\n<p>\r\n	产品描述信息</p>\r\n<p>\r\n	产品描述信息</p>\r\n<p>\r\n	产品描述信息</p>\r\n<p>\r\n	产品描述信息</p>\r\n<p>\r\n	产品描述信息</p>\r\n<p>\r\n	产品描述信息</p>\r\n<p>\r\n	产品描述信息</p>\r\n','0','/Upload/1429543293.jpg','','','0','0','','','','','0','2013-03-26 18:54:16',NULL,'0',NULL,'15','88','C023',NULL,NULL,NULL,'1','1','1','1',''),
('43','28',NULL,'1','产品24标题',NULL,'<p>\r\n	产品描述信息</p>\r\n<p>\r\n	产品描述信息</p>\r\n<p>\r\n	产品描述信息</p>\r\n<p>\r\n	产品描述信息</p>\r\n<p>\r\n	产品描述信息</p>\r\n<p>\r\n	产品描述信息</p>\r\n<p>\r\n	产品描述信息</p>\r\n<p>\r\n	产品描述信息</p>\r\n<p>\r\n	产品描述信息</p>\r\n<p>\r\n	产品描述信息</p>\r\n<p>\r\n	产品描述信息</p>\r\n<p>\r\n	产品描述信息</p>\r\n<p>\r\n	产品描述信息</p>\r\n<p>\r\n	产品描述信息</p>\r\n<p>\r\n	产品描述信息</p>\r\n','0','/Upload/1429543282.jpg','','','0','0','','','','','0','2013-03-26 18:54:16',NULL,'2',NULL,'','589','C024',NULL,NULL,NULL,'1','1','1','1',''),
('44','29',NULL,'1','产品25标题',NULL,'<p>\r\n	产品描述信息</p>\r\n<p>\r\n	产品描述信息</p>\r\n<p>\r\n	产品描述信息</p>\r\n<p>\r\n	产品描述信息</p>\r\n<p>\r\n	产品描述信息</p>\r\n<p>\r\n	产品描述信息</p>\r\n<p>\r\n	产品描述信息</p>\r\n<p>\r\n	产品描述信息</p>\r\n<p>\r\n	产品描述信息</p>\r\n<p>\r\n	产品描述信息</p>\r\n<p>\r\n	产品描述信息</p>\r\n<p>\r\n	产品描述信息</p>\r\n<p>\r\n	产品描述信息</p>\r\n<p>\r\n	产品描述信息</p>\r\n<p>\r\n	产品描述信息</p>\r\n','0','/Upload/1429543272.jpg','','','0','0','','','','','0','2013-03-26 18:54:16',NULL,'2',NULL,'','122','C025',NULL,NULL,NULL,'1','1','1','1',''),
('45','29',NULL,'1','产品26标题',NULL,'<p>\r\n	产品描述信息</p>\r\n<p>\r\n	产品描述信息</p>\r\n<p>\r\n	产品描述信息</p>\r\n<p>\r\n	产品描述信息</p>\r\n<p>\r\n	产品描述信息</p>\r\n<p>\r\n	产品描述信息</p>\r\n<p>\r\n	产品描述信息</p>\r\n<p>\r\n	产品描述信息</p>\r\n<p>\r\n	产品描述信息</p>\r\n<p>\r\n	产品描述信息</p>\r\n<p>\r\n	产品描述信息</p>\r\n<p>\r\n	产品描述信息</p>\r\n<p>\r\n	产品描述信息</p>\r\n<p>\r\n	产品描述信息</p>\r\n<p>\r\n	产品描述信息</p>\r\n','0','/Upload/1429543243.jpg','','','0','0','','','','','0','2013-03-26 18:54:16',NULL,'1',NULL,'15','130','C026',NULL,NULL,NULL,'1','1','1','1',''),
('46','29',NULL,'1','产品27标题',NULL,'<p>\r\n	产品描述信息</p>\r\n<p>\r\n	产品描述信息</p>\r\n<p>\r\n	产品描述信息</p>\r\n<p>\r\n	产品描述信息</p>\r\n<p>\r\n	产品描述信息</p>\r\n<p>\r\n	产品描述信息</p>\r\n<p>\r\n	产品描述信息</p>\r\n<p>\r\n	产品描述信息</p>\r\n<p>\r\n	产品描述信息</p>\r\n<p>\r\n	产品描述信息</p>\r\n<p>\r\n	产品描述信息</p>\r\n<p>\r\n	产品描述信息</p>\r\n<p>\r\n	产品描述信息</p>\r\n<p>\r\n	产品描述信息</p>\r\n<p>\r\n	产品描述信息</p>\r\n','0','/Upload/1429543231.jpg','','','0','0','','','','','0','2013-03-26 18:54:16',NULL,'1',NULL,'13','113','C027',NULL,NULL,NULL,'1','1','1','1',''),
('47','29',NULL,'1','产品28标题',NULL,'<p>\r\n	产品描述信息</p>\r\n<p>\r\n	产品描述信息</p>\r\n<p>\r\n	产品描述信息</p>\r\n<p>\r\n	产品描述信息</p>\r\n<p>\r\n	产品描述信息</p>\r\n<p>\r\n	产品描述信息</p>\r\n<p>\r\n	产品描述信息</p>\r\n<p>\r\n	产品描述信息</p>\r\n<p>\r\n	产品描述信息</p>\r\n<p>\r\n	产品描述信息</p>\r\n<p>\r\n	产品描述信息</p>\r\n<p>\r\n	产品描述信息</p>\r\n<p>\r\n	产品描述信息</p>\r\n<p>\r\n	产品描述信息</p>\r\n<p>\r\n	产品描述信息</p>\r\n','0','/Upload/1429543219.jpg','','','0','0','','','','','0','2013-03-26 18:54:16',NULL,'4',NULL,'','50','C028',NULL,NULL,NULL,'1','1','1','1',''),
('48','24',NULL,'1','产品29标题',NULL,'<p>\r\n	产品描述信息</p>\r\n<p>\r\n	产品描述信息</p>\r\n<p>\r\n	产品描述信息</p>\r\n<p>\r\n	产品描述信息</p>\r\n<p>\r\n	产品描述信息</p>\r\n<p>\r\n	产品描述信息</p>\r\n<p>\r\n	产品描述信息</p>\r\n<p>\r\n	产品描述信息</p>\r\n<p>\r\n	产品描述信息</p>\r\n<p>\r\n	产品描述信息</p>\r\n<p>\r\n	产品描述信息</p>\r\n<p>\r\n	产品描述信息</p>\r\n<p>\r\n	产品描述信息</p>\r\n<p>\r\n	产品描述信息</p>\r\n<p>\r\n	产品描述信息</p>\r\n','0','/Upload/1429543208.jpg','','','0','0','','','','','0','2013-03-26 18:54:16',NULL,'0',NULL,'','302','C029',NULL,NULL,NULL,'1','1','1','1',''),
('49','24',NULL,'1','产品30标题',NULL,'<p>\r\n	产品描述信息</p>\r\n<p>\r\n	产品描述信息</p>\r\n<p>\r\n	产品描述信息</p>\r\n<p>\r\n	产品描述信息</p>\r\n<p>\r\n	产品描述信息</p>\r\n<p>\r\n	产品描述信息</p>\r\n<p>\r\n	产品描述信息</p>\r\n<p>\r\n	产品描述信息</p>\r\n<p>\r\n	产品描述信息</p>\r\n<p>\r\n	产品描述信息</p>\r\n<p>\r\n	产品描述信息</p>\r\n<p>\r\n	产品描述信息</p>\r\n<p>\r\n	产品描述信息</p>\r\n<p>\r\n	产品描述信息</p>\r\n<p>\r\n	产品描述信息</p>\r\n','0','/Upload/1429543195.jpg','','','0','0','','','','','0','2013-03-26 18:54:16',NULL,'3',NULL,'15','390','C030',NULL,NULL,NULL,'1','1','1','1',''),
('50','24',NULL,'1','产品31标题',NULL,'<p>\r\n	产品描述信息</p>\r\n<p>\r\n	产品描述信息</p>\r\n<p>\r\n	产品描述信息</p>\r\n<p>\r\n	产品描述信息</p>\r\n<p>\r\n	产品描述信息</p>\r\n<p>\r\n	产品描述信息</p>\r\n<p>\r\n	产品描述信息</p>\r\n<p>\r\n	产品描述信息</p>\r\n<p>\r\n	产品描述信息</p>\r\n<p>\r\n	产品描述信息</p>\r\n<p>\r\n	产品描述信息</p>\r\n<p>\r\n	产品描述信息</p>\r\n<p>\r\n	产品描述信息</p>\r\n<p>\r\n	产品描述信息</p>\r\n<p>\r\n	产品描述信息</p>\r\n','0','/Upload/1429543183.jpg','','','0','0','','','','','0','2013-03-26 18:54:16',NULL,'3',NULL,'','559','C031',NULL,NULL,NULL,'1','1','1','1',''),
('51','24',NULL,'1','产品32标题',NULL,'<p>\r\n	产品描述信息</p>\r\n<p>\r\n	产品描述信息</p>\r\n<p>\r\n	产品描述信息</p>\r\n<p>\r\n	产品描述信息</p>\r\n<p>\r\n	产品描述信息</p>\r\n<p>\r\n	产品描述信息</p>\r\n<p>\r\n	产品描述信息</p>\r\n<p>\r\n	产品描述信息</p>\r\n<p>\r\n	产品描述信息</p>\r\n<p>\r\n	产品描述信息</p>\r\n<p>\r\n	产品描述信息</p>\r\n<p>\r\n	产品描述信息</p>\r\n<p>\r\n	产品描述信息</p>\r\n<p>\r\n	产品描述信息</p>\r\n<p>\r\n	产品描述信息</p>\r\n','0','/Upload/1429543172.jpg','','','0','0','','','','','0','2013-03-26 18:54:16',NULL,'16',NULL,'','768','C032',NULL,NULL,NULL,'1','1','1','1',''),
('52','24',NULL,'1','产品33标题',NULL,'<p>\r\n	产品描述信息</p>\r\n<p>\r\n	产品描述信息</p>\r\n<p>\r\n	产品描述信息</p>\r\n<p>\r\n	产品描述信息</p>\r\n<p>\r\n	产品描述信息</p>\r\n<p>\r\n	产品描述信息</p>\r\n<p>\r\n	产品描述信息</p>\r\n<p>\r\n	产品描述信息</p>\r\n<p>\r\n	产品描述信息</p>\r\n<p>\r\n	产品描述信息</p>\r\n<p>\r\n	产品描述信息</p>\r\n<p>\r\n	产品描述信息</p>\r\n<p>\r\n	产品描述信息</p>\r\n<p>\r\n	产品描述信息</p>\r\n<p>\r\n	产品描述信息</p>\r\n','0','/Upload/1429543154.jpg','','','0','0','','','','','0','2013-03-26 18:54:16',NULL,'8',NULL,'15','718','C033',NULL,NULL,NULL,'1','1','1','1',''),
('53','24',NULL,'1','产品34标题',NULL,'<p>\r\n	产品描述信息</p>\r\n<p>\r\n	产品描述信息</p>\r\n<p>\r\n	产品描述信息</p>\r\n<p>\r\n	产品描述信息</p>\r\n<p>\r\n	产品描述信息</p>\r\n<p>\r\n	产品描述信息</p>\r\n<p>\r\n	产品描述信息</p>\r\n<p>\r\n	产品描述信息</p>\r\n<p>\r\n	产品描述信息</p>\r\n<p>\r\n	产品描述信息</p>\r\n<p>\r\n	产品描述信息</p>\r\n<p>\r\n	产品描述信息</p>\r\n<p>\r\n	产品描述信息</p>\r\n<p>\r\n	产品描述信息</p>\r\n<p>\r\n	产品描述信息</p>\r\n','0','/Upload/1429543131.jpg','','','0','0','','','','','0','2013-03-26 18:54:16',NULL,'6',NULL,'','1580','C034',NULL,NULL,NULL,'1','1','1','1',''),
('54','24',NULL,'1','产品35标题',NULL,'<p>\r\n	产品描述信息</p>\r\n<p>\r\n	产品描述信息</p>\r\n<p>\r\n	产品描述信息</p>\r\n<p>\r\n	产品描述信息</p>\r\n<p>\r\n	产品描述信息</p>\r\n<p>\r\n	产品描述信息</p>\r\n<p>\r\n	产品描述信息</p>\r\n<p>\r\n	产品描述信息</p>\r\n<p>\r\n	产品描述信息</p>\r\n<p>\r\n	产品描述信息</p>\r\n<p>\r\n	产品描述信息</p>\r\n<p>\r\n	产品描述信息</p>\r\n<p>\r\n	产品描述信息</p>\r\n<p>\r\n	产品描述信息</p>\r\n<p>\r\n	产品描述信息</p>\r\n','0','/Upload/1429543113.jpg','','','0','0','','','','','0','2013-03-26 18:54:16',NULL,'33',NULL,'','1608','C035',NULL,NULL,NULL,'1','1','1','1',''),
('55','24',NULL,'1','产品36标题',NULL,'<p>\r\n	产品描述信息</p>\r\n<p>\r\n	产品描述信息</p>\r\n<p>\r\n	产品描述信息</p>\r\n<p>\r\n	产品描述信息</p>\r\n<p>\r\n	产品描述信息</p>\r\n<p>\r\n	产品描述信息</p>\r\n<p>\r\n	产品描述信息</p>\r\n<p>\r\n	产品描述信息</p>\r\n<p>\r\n	产品描述信息</p>\r\n<p>\r\n	产品描述信息</p>\r\n<p>\r\n	产品描述信息</p>\r\n<p>\r\n	产品描述信息</p>\r\n<p>\r\n	产品描述信息</p>\r\n<p>\r\n	产品描述信息</p>\r\n<p>\r\n	产品描述信息</p>\r\n','0','/Upload/1429543099.jpg','','','0','0','','','','','0','2013-03-26 18:54:16',NULL,'329',NULL,'','1680','C036',NULL,NULL,NULL,'1','1','1','1',''),
('56','25',NULL,'1','产品37标题',NULL,'<p>\r\n	产品描述信息</p>\r\n<p>\r\n	产品描述信息</p>\r\n<p>\r\n	产品描述信息</p>\r\n<p>\r\n	产品描述信息</p>\r\n<p>\r\n	产品描述信息</p>\r\n<p>\r\n	产品描述信息</p>\r\n<p>\r\n	产品描述信息</p>\r\n<p>\r\n	产品描述信息</p>\r\n<p>\r\n	产品描述信息</p>\r\n<p>\r\n	产品描述信息</p>\r\n<p>\r\n	产品描述信息</p>\r\n<p>\r\n	产品描述信息</p>\r\n<p>\r\n	产品描述信息</p>\r\n<p>\r\n	产品描述信息</p>\r\n<p>\r\n	产品描述信息</p>\r\n','0','/Upload/1429543083.jpg','','','0','0','','','','','0','2013-03-26 18:54:16',NULL,'4',NULL,'','2880','C037',NULL,NULL,NULL,'1','1','1','1',''),
('57','25',NULL,'1','产品38标题',NULL,'<p>\r\n	产品描述信息</p>\r\n<p>\r\n	产品描述信息</p>\r\n<p>\r\n	产品描述信息</p>\r\n<p>\r\n	产品描述信息</p>\r\n<p>\r\n	产品描述信息</p>\r\n<p>\r\n	产品描述信息</p>\r\n<p>\r\n	产品描述信息</p>\r\n<p>\r\n	产品描述信息</p>\r\n<p>\r\n	产品描述信息</p>\r\n<p>\r\n	产品描述信息</p>\r\n<p>\r\n	产品描述信息</p>\r\n<p>\r\n	产品描述信息</p>\r\n<p>\r\n	产品描述信息</p>\r\n<p>\r\n	产品描述信息</p>\r\n<p>\r\n	产品描述信息</p>\r\n','0','/Upload/1429543060.jpg','','','0','0','','','','','0','2013-03-26 18:54:16',NULL,'9',NULL,'13','3980','C038',NULL,NULL,NULL,'1','1','1','1',''),
('58','25',NULL,'1','产品39标题',NULL,'<p>\r\n	产品描述信息</p>\r\n<p>\r\n	产品描述信息</p>\r\n<p>\r\n	产品描述信息</p>\r\n<p>\r\n	产品描述信息</p>\r\n<p>\r\n	产品描述信息</p>\r\n<p>\r\n	产品描述信息</p>\r\n<p>\r\n	产品描述信息</p>\r\n<p>\r\n	产品描述信息</p>\r\n<p>\r\n	产品描述信息</p>\r\n<p>\r\n	产品描述信息</p>\r\n<p>\r\n	产品描述信息</p>\r\n<p>\r\n	产品描述信息</p>\r\n<p>\r\n	产品描述信息</p>\r\n<p>\r\n	产品描述信息</p>\r\n<p>\r\n	产品描述信息</p>\r\n','0','/Upload/1429543046.jpg','','','0','0','','','','','0','2013-03-26 18:54:16',NULL,'12',NULL,'13','4580','C039',NULL,NULL,NULL,'1','1','1','1',''),
('59','25',NULL,'1','产品40标题','','<p>\r\n	产品描述信息</p>\r\n<p>\r\n	产品描述信息</p>\r\n<p>\r\n	产品描述信息</p>\r\n<p>\r\n	产品描述信息</p>\r\n<p>\r\n	产品描述信息</p>\r\n<p>\r\n	产品描述信息</p>\r\n<p>\r\n	产品描述信息</p>\r\n<p>\r\n	产品描述信息</p>\r\n<p>\r\n	产品描述信息</p>\r\n<p>\r\n	产品描述信息</p>\r\n<p>\r\n	产品描述信息</p>\r\n<p>\r\n	产品描述信息</p>\r\n<p>\r\n	产品描述信息</p>\r\n<p>\r\n	产品描述信息</p>\r\n<p>\r\n	产品描述信息</p>\r\n','0','/Upload/1429543027.jpg','','','0','0','','','','','0','2013-03-26 18:54:16',NULL,'84',NULL,'13','2000','C040',NULL,NULL,NULL,'1','1','1','1',''),
('60','32',NULL,'1','案例2标题','','<p>\r\n	案例2详细内容</p>\r\n','0','','','','0','0','','','','','0','2013-03-26 20:45:30',NULL,'2',NULL,'',NULL,NULL,NULL,NULL,NULL,'1','1','1','1',NULL),
('61','32',NULL,'1','案例3标题','','<p>\r\n	案例3详细内容</p>\r\n','0','','','','0','0','','','','','0','2013-03-26 20:45:52',NULL,'2',NULL,'',NULL,NULL,NULL,NULL,NULL,'1','1','1','1',NULL),
('62','32',NULL,'1','案例4标题','','<p>\r\n	案例4详细内容</p>\r\n','0','','','','0','0','','','','','0','2013-03-26 20:46:09',NULL,'5',NULL,'',NULL,NULL,NULL,NULL,NULL,'1','1','1','1',NULL),
('63','32',NULL,'1','案例5标题','','<p>\r\n	案例5详细内容</p>\r\n','0','','','','0','0','','','','','0','2013-03-26 20:46:31',NULL,'4',NULL,'',NULL,NULL,NULL,NULL,NULL,'1','1','1','1',NULL),
('64','32',NULL,'1','案例6标题','案例8标题案例8标题案例8标题','<p>\r\n	案例6详细内容案例8标题案例8标题案例8标题案例8标题案例8标题案例8标题案例8标题案例8标题案例8标题</p>\r\n','0','/Upload/1429543500.jpg','','','0','0','','','','','0','2013-03-26 20:46:31',NULL,'10',NULL,'',NULL,NULL,NULL,NULL,NULL,'1','1','1','1',''),
('65','32',NULL,'1','案例7标题','案例8标题案例8标题案例8标题','<p>\r\n	案例7详细内容案例8标题案例8标题案例8标题案例8标题案例8标题案例8标题案例8标题案例8标题案例8标题案例8标题案例8标题案例8标题</p>\r\n','0','/Upload/1429543486.jpg','','','0','0','','','','','0','2013-03-26 20:46:31',NULL,'24',NULL,'',NULL,NULL,NULL,NULL,NULL,'1','1','1','1',''),
('66','32',NULL,'1','案例8标题','案例8标题案例8标题案例8标题','<p>\r\n	案例8详细内容案例8标题案例8标题案例8标题案例8标题案例8标题案例8标题案例8标题案例8标题案例8标题案例8标题案例8标题案例8标题案例8标题案例8标题案例8标题案例8标题案例8标题案例8标题案例8标题案例8标题案例8标题案例8标题案例8标题案例8标题案例8标题案例8标题案例8标题案例8标题案例8标题案例8标题案例8标题案例8标题案例8标题案例8标题案例8标题案例8标题案例8标题案例8标题案例8标题</p>\r\n','0','/Upload/1429543467.jpg','','','0','0','','','','','0','2013-03-26 20:46:31',NULL,'70',NULL,'',NULL,NULL,NULL,NULL,NULL,'1','1','1','1',''),
('67','33',NULL,'1','网站发布的公告标题1111','','<p>\r\n	网站公告1111详细内容</p>\r\n<p>\r\n	网站公告1111详细内容</p>\r\n<p>\r\n	网站公告1111详细内容</p>\r\n<p>\r\n	网站公告1111详细内容</p>\r\n<p>\r\n	网站公告1111详细内容</p>\r\n','0','','','','0','0','','','','','0','2013-03-26 21:05:22',NULL,'6','','',NULL,NULL,NULL,NULL,NULL,'1','1','1','1',NULL),
('68','33',NULL,'1','网站发布的公告标题2222','','<p>\r\n	网站公告2222详细内容</p>\r\n<p>\r\n	网站公告2222详细内容</p>\r\n<p>\r\n	网站公告2222详细内容</p>\r\n<p>\r\n	网站公告2222详细内容</p>\r\n<p>\r\n	网站公告2222详细内容</p>\r\n','0','','','','0','0','','','','','0','2013-03-26 21:05:22',NULL,'1','','',NULL,NULL,NULL,NULL,NULL,'1','1','1','1',NULL),
('69','33',NULL,'1','网站发布的公告标题3333','','<p>\r\n	网站公告3333详细内容</p>\r\n<p>\r\n	网站公告3333详细内容</p>\r\n<p>\r\n	网站公告3333详细内容</p>\r\n<p>\r\n	网站公告3333详细内容</p>\r\n<p>\r\n	网站公告3333详细内容</p>\r\n','0','','','','0','0','','','','','0','2013-03-26 21:05:22',NULL,'1','','',NULL,NULL,NULL,NULL,NULL,'1','1','1','1',NULL),
('70','33',NULL,'1','网站发布的公告标题4444','','<p>\r\n	网站公告4444详细内容</p>\r\n<p>\r\n	网站公告4444详细内容</p>\r\n<p>\r\n	网站公告4444详细内容</p>\r\n<p>\r\n	网站公告4444详细内容</p>\r\n<p>\r\n	网站公告4444详细内容</p>\r\n<p>\r\n	&nbsp;</p>\r\n','0','','','','0','0','','','','','0','2013-03-26 21:05:22',NULL,'8','','',NULL,NULL,NULL,NULL,NULL,'1','1','1','1',NULL),
('71','33',NULL,'1','网站发布的公告标题5555','','<p>\r\n	网站公告5555详细内容</p>\r\n<p>\r\n	网站公告5555详细内容</p>\r\n<p>\r\n	网站公告5555详细内容</p>\r\n<p>\r\n	网站公告5555详细内容</p>\r\n<p>\r\n	网站公告5555详细内容</p>\r\n','0','','','','0','0','','','','','0','2013-03-26 21:05:22',NULL,'25','','',NULL,NULL,NULL,NULL,NULL,'1','1','1','1',NULL),
('72','44',NULL,'1','product 1','','<p>\r\n	the description of product</p>\r\n<p>\r\n	the description of product</p>\r\n<p>\r\n	the description of product</p>\r\n<p>\r\n	the description of product</p>\r\n<p>\r\n	the description of product</p>\r\n<p>\r\n	the description of product</p>\r\n<p>\r\n	the description of product</p>\r\n<p>\r\n	the description of product</p>\r\n<p>\r\n	the description of product</p>\r\n<p>\r\n	the description of product</p>\r\n<p>\r\n	the description of product</p>\r\n<p>\r\n	the description of product</p>\r\n<p>\r\n	the description of product</p>\r\n<p>\r\n	the description of product</p>\r\n<p>\r\n	the description of product</p>\r\n<p>\r\n	the description of product</p>\r\n','0','','',NULL,'0','0',NULL,'','','','0','2013-03-27 15:59:03',NULL,'2',NULL,'','89','C001',NULL,NULL,NULL,'1','1','2','1',NULL),
('73','44',NULL,'1','product 2','','<p>\r\n	the description of product</p>\r\n<p>\r\n	the description of product</p>\r\n<p>\r\n	the description of product</p>\r\n<p>\r\n	the description of product</p>\r\n<p>\r\n	the description of product</p>\r\n<p>\r\n	the description of product</p>\r\n<p>\r\n	the description of product</p>\r\n<p>\r\n	the description of product</p>\r\n<p>\r\n	the description of product</p>\r\n<p>\r\n	the description of product</p>\r\n<p>\r\n	the description of product</p>\r\n<p>\r\n	the description of product</p>\r\n<p>\r\n	the description of product</p>\r\n<p>\r\n	the description of product</p>\r\n<p>\r\n	the description of product</p>\r\n<p>\r\n	the description of product</p>','0','','',NULL,'0','0',NULL,'','','','0','2013-03-27 15:59:03',NULL,'0',NULL,'','28','C002',NULL,NULL,NULL,'1','1','2','1',NULL),
('74','44',NULL,'1','product 3',NULL,'<p>\r\n	the description of product</p>\r\n<p>\r\n	the description of product</p>\r\n<p>\r\n	the description of product</p>\r\n<p>\r\n	the description of product</p>\r\n<p>\r\n	the description of product</p>\r\n<p>\r\n	the description of product</p>\r\n<p>\r\n	the description of product</p>\r\n<p>\r\n	the description of product</p>\r\n<p>\r\n	the description of product</p>\r\n<p>\r\n	the description of product</p>\r\n<p>\r\n	the description of product</p>\r\n<p>\r\n	the description of product</p>\r\n<p>\r\n	the description of product</p>\r\n<p>\r\n	the description of product</p>\r\n<p>\r\n	the description of product</p>\r\n<p>\r\n	the description of product</p>','0',NULL,NULL,NULL,'0','0',NULL,NULL,NULL,NULL,'0','2013-03-27 15:59:03',NULL,'0',NULL,'13','36','C003',NULL,NULL,NULL,'1','1','2','1',NULL),
('75','44',NULL,'1','product 4',NULL,'<p>\r\n	the description of product</p>\r\n<p>\r\n	the description of product</p>\r\n<p>\r\n	the description of product</p>\r\n<p>\r\n	the description of product</p>\r\n<p>\r\n	the description of product</p>\r\n<p>\r\n	the description of product</p>\r\n<p>\r\n	the description of product</p>\r\n<p>\r\n	the description of product</p>\r\n<p>\r\n	the description of product</p>\r\n<p>\r\n	the description of product</p>\r\n<p>\r\n	the description of product</p>\r\n<p>\r\n	the description of product</p>\r\n<p>\r\n	the description of product</p>\r\n<p>\r\n	the description of product</p>\r\n<p>\r\n	the description of product</p>\r\n<p>\r\n	the description of product</p>\r\n','0',NULL,NULL,NULL,'0','0',NULL,NULL,NULL,NULL,'0','2013-03-27 15:59:03',NULL,'0',NULL,NULL,'108','C004',NULL,NULL,NULL,'1','1','2','1',NULL),
('76','44',NULL,'1','product 5',NULL,'<p>\r\n	the description of product</p>\r\n<p>\r\n	the description of product</p>\r\n<p>\r\n	the description of product</p>\r\n<p>\r\n	the description of product</p>\r\n<p>\r\n	the description of product</p>\r\n<p>\r\n	the description of product</p>\r\n<p>\r\n	the description of product</p>\r\n<p>\r\n	the description of product</p>\r\n<p>\r\n	the description of product</p>\r\n<p>\r\n	the description of product</p>\r\n<p>\r\n	the description of product</p>\r\n<p>\r\n	the description of product</p>\r\n<p>\r\n	the description of product</p>\r\n<p>\r\n	the description of product</p>\r\n<p>\r\n	the description of product</p>\r\n<p>\r\n	the description of product</p>','0',NULL,NULL,NULL,'0','0',NULL,NULL,NULL,NULL,'0','2013-03-27 15:59:03',NULL,'0',NULL,NULL,'98','C005',NULL,NULL,NULL,'1','1','2','1',NULL),
('77','44',NULL,'1','product 6',NULL,'<p>\r\n	the description of product</p>\r\n<p>\r\n	the description of product</p>\r\n<p>\r\n	the description of product</p>\r\n<p>\r\n	the description of product</p>\r\n<p>\r\n	the description of product</p>\r\n<p>\r\n	the description of product</p>\r\n<p>\r\n	the description of product</p>\r\n<p>\r\n	the description of product</p>\r\n<p>\r\n	the description of product</p>\r\n<p>\r\n	the description of product</p>\r\n<p>\r\n	the description of product</p>\r\n<p>\r\n	the description of product</p>\r\n<p>\r\n	the description of product</p>\r\n<p>\r\n	the description of product</p>\r\n<p>\r\n	the description of product</p>\r\n<p>\r\n	the description of product</p>\r\n','0',NULL,NULL,NULL,'0','0',NULL,NULL,NULL,NULL,'0','2013-03-27 15:59:03',NULL,'0',NULL,NULL,'45','C006',NULL,NULL,NULL,'1','1','2','1',NULL),
('78','44',NULL,'1','product 7',NULL,'<p>\r\n	the description of product</p>\r\n<p>\r\n	the description of product</p>\r\n<p>\r\n	the description of product</p>\r\n<p>\r\n	the description of product</p>\r\n<p>\r\n	the description of product</p>\r\n<p>\r\n	the description of product</p>\r\n<p>\r\n	the description of product</p>\r\n<p>\r\n	the description of product</p>\r\n<p>\r\n	the description of product</p>\r\n<p>\r\n	the description of product</p>\r\n<p>\r\n	the description of product</p>\r\n<p>\r\n	the description of product</p>\r\n<p>\r\n	the description of product</p>\r\n<p>\r\n	the description of product</p>\r\n<p>\r\n	the description of product</p>\r\n<p>\r\n	the description of product</p>','0',NULL,NULL,NULL,'0','0',NULL,NULL,NULL,NULL,'0','2013-03-27 15:59:03',NULL,'0',NULL,NULL,'298','C007',NULL,NULL,NULL,'1','1','2','1',NULL),
('79','44',NULL,'1','product 8',NULL,'<p>\r\n	the description of product</p>\r\n<p>\r\n	the description of product</p>\r\n<p>\r\n	the description of product</p>\r\n<p>\r\n	the description of product</p>\r\n<p>\r\n	the description of product</p>\r\n<p>\r\n	the description of product</p>\r\n<p>\r\n	the description of product</p>\r\n<p>\r\n	the description of product</p>\r\n<p>\r\n	the description of product</p>\r\n<p>\r\n	the description of product</p>\r\n<p>\r\n	the description of product</p>\r\n<p>\r\n	the description of product</p>\r\n<p>\r\n	the description of product</p>\r\n<p>\r\n	the description of product</p>\r\n<p>\r\n	the description of product</p>\r\n<p>\r\n	the description of product</p>','0',NULL,NULL,NULL,'0','0',NULL,NULL,NULL,NULL,'0','2013-03-27 15:59:03',NULL,'1',NULL,'15','168','C008',NULL,NULL,NULL,'1','1','2','1',NULL),
('80','44',NULL,'1','product 9',NULL,'<p>\r\n	the description of product</p>\r\n<p>\r\n	the description of product</p>\r\n<p>\r\n	the description of product</p>\r\n<p>\r\n	the description of product</p>\r\n<p>\r\n	the description of product</p>\r\n<p>\r\n	the description of product</p>\r\n<p>\r\n	the description of product</p>\r\n<p>\r\n	the description of product</p>\r\n<p>\r\n	the description of product</p>\r\n<p>\r\n	the description of product</p>\r\n<p>\r\n	the description of product</p>\r\n<p>\r\n	the description of product</p>\r\n<p>\r\n	the description of product</p>\r\n<p>\r\n	the description of product</p>\r\n<p>\r\n	the description of product</p>\r\n<p>\r\n	the description of product</p>','0',NULL,NULL,NULL,'0','0',NULL,NULL,NULL,NULL,'0','2013-03-27 15:59:03',NULL,'0',NULL,NULL,'580','C009',NULL,NULL,NULL,'1','1','2','1',NULL),
('81','44',NULL,'1','product 10',NULL,'<p>\r\n	the description of product</p>\r\n<p>\r\n	the description of product</p>\r\n<p>\r\n	the description of product</p>\r\n<p>\r\n	the description of product</p>\r\n<p>\r\n	the description of product</p>\r\n<p>\r\n	the description of product</p>\r\n<p>\r\n	the description of product</p>\r\n<p>\r\n	the description of product</p>\r\n<p>\r\n	the description of product</p>\r\n<p>\r\n	the description of product</p>\r\n<p>\r\n	the description of product</p>\r\n<p>\r\n	the description of product</p>\r\n<p>\r\n	the description of product</p>\r\n<p>\r\n	the description of product</p>\r\n<p>\r\n	the description of product</p>\r\n<p>\r\n	the description of product</p>','0',NULL,NULL,NULL,'0','0',NULL,NULL,NULL,NULL,'0','2013-03-27 15:59:03',NULL,'0',NULL,NULL,'1080','C010',NULL,NULL,NULL,'1','1','2','1',NULL),
('82','44',NULL,'1','product 11',NULL,'<p>\r\n	the description of product</p>\r\n<p>\r\n	the description of product</p>\r\n<p>\r\n	the description of product</p>\r\n<p>\r\n	the description of product</p>\r\n<p>\r\n	the description of product</p>\r\n<p>\r\n	the description of product</p>\r\n<p>\r\n	the description of product</p>\r\n<p>\r\n	the description of product</p>\r\n<p>\r\n	the description of product</p>\r\n<p>\r\n	the description of product</p>\r\n<p>\r\n	the description of product</p>\r\n<p>\r\n	the description of product</p>\r\n<p>\r\n	the description of product</p>\r\n<p>\r\n	the description of product</p>\r\n<p>\r\n	the description of product</p>\r\n<p>\r\n	the description of product</p>','0',NULL,NULL,NULL,'0','0',NULL,NULL,NULL,NULL,'0','2013-03-27 15:59:03',NULL,'0',NULL,NULL,'398','C011',NULL,NULL,NULL,'1','1','2','1',NULL),
('83','44',NULL,'1','product 12',NULL,'<p>\r\n	the description of product</p>\r\n<p>\r\n	the description of product</p>\r\n<p>\r\n	the description of product</p>\r\n<p>\r\n	the description of product</p>\r\n<p>\r\n	the description of product</p>\r\n<p>\r\n	the description of product</p>\r\n<p>\r\n	the description of product</p>\r\n<p>\r\n	the description of product</p>\r\n<p>\r\n	the description of product</p>\r\n<p>\r\n	the description of product</p>\r\n<p>\r\n	the description of product</p>\r\n<p>\r\n	the description of product</p>\r\n<p>\r\n	the description of product</p>\r\n<p>\r\n	the description of product</p>\r\n<p>\r\n	the description of product</p>\r\n<p>\r\n	the description of product</p>','0',NULL,NULL,NULL,'0','0',NULL,NULL,NULL,NULL,'0','2013-03-27 15:59:03',NULL,'10',NULL,NULL,'488','C012',NULL,NULL,NULL,'1','1','2','1',NULL),
('84','46',NULL,'1','product 13',NULL,'<p>\r\n	the description of product</p>\r\n<p>\r\n	the description of product</p>\r\n<p>\r\n	the description of product</p>\r\n<p>\r\n	the description of product</p>\r\n<p>\r\n	the description of product</p>\r\n<p>\r\n	the description of product</p>\r\n<p>\r\n	the description of product</p>\r\n<p>\r\n	the description of product</p>\r\n<p>\r\n	the description of product</p>\r\n<p>\r\n	the description of product</p>\r\n<p>\r\n	the description of product</p>\r\n<p>\r\n	the description of product</p>\r\n<p>\r\n	the description of product</p>\r\n<p>\r\n	the description of product</p>\r\n<p>\r\n	the description of product</p>\r\n<p>\r\n	the description of product</p>','0',NULL,NULL,NULL,'0','0',NULL,NULL,NULL,NULL,'0','2013-03-27 15:59:03',NULL,'0',NULL,NULL,'98','C013',NULL,NULL,NULL,'1','1','2','1',NULL),
('85','46',NULL,'1','product 14',NULL,'<p>\r\n	the description of product</p>\r\n<p>\r\n	the description of product</p>\r\n<p>\r\n	the description of product</p>\r\n<p>\r\n	the description of product</p>\r\n<p>\r\n	the description of product</p>\r\n<p>\r\n	the description of product</p>\r\n<p>\r\n	the description of product</p>\r\n<p>\r\n	the description of product</p>\r\n<p>\r\n	the description of product</p>\r\n<p>\r\n	the description of product</p>\r\n<p>\r\n	the description of product</p>\r\n<p>\r\n	the description of product</p>\r\n<p>\r\n	the description of product</p>\r\n<p>\r\n	the description of product</p>\r\n<p>\r\n	the description of product</p>\r\n<p>\r\n	the description of product</p>','0',NULL,NULL,NULL,'0','0',NULL,NULL,NULL,NULL,'0','2013-03-27 15:59:03',NULL,'0',NULL,NULL,'68','C014',NULL,NULL,NULL,'1','1','2','1',NULL),
('86','46',NULL,'1','product 15',NULL,'<p>\r\n	the description of product</p>\r\n<p>\r\n	the description of product</p>\r\n<p>\r\n	the description of product</p>\r\n<p>\r\n	the description of product</p>\r\n<p>\r\n	the description of product</p>\r\n<p>\r\n	the description of product</p>\r\n<p>\r\n	the description of product</p>\r\n<p>\r\n	the description of product</p>\r\n<p>\r\n	the description of product</p>\r\n<p>\r\n	the description of product</p>\r\n<p>\r\n	the description of product</p>\r\n<p>\r\n	the description of product</p>\r\n<p>\r\n	the description of product</p>\r\n<p>\r\n	the description of product</p>\r\n<p>\r\n	the description of product</p>\r\n<p>\r\n	the description of product</p>','0',NULL,NULL,NULL,'0','0',NULL,NULL,NULL,NULL,'0','2013-03-27 15:59:03',NULL,'0',NULL,NULL,'518','C015',NULL,NULL,NULL,'1','1','2','1',NULL),
('87','46',NULL,'1','product 16',NULL,'<p>\r\n	the description of product</p>\r\n<p>\r\n	the description of product</p>\r\n<p>\r\n	the description of product</p>\r\n<p>\r\n	the description of product</p>\r\n<p>\r\n	the description of product</p>\r\n<p>\r\n	the description of product</p>\r\n<p>\r\n	the description of product</p>\r\n<p>\r\n	the description of product</p>\r\n<p>\r\n	the description of product</p>\r\n<p>\r\n	the description of product</p>\r\n<p>\r\n	the description of product</p>\r\n<p>\r\n	the description of product</p>\r\n<p>\r\n	the description of product</p>\r\n<p>\r\n	the description of product</p>\r\n<p>\r\n	the description of product</p>\r\n<p>\r\n	the description of product</p>','0',NULL,NULL,NULL,'0','0',NULL,NULL,NULL,NULL,'0','2013-03-27 15:59:03',NULL,'3',NULL,'15','118','C016',NULL,NULL,NULL,'1','1','2','1',NULL),
('88','47',NULL,'1','product 17',NULL,'<p>\r\n	the description of product</p>\r\n<p>\r\n	the description of product</p>\r\n<p>\r\n	the description of product</p>\r\n<p>\r\n	the description of product</p>\r\n<p>\r\n	the description of product</p>\r\n<p>\r\n	the description of product</p>\r\n<p>\r\n	the description of product</p>\r\n<p>\r\n	the description of product</p>\r\n<p>\r\n	the description of product</p>\r\n<p>\r\n	the description of product</p>\r\n<p>\r\n	the description of product</p>\r\n<p>\r\n	the description of product</p>\r\n<p>\r\n	the description of product</p>\r\n<p>\r\n	the description of product</p>\r\n<p>\r\n	the description of product</p>\r\n<p>\r\n	the description of product</p>','0',NULL,NULL,NULL,'0','0',NULL,NULL,NULL,NULL,'0','2013-03-27 15:59:03',NULL,'0',NULL,NULL,'228','C017',NULL,NULL,NULL,'1','1','2','1',NULL),
('89','47',NULL,'1','product 18',NULL,'<p>\r\n	the description of product</p>\r\n<p>\r\n	the description of product</p>\r\n<p>\r\n	the description of product</p>\r\n<p>\r\n	the description of product</p>\r\n<p>\r\n	the description of product</p>\r\n<p>\r\n	the description of product</p>\r\n<p>\r\n	the description of product</p>\r\n<p>\r\n	the description of product</p>\r\n<p>\r\n	the description of product</p>\r\n<p>\r\n	the description of product</p>\r\n<p>\r\n	the description of product</p>\r\n<p>\r\n	the description of product</p>\r\n<p>\r\n	the description of product</p>\r\n<p>\r\n	the description of product</p>\r\n<p>\r\n	the description of product</p>\r\n<p>\r\n	the description of product</p>','0',NULL,NULL,NULL,'0','0',NULL,NULL,NULL,NULL,'0','2013-03-27 15:59:03',NULL,'0',NULL,NULL,'98','C018',NULL,NULL,NULL,'1','1','2','1',NULL),
('90','47',NULL,'1','product 19',NULL,'<p>\r\n	the description of product</p>\r\n<p>\r\n	the description of product</p>\r\n<p>\r\n	the description of product</p>\r\n<p>\r\n	the description of product</p>\r\n<p>\r\n	the description of product</p>\r\n<p>\r\n	the description of product</p>\r\n<p>\r\n	the description of product</p>\r\n<p>\r\n	the description of product</p>\r\n<p>\r\n	the description of product</p>\r\n<p>\r\n	the description of product</p>\r\n<p>\r\n	the description of product</p>\r\n<p>\r\n	the description of product</p>\r\n<p>\r\n	the description of product</p>\r\n<p>\r\n	the description of product</p>\r\n<p>\r\n	the description of product</p>\r\n<p>\r\n	the description of product</p>','0',NULL,NULL,NULL,'0','0',NULL,NULL,NULL,NULL,'0','2013-03-27 15:59:03',NULL,'0',NULL,NULL,'90','C019',NULL,NULL,NULL,'1','1','2','1',NULL),
('91','47',NULL,'1','product 20',NULL,'<p>\r\n	the description of product</p>\r\n<p>\r\n	the description of product</p>\r\n<p>\r\n	the description of product</p>\r\n<p>\r\n	the description of product</p>\r\n<p>\r\n	the description of product</p>\r\n<p>\r\n	the description of product</p>\r\n<p>\r\n	the description of product</p>\r\n<p>\r\n	the description of product</p>\r\n<p>\r\n	the description of product</p>\r\n<p>\r\n	the description of product</p>\r\n<p>\r\n	the description of product</p>\r\n<p>\r\n	the description of product</p>\r\n<p>\r\n	the description of product</p>\r\n<p>\r\n	the description of product</p>\r\n<p>\r\n	the description of product</p>\r\n<p>\r\n	the description of product</p>','0',NULL,NULL,NULL,'0','0',NULL,NULL,NULL,NULL,'0','2013-03-27 15:59:03',NULL,'0',NULL,NULL,'688','C020',NULL,NULL,NULL,'1','1','2','1',NULL),
('92','48',NULL,'1','product 21',NULL,'<p>\r\n	the description of product</p>\r\n<p>\r\n	the description of product</p>\r\n<p>\r\n	the description of product</p>\r\n<p>\r\n	the description of product</p>\r\n<p>\r\n	the description of product</p>\r\n<p>\r\n	the description of product</p>\r\n<p>\r\n	the description of product</p>\r\n<p>\r\n	the description of product</p>\r\n<p>\r\n	the description of product</p>\r\n<p>\r\n	the description of product</p>\r\n<p>\r\n	the description of product</p>\r\n<p>\r\n	the description of product</p>\r\n<p>\r\n	the description of product</p>\r\n<p>\r\n	the description of product</p>\r\n<p>\r\n	the description of product</p>\r\n<p>\r\n	the description of product</p>','0',NULL,NULL,NULL,'0','0',NULL,NULL,NULL,NULL,'0','2013-03-27 15:59:03',NULL,'0',NULL,NULL,'788','C021',NULL,NULL,NULL,'1','1','2','1',NULL),
('93','48',NULL,'1','product 22',NULL,'<p>\r\n	the description of product</p>\r\n<p>\r\n	the description of product</p>\r\n<p>\r\n	the description of product</p>\r\n<p>\r\n	the description of product</p>\r\n<p>\r\n	the description of product</p>\r\n<p>\r\n	the description of product</p>\r\n<p>\r\n	the description of product</p>\r\n<p>\r\n	the description of product</p>\r\n<p>\r\n	the description of product</p>\r\n<p>\r\n	the description of product</p>\r\n<p>\r\n	the description of product</p>\r\n<p>\r\n	the description of product</p>\r\n<p>\r\n	the description of product</p>\r\n<p>\r\n	the description of product</p>\r\n<p>\r\n	the description of product</p>\r\n<p>\r\n	the description of product</p>','0',NULL,NULL,NULL,'0','0',NULL,NULL,NULL,NULL,'0','2013-03-27 15:59:03',NULL,'0',NULL,'15','500','C022',NULL,NULL,NULL,'1','1','2','1',NULL),
('94','48',NULL,'1','product 23',NULL,'<p>\r\n	the description of product</p>\r\n<p>\r\n	the description of product</p>\r\n<p>\r\n	the description of product</p>\r\n<p>\r\n	the description of product</p>\r\n<p>\r\n	the description of product</p>\r\n<p>\r\n	the description of product</p>\r\n<p>\r\n	the description of product</p>\r\n<p>\r\n	the description of product</p>\r\n<p>\r\n	the description of product</p>\r\n<p>\r\n	the description of product</p>\r\n<p>\r\n	the description of product</p>\r\n<p>\r\n	the description of product</p>\r\n<p>\r\n	the description of product</p>\r\n<p>\r\n	the description of product</p>\r\n<p>\r\n	the description of product</p>\r\n<p>\r\n	the description of product</p>','0',NULL,NULL,NULL,'0','0',NULL,NULL,NULL,NULL,'0','2013-03-27 15:59:03',NULL,'0',NULL,NULL,'508','C023',NULL,NULL,NULL,'1','1','2','1',NULL),
('95','48',NULL,'1','product 24',NULL,'<p>\r\n	the description of product</p>\r\n<p>\r\n	the description of product</p>\r\n<p>\r\n	the description of product</p>\r\n<p>\r\n	the description of product</p>\r\n<p>\r\n	the description of product</p>\r\n<p>\r\n	the description of product</p>\r\n<p>\r\n	the description of product</p>\r\n<p>\r\n	the description of product</p>\r\n<p>\r\n	the description of product</p>\r\n<p>\r\n	the description of product</p>\r\n<p>\r\n	the description of product</p>\r\n<p>\r\n	the description of product</p>\r\n<p>\r\n	the description of product</p>\r\n<p>\r\n	the description of product</p>\r\n<p>\r\n	the description of product</p>\r\n<p>\r\n	the description of product</p>','0',NULL,NULL,NULL,'0','0',NULL,NULL,NULL,NULL,'0','2013-03-27 15:59:03',NULL,'0',NULL,'13','980','C024',NULL,NULL,NULL,'1','1','2','1',NULL),
('96','49',NULL,'1','product 25',NULL,'<p>\r\n	the description of product</p>\r\n<p>\r\n	the description of product</p>\r\n<p>\r\n	the description of product</p>\r\n<p>\r\n	the description of product</p>\r\n<p>\r\n	the description of product</p>\r\n<p>\r\n	the description of product</p>\r\n<p>\r\n	the description of product</p>\r\n<p>\r\n	the description of product</p>\r\n<p>\r\n	the description of product</p>\r\n<p>\r\n	the description of product</p>\r\n<p>\r\n	the description of product</p>\r\n<p>\r\n	the description of product</p>\r\n<p>\r\n	the description of product</p>\r\n<p>\r\n	the description of product</p>\r\n<p>\r\n	the description of product</p>\r\n<p>\r\n	the description of product</p>','0',NULL,NULL,NULL,'0','0',NULL,NULL,NULL,NULL,'0','2013-03-27 15:59:03',NULL,'0',NULL,NULL,'1280','C025',NULL,NULL,NULL,'1','1','2','1',NULL),
('97','49',NULL,'1','product 26',NULL,'<p>\r\n	the description of product</p>\r\n<p>\r\n	the description of product</p>\r\n<p>\r\n	the description of product</p>\r\n<p>\r\n	the description of product</p>\r\n<p>\r\n	the description of product</p>\r\n<p>\r\n	the description of product</p>\r\n<p>\r\n	the description of product</p>\r\n<p>\r\n	the description of product</p>\r\n<p>\r\n	the description of product</p>\r\n<p>\r\n	the description of product</p>\r\n<p>\r\n	the description of product</p>\r\n<p>\r\n	the description of product</p>\r\n<p>\r\n	the description of product</p>\r\n<p>\r\n	the description of product</p>\r\n<p>\r\n	the description of product</p>\r\n<p>\r\n	the description of product</p>','0',NULL,NULL,NULL,'0','0',NULL,NULL,NULL,NULL,'0','2013-03-27 15:59:03',NULL,'0',NULL,NULL,'1380','C026',NULL,NULL,NULL,'1','1','2','1',NULL),
('98','49',NULL,'1','product 27',NULL,'<p>\r\n	the description of product</p>\r\n<p>\r\n	the description of product</p>\r\n<p>\r\n	the description of product</p>\r\n<p>\r\n	the description of product</p>\r\n<p>\r\n	the description of product</p>\r\n<p>\r\n	the description of product</p>\r\n<p>\r\n	the description of product</p>\r\n<p>\r\n	the description of product</p>\r\n<p>\r\n	the description of product</p>\r\n<p>\r\n	the description of product</p>\r\n<p>\r\n	the description of product</p>\r\n<p>\r\n	the description of product</p>\r\n<p>\r\n	the description of product</p>\r\n<p>\r\n	the description of product</p>\r\n<p>\r\n	the description of product</p>\r\n<p>\r\n	the description of product</p>','0',NULL,NULL,NULL,'0','0',NULL,NULL,NULL,NULL,'0','2013-03-27 15:59:03',NULL,'0',NULL,NULL,'700','C027',NULL,NULL,NULL,'1','1','2','1',NULL),
('99','49',NULL,'1','product 28',NULL,'<p>\r\n	the description of product</p>\r\n<p>\r\n	the description of product</p>\r\n<p>\r\n	the description of product</p>\r\n<p>\r\n	the description of product</p>\r\n<p>\r\n	the description of product</p>\r\n<p>\r\n	the description of product</p>\r\n<p>\r\n	the description of product</p>\r\n<p>\r\n	the description of product</p>\r\n<p>\r\n	the description of product</p>\r\n<p>\r\n	the description of product</p>\r\n<p>\r\n	the description of product</p>\r\n<p>\r\n	the description of product</p>\r\n<p>\r\n	the description of product</p>\r\n<p>\r\n	the description of product</p>\r\n<p>\r\n	the description of product</p>\r\n<p>\r\n	the description of product</p>','0',NULL,NULL,NULL,'0','0',NULL,NULL,NULL,NULL,'0','2013-03-27 15:59:03',NULL,'0',NULL,'13','698','C028',NULL,NULL,NULL,'1','1','2','1',NULL),
('100','44',NULL,'1','product 29',NULL,'<p>\r\n	the description of product</p>\r\n<p>\r\n	the description of product</p>\r\n<p>\r\n	the description of product</p>\r\n<p>\r\n	the description of product</p>\r\n<p>\r\n	the description of product</p>\r\n<p>\r\n	the description of product</p>\r\n<p>\r\n	the description of product</p>\r\n<p>\r\n	the description of product</p>\r\n<p>\r\n	the description of product</p>\r\n<p>\r\n	the description of product</p>\r\n<p>\r\n	the description of product</p>\r\n<p>\r\n	the description of product</p>\r\n<p>\r\n	the description of product</p>\r\n<p>\r\n	the description of product</p>\r\n<p>\r\n	the description of product</p>\r\n<p>\r\n	the description of product</p>','0',NULL,NULL,NULL,'0','0',NULL,NULL,NULL,NULL,'0','2013-03-27 15:59:03',NULL,'0',NULL,NULL,'528','C029',NULL,NULL,NULL,'1','1','2','1',NULL),
('101','44',NULL,'1','product 30',NULL,'<p>\r\n	the description of product</p>\r\n<p>\r\n	the description of product</p>\r\n<p>\r\n	the description of product</p>\r\n<p>\r\n	the description of product</p>\r\n<p>\r\n	the description of product</p>\r\n<p>\r\n	the description of product</p>\r\n<p>\r\n	the description of product</p>\r\n<p>\r\n	the description of product</p>\r\n<p>\r\n	the description of product</p>\r\n<p>\r\n	the description of product</p>\r\n<p>\r\n	the description of product</p>\r\n<p>\r\n	the description of product</p>\r\n<p>\r\n	the description of product</p>\r\n<p>\r\n	the description of product</p>\r\n<p>\r\n	the description of product</p>\r\n<p>\r\n	the description of product</p>','0',NULL,NULL,NULL,'0','0',NULL,NULL,NULL,NULL,'0','2013-03-27 15:59:03',NULL,'0',NULL,NULL,'32','C030',NULL,NULL,NULL,'1','1','2','1',NULL),
('102','44',NULL,'1','product 31',NULL,'<p>\r\n	the description of product</p>\r\n<p>\r\n	the description of product</p>\r\n<p>\r\n	the description of product</p>\r\n<p>\r\n	the description of product</p>\r\n<p>\r\n	the description of product</p>\r\n<p>\r\n	the description of product</p>\r\n<p>\r\n	the description of product</p>\r\n<p>\r\n	the description of product</p>\r\n<p>\r\n	the description of product</p>\r\n<p>\r\n	the description of product</p>\r\n<p>\r\n	the description of product</p>\r\n<p>\r\n	the description of product</p>\r\n<p>\r\n	the description of product</p>\r\n<p>\r\n	the description of product</p>\r\n<p>\r\n	the description of product</p>\r\n<p>\r\n	the description of product</p>','0',NULL,NULL,NULL,'0','0',NULL,NULL,NULL,NULL,'0','2013-03-27 15:59:03',NULL,'0',NULL,NULL,'42','C031',NULL,NULL,NULL,'1','1','2','1',NULL),
('103','44',NULL,'1','product 32',NULL,'<p>\r\n	the description of product</p>\r\n<p>\r\n	the description of product</p>\r\n<p>\r\n	the description of product</p>\r\n<p>\r\n	the description of product</p>\r\n<p>\r\n	the description of product</p>\r\n<p>\r\n	the description of product</p>\r\n<p>\r\n	the description of product</p>\r\n<p>\r\n	the description of product</p>\r\n<p>\r\n	the description of product</p>\r\n<p>\r\n	the description of product</p>\r\n<p>\r\n	the description of product</p>\r\n<p>\r\n	the description of product</p>\r\n<p>\r\n	the description of product</p>\r\n<p>\r\n	the description of product</p>\r\n<p>\r\n	the description of product</p>\r\n<p>\r\n	the description of product</p>','0',NULL,NULL,NULL,'0','0',NULL,NULL,NULL,NULL,'0','2013-03-27 15:59:03',NULL,'0',NULL,NULL,'888','C032',NULL,NULL,NULL,'1','1','2','1',NULL),
('104','44',NULL,'1','product 33',NULL,'<p>\r\n	the description of product</p>\r\n<p>\r\n	the description of product</p>\r\n<p>\r\n	the description of product</p>\r\n<p>\r\n	the description of product</p>\r\n<p>\r\n	the description of product</p>\r\n<p>\r\n	the description of product</p>\r\n<p>\r\n	the description of product</p>\r\n<p>\r\n	the description of product</p>\r\n<p>\r\n	the description of product</p>\r\n<p>\r\n	the description of product</p>\r\n<p>\r\n	the description of product</p>\r\n<p>\r\n	the description of product</p>\r\n<p>\r\n	the description of product</p>\r\n<p>\r\n	the description of product</p>\r\n<p>\r\n	the description of product</p>\r\n<p>\r\n	the description of product</p>','0',NULL,NULL,NULL,'0','0',NULL,NULL,NULL,NULL,'0','2013-03-27 15:59:03',NULL,'3',NULL,NULL,'1380','C033',NULL,NULL,NULL,'1','1','2','1',NULL),
('105','44',NULL,'1','product 34',NULL,'<p>\r\n	the description of product</p>\r\n<p>\r\n	the description of product</p>\r\n<p>\r\n	the description of product</p>\r\n<p>\r\n	the description of product</p>\r\n<p>\r\n	the description of product</p>\r\n<p>\r\n	the description of product</p>\r\n<p>\r\n	the description of product</p>\r\n<p>\r\n	the description of product</p>\r\n<p>\r\n	the description of product</p>\r\n<p>\r\n	the description of product</p>\r\n<p>\r\n	the description of product</p>\r\n<p>\r\n	the description of product</p>\r\n<p>\r\n	the description of product</p>\r\n<p>\r\n	the description of product</p>\r\n<p>\r\n	the description of product</p>\r\n<p>\r\n	the description of product</p>','0',NULL,NULL,NULL,'0','0',NULL,NULL,NULL,NULL,'0','2013-03-27 15:59:03',NULL,'1',NULL,NULL,'298','C034',NULL,NULL,NULL,'1','1','2','1',NULL),
('106','44',NULL,'1','product 35',NULL,'<p>\r\n	the description of product</p>\r\n<p>\r\n	the description of product</p>\r\n<p>\r\n	the description of product</p>\r\n<p>\r\n	the description of product</p>\r\n<p>\r\n	the description of product</p>\r\n<p>\r\n	the description of product</p>\r\n<p>\r\n	the description of product</p>\r\n<p>\r\n	the description of product</p>\r\n<p>\r\n	the description of product</p>\r\n<p>\r\n	the description of product</p>\r\n<p>\r\n	the description of product</p>\r\n<p>\r\n	the description of product</p>\r\n<p>\r\n	the description of product</p>\r\n<p>\r\n	the description of product</p>\r\n<p>\r\n	the description of product</p>\r\n<p>\r\n	the description of product</p>','0',NULL,NULL,NULL,'0','0',NULL,NULL,NULL,NULL,'0','2013-03-27 15:59:03',NULL,'3',NULL,NULL,'1580','C035',NULL,NULL,NULL,'1','1','2','1',NULL),
('107','44',NULL,'1','product 36',NULL,'<p>\r\n	the description of product</p>\r\n<p>\r\n	the description of product</p>\r\n<p>\r\n	the description of product</p>\r\n<p>\r\n	the description of product</p>\r\n<p>\r\n	the description of product</p>\r\n<p>\r\n	the description of product</p>\r\n<p>\r\n	the description of product</p>\r\n<p>\r\n	the description of product</p>\r\n<p>\r\n	the description of product</p>\r\n<p>\r\n	the description of product</p>\r\n<p>\r\n	the description of product</p>\r\n<p>\r\n	the description of product</p>\r\n<p>\r\n	the description of product</p>\r\n<p>\r\n	the description of product</p>\r\n<p>\r\n	the description of product</p>\r\n<p>\r\n	the description of product</p>','0',NULL,NULL,NULL,'0','0',NULL,NULL,NULL,NULL,'0','2013-03-27 15:59:03',NULL,'98',NULL,NULL,'398','C036',NULL,NULL,NULL,'1','1','2','1',NULL),
('108','45',NULL,'1','product 37',NULL,'<p>\r\n	the description of product</p>\r\n<p>\r\n	the description of product</p>\r\n<p>\r\n	the description of product</p>\r\n<p>\r\n	the description of product</p>\r\n<p>\r\n	the description of product</p>\r\n<p>\r\n	the description of product</p>\r\n<p>\r\n	the description of product</p>\r\n<p>\r\n	the description of product</p>\r\n<p>\r\n	the description of product</p>\r\n<p>\r\n	the description of product</p>\r\n<p>\r\n	the description of product</p>\r\n<p>\r\n	the description of product</p>\r\n<p>\r\n	the description of product</p>\r\n<p>\r\n	the description of product</p>\r\n<p>\r\n	the description of product</p>\r\n<p>\r\n	the description of product</p>','0',NULL,NULL,NULL,'0','0',NULL,NULL,NULL,NULL,'0','2013-03-27 15:59:03',NULL,'4',NULL,NULL,'618','C037',NULL,NULL,NULL,'1','1','2','1',NULL),
('109','45',NULL,'1','product 38',NULL,'<p>\r\n	the description of product</p>\r\n<p>\r\n	the description of product</p>\r\n<p>\r\n	the description of product</p>\r\n<p>\r\n	the description of product</p>\r\n<p>\r\n	the description of product</p>\r\n<p>\r\n	the description of product</p>\r\n<p>\r\n	the description of product</p>\r\n<p>\r\n	the description of product</p>\r\n<p>\r\n	the description of product</p>\r\n<p>\r\n	the description of product</p>\r\n<p>\r\n	the description of product</p>\r\n<p>\r\n	the description of product</p>\r\n<p>\r\n	the description of product</p>\r\n<p>\r\n	the description of product</p>\r\n<p>\r\n	the description of product</p>\r\n<p>\r\n	the description of product</p>','0',NULL,NULL,NULL,'0','0',NULL,NULL,NULL,NULL,'0','2013-03-27 15:59:03',NULL,'19',NULL,NULL,'558','C038',NULL,NULL,NULL,'1','1','2','1',NULL),
('110','45',NULL,'1','product 39',NULL,'<p>\r\n	the description of product</p>\r\n<p>\r\n	the description of product</p>\r\n<p>\r\n	the description of product</p>\r\n<p>\r\n	the description of product</p>\r\n<p>\r\n	the description of product</p>\r\n<p>\r\n	the description of product</p>\r\n<p>\r\n	the description of product</p>\r\n<p>\r\n	the description of product</p>\r\n<p>\r\n	the description of product</p>\r\n<p>\r\n	the description of product</p>\r\n<p>\r\n	the description of product</p>\r\n<p>\r\n	the description of product</p>\r\n<p>\r\n	the description of product</p>\r\n<p>\r\n	the description of product</p>\r\n<p>\r\n	the description of product</p>\r\n<p>\r\n	the description of product</p>','0',NULL,NULL,NULL,'0','0',NULL,NULL,NULL,NULL,'0','2013-03-27 15:59:03',NULL,'18',NULL,NULL,'718','C039',NULL,NULL,NULL,'1','1','2','1',NULL),
('111','45',NULL,'1','product 40','','<p>\r\n	the description of product</p>\r\n<p>\r\n	the description of product</p>\r\n<p>\r\n	the description of product</p>\r\n<p>\r\n	the description of product</p>\r\n<p>\r\n	the description of product</p>\r\n<p>\r\n	the description of product</p>\r\n<p>\r\n	the description of product</p>\r\n<p>\r\n	the description of product</p>\r\n<p>\r\n	the description of product</p>\r\n<p>\r\n	the description of product</p>\r\n<p>\r\n	the description of product</p>\r\n<p>\r\n	the description of product</p>\r\n<p>\r\n	the description of product</p>\r\n<p>\r\n	the description of product</p>\r\n<p>\r\n	the description of product</p>\r\n<p>\r\n	the description of product</p>','0','','',NULL,'0','0',NULL,'','','','0','2013-03-27 15:59:03',NULL,'40',NULL,'13','168','C040',NULL,NULL,NULL,'1','1','2','1',NULL),
('112','50',NULL,'1','case 1','','<p>\r\n	the description of product</p>\r\n<p>\r\n	the description of product</p>\r\n<p>\r\n	the description of product</p>\r\n<p>\r\n	the description of product</p>\r\n<p>\r\n	the description of product</p>\r\n<p>\r\n	the description of product</p>\r\n<p>\r\n	the description of product</p>\r\n<p>\r\n	the description of product</p>\r\n<p>\r\n	the description of product</p>\r\n<p>\r\n	the description of product</p>\r\n<p>\r\n	the description of product</p>\r\n<p>\r\n	the description of product</p>\r\n<p>\r\n	the description of product</p>\r\n<p>\r\n	the description of product</p>\r\n<p>\r\n	the description of product</p>\r\n<p>\r\n	the description of product</p>','0','','','','0','0','','','','','0','2013-03-27 16:21:52',NULL,'1',NULL,'',NULL,NULL,NULL,NULL,NULL,'1','1','2','1',NULL),
('113','50',NULL,'1','case 2',NULL,'<p>\r\n	the description of product</p>\r\n<p>\r\n	the description of product</p>\r\n<p>\r\n	the description of product</p>\r\n<p>\r\n	the description of product</p>\r\n<p>\r\n	the description of product</p>\r\n<p>\r\n	the description of product</p>\r\n<p>\r\n	the description of product</p>\r\n<p>\r\n	the description of product</p>\r\n<p>\r\n	the description of product</p>\r\n<p>\r\n	the description of product</p>\r\n<p>\r\n	the description of product</p>\r\n<p>\r\n	the description of product</p>\r\n<p>\r\n	the description of product</p>\r\n<p>\r\n	the description of product</p>\r\n<p>\r\n	the description of product</p>\r\n<p>\r\n	the description of product</p>','0',NULL,NULL,NULL,'0','0',NULL,NULL,NULL,NULL,'0','2013-03-27 16:21:52',NULL,'0',NULL,NULL,NULL,NULL,NULL,NULL,NULL,'1','1','2','1',NULL),
('114','50',NULL,'1','case 3',NULL,'<p>\r\n	the description of product</p>\r\n<p>\r\n	the description of product</p>\r\n<p>\r\n	the description of product</p>\r\n<p>\r\n	the description of product</p>\r\n<p>\r\n	the description of product</p>\r\n<p>\r\n	the description of product</p>\r\n<p>\r\n	the description of product</p>\r\n<p>\r\n	the description of product</p>\r\n<p>\r\n	the description of product</p>\r\n<p>\r\n	the description of product</p>\r\n<p>\r\n	the description of product</p>\r\n<p>\r\n	the description of product</p>\r\n<p>\r\n	the description of product</p>\r\n<p>\r\n	the description of product</p>\r\n<p>\r\n	the description of product</p>\r\n<p>\r\n	the description of product</p>','0',NULL,NULL,NULL,'0','0',NULL,NULL,NULL,NULL,'0','2013-03-27 16:21:52',NULL,'0',NULL,NULL,NULL,NULL,NULL,NULL,NULL,'1','1','2','1',NULL),
('115','50',NULL,'1','case 4',NULL,'<p>\r\n	the description of product</p>\r\n<p>\r\n	the description of product</p>\r\n<p>\r\n	the description of product</p>\r\n<p>\r\n	the description of product</p>\r\n<p>\r\n	the description of product</p>\r\n<p>\r\n	the description of product</p>\r\n<p>\r\n	the description of product</p>\r\n<p>\r\n	the description of product</p>\r\n<p>\r\n	the description of product</p>\r\n<p>\r\n	the description of product</p>\r\n<p>\r\n	the description of product</p>\r\n<p>\r\n	the description of product</p>\r\n<p>\r\n	the description of product</p>\r\n<p>\r\n	the description of product</p>\r\n<p>\r\n	the description of product</p>\r\n<p>\r\n	the description of product</p>','0',NULL,NULL,NULL,'0','0',NULL,NULL,NULL,NULL,'0','2013-03-27 16:21:52',NULL,'0',NULL,NULL,NULL,NULL,NULL,NULL,NULL,'1','1','2','1',NULL),
('116','50',NULL,'1','case 5',NULL,'<p>\r\n	the description of product</p>\r\n<p>\r\n	the description of product</p>\r\n<p>\r\n	the description of product</p>\r\n<p>\r\n	the description of product</p>\r\n<p>\r\n	the description of product</p>\r\n<p>\r\n	the description of product</p>\r\n<p>\r\n	the description of product</p>\r\n<p>\r\n	the description of product</p>\r\n<p>\r\n	the description of product</p>\r\n<p>\r\n	the description of product</p>\r\n<p>\r\n	the description of product</p>\r\n<p>\r\n	the description of product</p>\r\n<p>\r\n	the description of product</p>\r\n<p>\r\n	the description of product</p>\r\n<p>\r\n	the description of product</p>\r\n<p>\r\n	the description of product</p>','0',NULL,NULL,NULL,'0','0',NULL,NULL,NULL,NULL,'0','2013-03-27 16:21:52',NULL,'0',NULL,NULL,NULL,NULL,NULL,NULL,NULL,'1','1','2','1',NULL),
('117','50',NULL,'1','case 6','','<p>\r\n	the description of product</p>\r\n<p>\r\n	the description of product</p>\r\n<p>\r\n	the description of product</p>\r\n<p>\r\n	the description of product</p>\r\n<p>\r\n	the description of product</p>\r\n<p>\r\n	the description of product</p>\r\n<p>\r\n	the description of product</p>\r\n<p>\r\n	the description of product</p>\r\n<p>\r\n	the description of product</p>\r\n<p>\r\n	the description of product</p>\r\n<p>\r\n	the description of product</p>\r\n<p>\r\n	the description of product</p>\r\n<p>\r\n	the description of product</p>\r\n<p>\r\n	the description of product</p>\r\n<p>\r\n	the description of product</p>\r\n<p>\r\n	the description of product</p>','0','/Upload/case/6en.jpg','','','0','0','','','','','0','2013-03-27 16:21:52',NULL,'0',NULL,'',NULL,NULL,NULL,NULL,NULL,'1','1','2','1',NULL),
('118','50',NULL,'1','case 7','','<p>\r\n	the description of product</p>\r\n<p>\r\n	the description of product</p>\r\n<p>\r\n	the description of product</p>\r\n<p>\r\n	the description of product</p>\r\n<p>\r\n	the description of product</p>\r\n<p>\r\n	the description of product</p>\r\n<p>\r\n	the description of product</p>\r\n<p>\r\n	the description of product</p>\r\n<p>\r\n	the description of product</p>\r\n<p>\r\n	the description of product</p>\r\n<p>\r\n	the description of product</p>\r\n<p>\r\n	the description of product</p>\r\n<p>\r\n	the description of product</p>\r\n<p>\r\n	the description of product</p>\r\n<p>\r\n	the description of product</p>\r\n<p>\r\n	the description of product</p>','0','/Upload/case/7en.jpg','','','0','0','','','','','0','2013-03-27 16:21:52',NULL,'1',NULL,'',NULL,NULL,NULL,NULL,NULL,'1','1','2','1',NULL),
('119','50',NULL,'1','case 8','','<p>\r\n	the description of product</p>\r\n<p>\r\n	the description of product</p>\r\n<p>\r\n	the description of product</p>\r\n<p>\r\n	the description of product</p>\r\n<p>\r\n	the description of product</p>\r\n<p>\r\n	the description of product</p>\r\n<p>\r\n	the description of product</p>\r\n<p>\r\n	the description of product</p>\r\n<p>\r\n	the description of product</p>\r\n<p>\r\n	the description of product</p>\r\n<p>\r\n	the description of product</p>\r\n<p>\r\n	the description of product</p>\r\n<p>\r\n	the description of product</p>\r\n<p>\r\n	the description of product</p>\r\n<p>\r\n	the description of product</p>\r\n<p>\r\n	the description of product</p>','0','/Upload/case/8en.jpg','','','0','0','','','','','0','2013-03-27 16:21:52',NULL,'13',NULL,'',NULL,NULL,NULL,NULL,NULL,'1','1','2','1',NULL),
('124','51',NULL,'1','NET Framework 2.0 simplified chinese version ','','<p>\r\n	.NET Framework runtime application needs Microsoft.NET Framework version 2 redistributable package will be installed to run on.NET Framework 2 version of the development and the related documents..NET Framework version 2 improves the cache, thereby improving the scalability of applications and performance; the use of ClickOnce improved the application deployment and update; 2 through ASP.NET controls and services provided for browsers and devices more powerful support. For more information about.NET Framework 2, please click here. Important: do not install two different language version of.NET Framework on the same computer. To install.NET Framework second language versions, will lead to the following error occurred: &quot;setup was unable to install the Microsoft.NET Framework, because the other version of the product is already installed.&quot; If you want to use a non - English platform or to view the.NET Framework resource in another language, you must download the appropriate language version of the.NET Framework language pack. Release date: 2008/3/24, languages: Simplified Chinese</p>\r\n','0','','','http://download.microsoft.com/download/c/6/e/c6e88215-0178-4c6c-b5f3-158ff77b1f38/NetFx20SP2_x86.exe','0','0','','','','','3','2013-03-27 20:12:52',NULL,'0','','',NULL,NULL,NULL,NULL,NULL,'1','1','2','1',NULL),
('128','41',NULL,'1','Warmest congratulations on enterprise website management system 3 release','','<p>\r\n	Warmest congratulations on enterprise website management system 3 release</p>\r\n<p>\r\n	The new added feature phone website, domain name, website optimization.<br />\r\n	The friends of the enterprise website management system using PHP+MySQL development, it has the advantages of simple operation, powerful function, good stability, easy expansion, high safety, convenient maintenance, can help you quickly, easy to build up a strong professional business website. System support for mobile phone website, language, custom model, SEO optimization, static page generation, comment, ordering, membership, advertising, recruitment, statistics, self-help form and other basic functions of common enterprise website, through can plug-in mechanism flexibility to expand more applications. By virtue of the company team accumulated rich experience in Web development and innovation in the pursuit of the perfect design concept, the product is supported by many enterprises, and has been used in more and more large and medium-sized commercial website.</p>\r\n','0','','','','0','0','','','','','3','2013-03-27 20:30:38',NULL,'2','','',NULL,NULL,NULL,NULL,NULL,'1','1','2','1',NULL),
('129','41',NULL,'1','Warmest congratulations on  blog system 6.3 release','','<p>\r\n	<span class=\"highlight\" leftzone=\"0|12\" rightzone=\"0|12\" space=\"\">Warmest congratulations on blog system 6.3 release</span></p>\r\n<p>\r\n<span leftzone=\"58|12\" rightzone=\"6|12\" space=\"0| \">&nbsp;blog&nbsp;system</span><span leftzone=\"103|12\" rightzone=\"51|12\" space=\"0| \"> of building</span><span leftzone=\"115|6\" rightzone=\"63|6\" space=\"0| \"> software</span><span leftzone=\"121|3\" rightzone=\"69|3\" space=\"\">,</span><span leftzone=\"124|6\" rightzone=\"72|6\" space=\"0| \"> search</span><span leftzone=\"130|12\" rightzone=\"78|12\" space=\"0| \"> engine optimization</span><span leftzone=\"142|1\" rightzone=\"90|1\" space=\"0| \"> (</span><span leftzone=\"143|3\" rightzone=\"91|3\" space=\"0| \">SEO</span><span leftzone=\"146|1\" rightzone=\"94|1\" space=\"0| \">)</span><span leftzone=\"147|12\" rightzone=\"95|12\" space=\"0| \"> tool of choice</span><span leftzone=\"159|3\" rightzone=\"107|3\" space=\"\">.</span><span leftzone=\"162|12\" rightzone=\"110|12\" space=\"0| \"> Support smart</span><span leftzone=\"174|12\" rightzone=\"122|12\" space=\"0| \"> account registration</span><span leftzone=\"186|3\" rightzone=\"134|3\" space=\"\">,</span><span leftzone=\"189|12\" rightzone=\"137|12\" space=\"0| \"> article management</span><span leftzone=\"201|3\" rightzone=\"149|3\" space=\"\">,</span><span leftzone=\"204|6\" rightzone=\"152|6\" space=\"0| \"> publishing</span><span leftzone=\"210|6\" rightzone=\"158|6\" space=\"0| \"> history</span><span leftzone=\"216|3\" rightzone=\"164|3\" space=\"\">,</span><span leftzone=\"219|9\" rightzone=\"167|9\" space=\"0| \"> pseudo original</span><span leftzone=\"228|3\" rightzone=\"176|3\" space=\"\">,</span><span leftzone=\"231|9\" rightzone=\"179|9\" space=\"0| \"> automatic</span><span leftzone=\"240|6\" rightzone=\"188|6\" space=\"0| \"> release</span><span leftzone=\"246|3\" rightzone=\"194|3\" space=\"\">,</span><span leftzone=\"249|15\" rightzone=\"197|15\" space=\"0| \"> custom web site</span><span leftzone=\"264|3\" rightzone=\"212|3\" space=\"\">,</span><span leftzone=\"267|6\" rightzone=\"215|6\" space=\"0| \"> a variety of</span><span leftzone=\"273|12\" rightzone=\"221|12\" space=\"0| \"> ways to release</span><span leftzone=\"285|3\" rightzone=\"233|3\" space=\"1|&#13;&#10;\">.</span></p>\r\n<p>\r\n	<span leftzone=\"292|9\" rightzone=\"0|9\" space=\"\">There are</span><span leftzone=\"301|12\" rightzone=\"9|12\" space=\"0| \"> some functions</span><span leftzone=\"313|3\" rightzone=\"21|3\" space=\"1|&#13;&#10;\">:</span></p>\r\n<p>\r\n	&nbsp;</p>\r\n<table border=\"0\" cellpadding=\"0\">\r\n	<tbody>\r\n		<tr>\r\n			<td style=\"width: 38px\">\r\n				<p align=\"left\">\r\n					<span leftzone=\"313|3\" rightzone=\"21|3\" space=\"1|&#13;&#10;\"><span style=\"widows: 2; text-transform: none; text-indent: 25px; display: inline !important; font: 12px/21px 宋体; white-space: normal; orphans: 2; float: none; letter-spacing: normal; color: rgb(102,102,102); word-spacing: 0px; -webkit-text-size-adjust: auto; -webkit-text-stroke-width: 0px\"><img src=\"/Upload/product/clip_image001.png\" /></span></span></p>\r\n			</td>\r\n			<td>\r\n				<p align=\"left\">\r\n					<span leftzone=\"313|3\" rightzone=\"21|3\" space=\"1|&#13;&#10;\"><span style=\"widows: 2; text-transform: none; text-indent: 25px; display: inline !important; font: 12px/21px 宋体; white-space: normal; orphans: 2; float: none; letter-spacing: normal; color: rgb(102,102,102); word-spacing: 0px; -webkit-text-size-adjust: auto; -webkit-text-stroke-width: 0px\"><span class=\"highlight\" leftzone=\"0|6\" rightzone=\"0|6\" space=\"\">Intelligent</span><span leftzone=\"6|12\" rightzone=\"6|12\" space=\"0| \"> account registration</span><span leftzone=\"18|3\" rightzone=\"18|3\" space=\"\">:</span><span leftzone=\"21|9\" rightzone=\"21|9\" space=\"0| \"> only need to</span><span leftzone=\"30|15\" rightzone=\"30|15\" space=\"0| \"> enter the code</span><span leftzone=\"45|12\" rightzone=\"45|12\" space=\"0| \"> can continue to</span><span leftzone=\"57|12\" rightzone=\"57|12\" space=\"0| \"> register an account</span><span leftzone=\"69|1\" rightzone=\"69|1\" space=\"0| \"> (</span><span leftzone=\"70|12\" rightzone=\"70|12\" space=\"0| \">similar products</span><span leftzone=\"82|12\" rightzone=\"82|12\" space=\"0| \"> almost all</span><span leftzone=\"94|9\" rightzone=\"94|9\" space=\"0| \"> to open the</span><span leftzone=\"103|6\" rightzone=\"103|6\" space=\"0| \"> webpage</span><span leftzone=\"109|1\" rightzone=\"109|1\" space=\"0| \">)</span></span></span></p>\r\n			</td>\r\n		</tr>\r\n		<tr>\r\n			<td>\r\n				<p align=\"left\">\r\n					<span leftzone=\"313|3\" rightzone=\"21|3\" space=\"1|&#13;&#10;\"><span style=\"widows: 2; text-transform: none; text-indent: 25px; display: inline !important; font: 12px/21px 宋体; white-space: normal; orphans: 2; float: none; letter-spacing: normal; color: rgb(102,102,102); word-spacing: 0px; -webkit-text-size-adjust: auto; -webkit-text-stroke-width: 0px\"><img src=\"/Upload/product/clip_image003.png\" /></span></span></p>\r\n			</td>\r\n			<td>\r\n				<p align=\"left\">\r\n					<span leftzone=\"313|3\" rightzone=\"21|3\" space=\"1|&#13;&#10;\"><span style=\"widows: 2; text-transform: none; text-indent: 25px; display: inline !important; font: 12px/21px 宋体; white-space: normal; orphans: 2; float: none; letter-spacing: normal; color: rgb(102,102,102); word-spacing: 0px; -webkit-text-size-adjust: auto; -webkit-text-stroke-width: 0px\"><span class=\"highlight\" leftzone=\"9|6\" rightzone=\"9|6\" space=\"\">Account</span><span leftzone=\"0|6\" rightzone=\"0|6\" space=\"0| \"> management</span><span leftzone=\"6|3\" rightzone=\"6|3\" space=\"\">:</span><span leftzone=\"22|6\" rightzone=\"22|6\" space=\"0| \"> account</span><span leftzone=\"28|9\" rightzone=\"28|9\" space=\"0| \"> grouping</span><span leftzone=\"37|12\" rightzone=\"37|12\" space=\"0| \"> web site management</span><span leftzone=\"49|9\" rightzone=\"49|9\" space=\"0| \"> and display</span><span leftzone=\"58|3\" rightzone=\"58|3\" space=\"\">,</span><span leftzone=\"61|6\" rightzone=\"61|6\" space=\"0| \"> universal</span><span leftzone=\"67|12\" rightzone=\"67|12\" space=\"0| \"> import and export</span><span leftzone=\"79|3\" rightzone=\"79|3\" space=\"\">,</span><span leftzone=\"82|11\" rightzone=\"82|11\" space=\"0| \"> automatic IE</span><span leftzone=\"93|6\" rightzone=\"93|6\" space=\"0| \"> login</span></span></span></p>\r\n			</td>\r\n		</tr>\r\n		<tr>\r\n			<td>\r\n				<p align=\"left\">\r\n					<span leftzone=\"313|3\" rightzone=\"21|3\" space=\"1|&#13;&#10;\"><span style=\"widows: 2; text-transform: none; text-indent: 25px; display: inline !important; font: 12px/21px 宋体; white-space: normal; orphans: 2; float: none; letter-spacing: normal; color: rgb(102,102,102); word-spacing: 0px; -webkit-text-size-adjust: auto; -webkit-text-stroke-width: 0px\"><img src=\"/Upload/product/clip_image005.png\" /></span></span></p>\r\n			</td>\r\n			<td>\r\n				<p align=\"left\">\r\n					<span leftzone=\"313|3\" rightzone=\"21|3\" space=\"1|&#13;&#10;\"><span style=\"widows: 2; text-transform: none; text-indent: 25px; display: inline !important; font: 12px/21px 宋体; white-space: normal; orphans: 2; float: none; letter-spacing: normal; color: rgb(102,102,102); word-spacing: 0px; -webkit-text-size-adjust: auto; -webkit-text-stroke-width: 0px\"><span class=\"highlight\" leftzone=\"0|12\" rightzone=\"0|12\" space=\"\">Simple article</span><span leftzone=\"12|6\" rightzone=\"12|6\" space=\"0| \"> management</span><span leftzone=\"18|3\" rightzone=\"18|3\" space=\"\">:</span><span leftzone=\"45|12\" rightzone=\"45|12\" space=\"0| \"> fool</span><span leftzone=\"21|6\" rightzone=\"21|6\" space=\"0| \"> acquisition method</span><span leftzone=\"27|6\" rightzone=\"27|6\" space=\"\">,</span><span leftzone=\"33|12\" rightzone=\"33|12\" space=\"0| \"> various forms of</span><span leftzone=\"60|6\" rightzone=\"60|6\" space=\"0| \"> other</span><span leftzone=\"66|6\" rightzone=\"66|6\" space=\"0| \"> mass</span><span leftzone=\"72|1\" rightzone=\"72|1\" space=\"0| \"> (</span><span leftzone=\"73|6\" rightzone=\"73|6\" space=\"0| \">acquisition</span><span leftzone=\"79|1\" rightzone=\"79|1\" space=\"0| \">)</span><span leftzone=\"80|6\" rightzone=\"80|6\" space=\"0| \"> software</span><span leftzone=\"86|6\" rightzone=\"86|6\" space=\"0| \"> the</span><span leftzone=\"92|12\" rightzone=\"92|12\" space=\"0| \"> data import</span></span></span></p>\r\n			</td>\r\n		</tr>\r\n		<tr>\r\n			<td>\r\n				<p align=\"left\">\r\n					<span leftzone=\"313|3\" rightzone=\"21|3\" space=\"1|&#13;&#10;\"><span style=\"widows: 2; text-transform: none; text-indent: 25px; display: inline !important; font: 12px/21px 宋体; white-space: normal; orphans: 2; float: none; letter-spacing: normal; color: rgb(102,102,102); word-spacing: 0px; -webkit-text-size-adjust: auto; -webkit-text-stroke-width: 0px\"><img src=\"/Upload/product/clip_image007.png\" /></span></span></p>\r\n			</td>\r\n			<td>\r\n				<p align=\"left\">\r\n					<span leftzone=\"313|3\" rightzone=\"21|3\" space=\"1|&#13;&#10;\"><span style=\"widows: 2; text-transform: none; text-indent: 25px; display: inline !important; font: 12px/21px 宋体; white-space: normal; orphans: 2; float: none; letter-spacing: normal; color: rgb(102,102,102); word-spacing: 0px; -webkit-text-size-adjust: auto; -webkit-text-stroke-width: 0px\">Convenient and flexible pseudo-original: pseudo original function rules of preservation, convenient access, advanced keyword management page</span></span></p>\r\n			</td>\r\n		</tr>\r\n		<tr>\r\n			<td>\r\n				<p align=\"left\">\r\n					<span leftzone=\"313|3\" rightzone=\"21|3\" space=\"1|&#13;&#10;\"><span style=\"widows: 2; text-transform: none; text-indent: 25px; display: inline !important; font: 12px/21px 宋体; white-space: normal; orphans: 2; float: none; letter-spacing: normal; color: rgb(102,102,102); word-spacing: 0px; -webkit-text-size-adjust: auto; -webkit-text-stroke-width: 0px\"><img src=\"/Upload/product/clip_image009.png\" /></span></span></p>\r\n			</td>\r\n			<td>\r\n				<p align=\"left\">\r\n					<span leftzone=\"313|3\" rightzone=\"21|3\" space=\"1|&#13;&#10;\"><span style=\"widows: 2; text-transform: none; text-indent: 25px; display: inline !important; font: 12px/21px 宋体; white-space: normal; orphans: 2; float: none; letter-spacing: normal; color: rgb(102,102,102); word-spacing: 0px; -webkit-text-size-adjust: auto; -webkit-text-stroke-width: 0px\">Automatic release: send the article completely unattended, need artificial auxiliary will give tips (automatic processing after the timeout)</span></span></p>\r\n			</td>\r\n		</tr>\r\n		<tr>\r\n			<td>\r\n				<p align=\"left\">\r\n					<span leftzone=\"313|3\" rightzone=\"21|3\" space=\"1|&#13;&#10;\"><span style=\"widows: 2; text-transform: none; text-indent: 25px; display: inline !important; font: 12px/21px 宋体; white-space: normal; orphans: 2; float: none; letter-spacing: normal; color: rgb(102,102,102); word-spacing: 0px; -webkit-text-size-adjust: auto; -webkit-text-stroke-width: 0px\"><img src=\"/Upload/product/clip_image011.png\" /></span></span></p>\r\n			</td>\r\n			<td>\r\n				<p align=\"left\">\r\n					<span leftzone=\"313|3\" rightzone=\"21|3\" space=\"1|&#13;&#10;\"><span style=\"widows: 2; text-transform: none; text-indent: 25px; display: inline !important; font: 12px/21px 宋体; white-space: normal; orphans: 2; float: none; letter-spacing: normal; color: rgb(102,102,102); word-spacing: 0px; -webkit-text-size-adjust: auto; -webkit-text-stroke-width: 0px\"><span class=\"highlight\" leftzone=\"0|6\" rightzone=\"0|6\" space=\"\">A variety of</span><span leftzone=\"6|12\" rightzone=\"6|12\" space=\"0| \"> ways to release</span><span leftzone=\"18|3\" rightzone=\"18|3\" space=\"\">:</span><span leftzone=\"21|21\" rightzone=\"21|21\" space=\"0| \"> the article</span><span leftzone=\"42|6\" rightzone=\"42|6\" space=\"0| \"> sent to</span><span leftzone=\"48|6\" rightzone=\"48|6\" space=\"0| \"> all</span><span leftzone=\"54|15\" rightzone=\"54|15\" space=\"0| \"> account can also be</span><span leftzone=\"69|6\" rightzone=\"69|6\" space=\"0| \"> sent to the</span><span leftzone=\"75|6\" rightzone=\"75|6\" space=\"0| \"> random</span><span leftzone=\"81|6\" rightzone=\"81|6\" space=\"0| \"> account</span><span leftzone=\"87|6\" rightzone=\"87|6\" space=\"0| \"> etc.</span><span leftzone=\"93|3\" rightzone=\"93|3\" space=\"\">.</span><span leftzone=\"96|3\" rightzone=\"96|3\" space=\"\">.</span><span leftzone=\"99|3\" rightzone=\"99|3\" space=\"\">.</span></span></span></p>\r\n			</td>\r\n		</tr>\r\n		<tr>\r\n			<td>\r\n				<p align=\"left\">\r\n					<span leftzone=\"313|3\" rightzone=\"21|3\" space=\"1|&#13;&#10;\"><span style=\"widows: 2; text-transform: none; text-indent: 25px; display: inline !important; font: 12px/21px 宋体; white-space: normal; orphans: 2; float: none; letter-spacing: normal; color: rgb(102,102,102); word-spacing: 0px; -webkit-text-size-adjust: auto; -webkit-text-stroke-width: 0px\"><img src=\"/Upload/product/clip_image013.png\" /></span></span></p>\r\n			</td>\r\n			<td>\r\n				<p align=\"left\">\r\n					<span leftzone=\"313|3\" rightzone=\"21|3\" space=\"1|&#13;&#10;\"><span style=\"widows: 2; text-transform: none; text-indent: 25px; display: inline !important; font: 12px/21px 宋体; white-space: normal; orphans: 2; float: none; letter-spacing: normal; color: rgb(102,102,102); word-spacing: 0px; -webkit-text-size-adjust: auto; -webkit-text-stroke-width: 0px\"><span class=\"highlight\" leftzone=\"0|15\" rightzone=\"0|15\" space=\"\">A custom web site</span><span leftzone=\"15|3\" rightzone=\"15|3\" space=\"\">:</span><span leftzone=\"18|18\" rightzone=\"18|18\" space=\"0| \"> to support a variety of mainstream</span><span leftzone=\"36|12\" rightzone=\"36|12\" space=\"0| \"> site program</span><span leftzone=\"48|15\" rightzone=\"48|15\" space=\"0| \"> backstage release</span><span leftzone=\"63|3\" rightzone=\"63|3\" space=\"\">,</span><span leftzone=\"66|6\" rightzone=\"66|6\" space=\"0| \"> convenient</span><span leftzone=\"72|3\" rightzone=\"72|3\" space=\"0| \"> to</span><span leftzone=\"75|12\" rightzone=\"75|12\" space=\"0| \"> your website</span><span leftzone=\"87|9\" rightzone=\"87|9\" space=\"0| \"> and blog</span><span leftzone=\"96|9\" rightzone=\"96|9\" space=\"0| \"> integration</span><span leftzone=\"105|3\" rightzone=\"105|3\" space=\"\">.</span></span></span></p>\r\n			</td>\r\n		</tr>\r\n		<tr>\r\n			<td>\r\n				<p align=\"left\">\r\n					<span leftzone=\"313|3\" rightzone=\"21|3\" space=\"1|&#13;&#10;\"><span style=\"widows: 2; text-transform: none; text-indent: 25px; display: inline !important; font: 12px/21px 宋体; white-space: normal; orphans: 2; float: none; letter-spacing: normal; color: rgb(102,102,102); word-spacing: 0px; -webkit-text-size-adjust: auto; -webkit-text-stroke-width: 0px\"><img src=\"/Upload/product/clip_image015.png\" /></span></span></p>\r\n			</td>\r\n			<td>\r\n				<p align=\"left\">\r\n					<span leftzone=\"313|3\" rightzone=\"21|3\" space=\"1|&#13;&#10;\"><span style=\"widows: 2; text-transform: none; text-indent: 25px; display: inline !important; font: 12px/21px 宋体; white-space: normal; orphans: 2; float: none; letter-spacing: normal; color: rgb(102,102,102); word-spacing: 0px; -webkit-text-size-adjust: auto; -webkit-text-stroke-width: 0px\">History: History sent send grouped into account, the convenience of your group call, a set of software to manage multiple promotion plan.</span></span></p>\r\n			</td>\r\n		</tr>\r\n	</tbody>\r\n</table>\r\n<p>\r\n	&nbsp;</p>\r\n','0','','','','0','0','','','','','4','2013-03-27 20:33:56',NULL,'2','','',NULL,NULL,NULL,NULL,NULL,'1','1','2','1',NULL),
('130','41',NULL,'1','High Xingjiebi finished Website Package officially is launched','','<p>\r\n	The finished website is the subdivision of all walks of life on the website, by professional personnel of careful planning, design and production, a large number of ready-made site, site classification in supermarket display and packaged for sale, the user can be finished web site to install their own hosting space. Design style, each finished the section of the web site layout planning, test contents are referring to the industry&#39;s actual site requirements and case to make, so that final demand closer to industrial users. Each a product websites offer online demo and trial experience, let users fully understand the design and functions of the website. WYSIWYG web, fast, convenient maintenance, high ratio of performance to price...</p>\r\n','0','/Upload/news/5en.jpg','','','0','0','','','','','5','2013-03-27 20:39:02',NULL,'5','','3',NULL,NULL,NULL,NULL,NULL,'1','1','2','1',NULL),
('132','42',NULL,'1','Qihoo 360 and Google search cooperation agreement reached','','<p>\r\n	Netease science and technology news on January 4th message, according to foreign media reports, before the news Qihoo 360 and Google is expected to reach a search deal, may have on the Chinese search giant Baidu threat, but Qihoo has to ZDNet officially confirmed the news, said that the agreement with the Google does exist, but declined to give further details.<br />\r\n	Bloomberg news earlier this week quoted the analysis of investment firm WedgePartners said, Qihoo and Google will collaborate in early 2013. Qihoo chief executive Zhou Hongyi said before, Qihoo to Google, Microsoft, Sogou search engine service companies have cooperation.<br />\r\n	After the United States independent analyst ABR InvestmentStrategy also reported the upcoming Qihoo and Google cooperation. ABR said: &quot;given the Qihoo and Google expected cooperation, we will search revenue in fiscal year 2013 is expected to increase to $90000000 from $62000000.&quot;<br />\r\n	When ZDNet Asia linked to Qihoo aspects of the interview, Qihoo said: &quot;between Qihoo can only confirm and Google cooperation does exist, but can not disclose any details of the information.&quot;<br />\r\n	Citibank analyst Lee Act (Lee, Muzhi) to (RaviSarathy), and Ravi Saladi said, Qihoo and Google cooperation is bad news for Baidu is concerned. They reaffirmed Baidu sell rating, said this is because cooperation Qihoo search monetization and service and Google keyword.<br />\r\n	If everything goes smoothly, Qihoo on Google cooperation for the first time. Qihoo has in their browsers before using Google search service, now it has been replaced by its own search service.<br />\r\n	Qihoo has established itself in the field of software safety, the company has operations will be extended to other Internet services, such as browsers and search engine service. (West)</p>\r\n','0','','','','0','0','','','','','0','2013-03-27 20:45:56',NULL,'1','','',NULL,NULL,NULL,NULL,NULL,'1','1','2','1',NULL),
('133','42',NULL,'1','wanwang alleged breach of security can lead to register a domain name malicious hijacking','','<p>\r\n	Dispatch of sina science and technology on January 4th afternoon message, security issues feedback platform clouds (wooyun.org) today through the micro-blog said in a news release, network security vulnerabilities can lead to register a domain name hijacking is malicious.<br />\r\n	Wu Yun said in the micro-blog, &quot;the network be proof of the existence of security vulnerabilities, can be hijacked in the network domain name registration malicious users, completely repair loopholes in the nets suggest you Adsense and enterprises to increase monitoring of domain name&quot;.<br />\r\n	In fact, the clouds are victims of this vulnerability. According to the micro-blog has revealed, this vulnerability to the attack, &quot;and a long time cannot access and creates the actual loss of interest&quot;. The official further said, as network users will retain the right to prosecute.<br />\r\n	In this regard, the lawyer Zhao Zhanling pointed out: if its loopholes instead of the user causes the domain name hijacking, 10 thousand nets should ask users to compensate for the losses. Otherwise, the user can through legal channels for all responsibility.<br />\r\n	To date, all did not respond.</p>\r\n','0','','','','0','0','','','','','0','2013-03-27 20:45:56',NULL,'5','','',NULL,NULL,NULL,NULL,NULL,'1','1','2','1',NULL),
('134','42',NULL,'1','360 search engine http://so.360.cn is on line','','<p>\r\n	The previous day legend tiger 360 to push its own search engine, today, 360 of the search engine quietly on the line, some in the industry have been hearsay and start trial. 360 search enable domain so.360.cn two.<br />\r\n	At present, 360 search interface is also very simple, subscript red below to design similar to &quot;Youdao search&quot;. In addition, in addition to webpage search by 360 search provides search results, news search, MP3 search, image search, map search, ask search are directly linked to the corresponding classification of Baidu search, video search link to 360 of the original &quot;360 video search&quot;.<br />\r\n	In view of the line just 360 possible search, search technology and experience is still not perfect, so the 360 search is still retained the Baidu and Google search, the two search are integrated into the 360 search page, if the user feel dissatisfied with 360 search results, can be directly click switch to Baidu search or Google search.<br />\r\n	From the micro-blog everyone to the 360 search engine test results, the 360 search may go is route Blekko (personal speculation), is also the only index authority sites to ensure that the garbage station authority and removing search results.<br />\r\n	In August 10th, Cheng Lingfeng said in the micro-blog:<br />\r\n	I heard that the general search 360 is about to launch its own domain name. Was supposed to launch the browser information recommendation based on, but not mature. Also heard on other search engine results in the &quot;illegal&quot; content or ads to remind users tagging.<br />\r\n	At present, it said non-trivial, according to another Fenng in the micro-blog sources:<br />\r\n	More hearsay about 360 search: everyone knows the address, now in the first test of water, its search results is not good enough, may and Bing do first cooperation. Real maturity in his own. 360 the stock price to rise.<br />\r\n	In the afternoon there will be a small noisy can see: Sogou CEO Wang Xiaochuan said in the micro-blog:<br />\r\n	By three stage rocket model, the 360 finally released universal search. Internet users have more choice is a good thing. But the search technology need long time of accumulation, we have to worry about the poor quality of the use of improper means to hurt the user. I&#39;d heard the development process there are some extreme means to go beyond the bottom line &quot;&quot;. Sogou search team will make a general evaluation on the 360 search quality, afternoon for everyone to send report.<br />\r\n	At present the 360 official and Zhou Hongyi have not been disclosed more information.</p>\r\n','0','','','','0','0','','','','','0','2013-03-27 20:45:56',NULL,'4','','',NULL,NULL,NULL,NULL,NULL,'1','1','2','1',NULL),
('135','42',NULL,'1','What reasons cause the broken network data center?','','<p>\r\n	One way of Thai embarrassed embarrassed at the end of 2012 under the bed to the Chinese film box office record, but also refresh the record. But in IT, data center security failure events erupt frequently, also the impact of enterprise user&#39;s psychological line of defense in a meeting. Only look, the security problems of the data center, don&#39;t be embarrassed again. &quot;Tai embarrassed&quot;.<br />\r\n	Cloud computing service is touted to be the IT saints in this era, all services can be &quot;cloud&quot;. However, when many companies to be the first to eat crab, but found that often the most vulnerable is their. In recent years, emerge in an endless stream of cloud services broken network events, so that the industry could appall.</p>\r\n<p>\r\n	&nbsp;<img alt=\"\" src=\"/Upload/news/135I5001YE50-23296%5B1%5D.jpg\" style=\"width: 350px; height: 253px\" /></p>\r\n<p>\r\n	People gradually return to the ideal, to more clearly see the true face of cloud computing. It can be said, no matter how lofty dream or to find a secure foothold, cloud services eventually from one data center to be transmitted to a data center, and in the process still could not escape the need, computer, network, power, storage, etc. between collaborative work. As a result, the entire process error and loopholes in the offing, coupled with natural disasters. So, enabled cloud services, you must have a certain amount of mental preparation, but also with a second-hand solutions to deal with.</p>\r\n<p>\r\n	Editor here, look at the reasons behind a series of broken network events that occurred in recent years. Between from 2009 to 2012. Perhaps make you see: even if the computer error seems inevitable, reinsurance measures seem only security event control in a small probability range.</p>\r\n<p>\r\n	The off network types: system failure</p>\r\n<p>\r\n	Typical event 1: Amazon AWS Christmas Eve off network</p>\r\n<p>\r\n	The cause of the malfunction: Elastic Load Balancing service failure</p>\r\n<p>\r\n	December 24, 2012, Christmas Eve just past, Amazon did not let their customers have had peace. Amazon the AWS located in the eastern United States data center fails, the Elastic Load Balancing service (Elastic Load Balancing Service) interrupt, sites such as Netflix and Heroku affected. Which, Heroku in the AWS eastern United States regional service before failure has also been influenced. However, some coincidence Netflix rival Amazon&#39;s own Amazon Prime Instant Video is not affected because of this failure.</p>\r\n<p>\r\n	December 24, Amazon AWS interrupt service event is not the first time, of course, will not be the last time.</p>\r\n<p>\r\n	October 22, 2012, Amazon AWS network services in Northern Virginia interruption. The reason is similar to the last. The effects of the accident including Reddit, Pinterest and other well-known websites. Interrupt affect the elasticity of magic beans, followed by flexible magic beans console, relational database services, flexible cache, Elastic Compute Cloud EC2, cloud search. This accident made a lot of people believe that Amazon should to upgrade North Pooh the Ghia data center infrastructure.</p>\r\n<p>\r\n	April 22, 2011, a large area of ​​the Amazon cloud data center server downtime, this event is considered to Amazon the most serious in the history of cloud computing security event. Amazon downtime cloud computing center in Northern Virginia, including answer service Quora, the news service Reddit, Hootsuite and location tracking service FourSquare, some sites have been affected. Amazon&#39;s official report claims that the incident is due to the presence of its EC2 system design vulnerabilities and design flaws, to improve the EC2 (the Amazon ElasticComputeCloud service), competitive and continue to fix known vulnerabilities and defects.</p>\r\n<p>\r\n	In January 2010, almost 60,008 thousand Salesforce.com users experienced at least one hour of downtime. Salesforce.com &quot;systematic errors&quot; due to their own data center, all services, including backup, including a brief paralysis. It also exposed the Salesforce.com do not want to open the lock strategy: its PaaS platform, Force.com Salesforce.com outside the. Once Salesforce.com problems, Force.com the same problems. Interrupt service occurred a long time, the problem will become very tricky.</p>\r\n<p>\r\n	The broken network inducement: natural disasters</p>\r\n<p>\r\n	Typical event: Amazon Northern Ireland Berlin data center downtime</p>\r\n<p>\r\n	The fault reasons: lightning struck a transformer of the data center in Berlin</p>\r\n<p>\r\n	August 6, 2011, caused by lightning in Northern Ireland, Dublin Amazon and Microsoft cloud computing network in Europe, large-scale data center power outage downtime. The lightning struck a transformer near Dublin data center, leading to its explosion. The explosion triggered a fire, so that the work of all public service agencies to temporarily halt the entire data center downtime.</p>\r\n<p>\r\n	This data center is the Amazon, only for data storage and in Europe, that is, EC2 cloud computing platform customers during the accident no other data center for temporary use. Downtime event makes the length of the Amazon EC2 cloud service platform many websites to interrupt a long time up to two days.</p>\r\n<p>\r\n	Typical event: Calgary data center fire accident</p>\r\n<p>\r\n	Failure reasons: data center fire</p>\r\n<p>\r\n	Calgary data center fire accident July 11, 2012: Canadian communications service providers ShawCommunicationsInc in Calgary the A Er Bota&#39;s data center, a fire occurred, resulting in hundreds of local hospital surgical delay. Manage the data center to provide emergency services, the fire affected the the main backup systems to support critical public services. The event as a series of government agencies sounded the alarm, you must ensure the timely recovery and have failover system, combined with the introduction of disaster management plans.</p>\r\n<p>\r\n	Typical event: Hurricane Sandy attacks data center</p>\r\n<p>\r\n	The cause of the malfunction: storms and floods led to the data center to stop running</p>\r\n<p>\r\n	October 29, 2012, super hurricane Sandy: data center in New York and New Jersey are subject to the impact of the hurricane, including the adverse impact for the Lower Manhattan area flooding and the shutdown of some facilities, the surrounding area data center generators run disorders. Impact in hurricane Sandy and beyond the general single disruptions brought disaster of unprecedented scale in the data center industry in the affected areas. In fact, the diesel has become the lifeblood of the data center recovery, to take over the entire load as a backup power system, prompting the special measures to keep the generator fuel. With the immediate focus gradually shifted to the post-disaster reconstruction, we need long-term engineering and disaster recovery data center location, explore this topic may last for months, or even years.</p>\r\n<p>\r\n	The off net incentive III: human factors</p>\r\n<p>\r\n	Typical event 1: Hosting.com service disruptions</p>\r\n<p>\r\n	The cause of the malfunction: the service provider implementation of the circuit breaker operating sequence is incorrect due to UPS Close</p>\r\n<p>\r\n	July 28, 2012 the Hosting.com outage event: human error is often considered one of the dominant factors in the data center downtime. July the Hosting.com interrupt events caused the 1100 Customer Service interruption is an example. Shutdown accident is being carried out due to the company&#39;s data center in Newark, Delaware, UPS systems preventive maintenance, service provider implementation of the circuit breaker operating sequence is not correct to cause the UPS shut down is caused by the data center suites facilities the loss of one of the key factors. &quot;CEO of ArtZeile Hosting.com. &quot;There is no failure of any important power system or standby power systems, is entirely caused by a human error.&quot;</p>\r\n<p>\r\n	Typical event: Microsoft outbreak of the BPOS service interruptions event</p>\r\n<p>\r\n	The cause of the malfunction: Microsoft data centers in the United States, Europe and Asia, a determined set error</p>\r\n<p>\r\n	In September 2010, Microsoft hosting services at least three times in the western United States within a few weeks time interrupt event to apologize to the user. This is Microsoft&#39;s first major cloud computing events broke.</p>\r\n<p>\r\n	The accident, the user access BPOS (Business Productivity Online Suite) service, if you use Microsoft&#39;s North American facilities access service customers may encounter a problem, this failure lasted two hours. Although Microsoft engineers later claimed to have solved the problem, but did not solve the fundamental problem, which is also produced September 3 and September 7 service interrupted again.</p>\r\n<p>\r\n	Microsoft&#39;s Clint Patterson said this data breaches are caused by errors due to Microsoft data centers in the United States, Europe and Asia, a determined set. BPOS software in the offline address book in the &quot;very special circumstances&quot; available to unauthorized users. The address book contains the contact information.</p>\r\n<p>\r\n	Microsoft said that this error fixed two hours after the discovery. Microsoft said it has tracking facilities, to enable it to get in touch with people who download these data errors in order to clear these data.</p>\r\n<p>\r\n	Off network incentives: system failure</p>\r\n<p>\r\n	Typical event 1: GoDaddy the website DNS server interrupt</p>\r\n<p>\r\n	The fault reasons: data table within a series of routers in the system caused by network outages</p>\r\n<p>\r\n	The GoDaddy website DNS server interrupts: September 10, 2012 the domain name giant GoDaddy DNS server is one of the most important suppliers, which has 5,000,000 websites and manages over 50 million domain names. This is why the disruptions will be the most devastating event in 2012 on September 10.</p>\r\n<p>\r\n	Some speculation even to the interrupt events for up to six hours is the result of denial of service attacks, but GoDaddy later said, this router table corrupted data. Service interruption is not caused by external influences. &quot;GoDaddy interim CEO 史葛瓦格纳 said. &quot;This is not a hacker attack is not a denial of service attack (DDoS) We have determined that the service interruption is due to damage to the network event caused by the series of routers internal data table.&quot;</p>\r\n<p>\r\n	Typical event: Shengda Yun stored off network</p>\r\n<p>\r\n	The fault reasons: data center physical server disk is damaged</p>\r\n<p>\r\n	August 6, 2012 8:10 pm Shengda Yun due to cloud host failure caused by the loss of user data events public statement published on its official microblogging. The statement said: August 6, Shengda Yun data center in Wuxi, because a single physical server disk is damaged, resulting in the loss of individual users&#39; data. Shengda Yun has to make every effort to assist the user to recover data.</p>\r\n<p>\r\n	Lead to individual users&#39; data lost because of a physical server disk is damaged, Shengda Yun technicians are given their own interpretation: the virtual machine&#39;s disk, there are two modes of production, a direct host the physical disk. This case, if the host&#39;s physical disk fails, the cloud host will inevitably result in the loss of data, which is generated by the incident reasons; another is to use remote storage is grand hard disk products, this way the actual is to save the user&#39;s data to a remote cluster, and at the same time do multiple backups, and even host a failure will not affect a the Cloud host of data. Difficult to avoid because the physical damage to the machine, in order to avoid accidental loss you are experiencing, we recommend that you also do data backup to cloud host.</p>\r\n<p>\r\n	Typical events 3: Google App Engine interrupt service</p>\r\n<p>\r\n	The cause of the malfunction: network delay</p>\r\n<p>\r\n	Google App Engine: GAE WEB application development and hosting platform, data center management by google interrupt time is October 26th, and lasted 4 hours, because suddenly become slow to respond, and an error. Affected, 50% of the GAE request fails.</p>\r\n<p>\r\n	Google said that there is no loss of data, application behavior also have backup can be restored. Apologize, google announced Nov. user can google said they are strengthening their network services to cope with the problems of network delay, &quot;We have enhanced the flow routing capabilities, and to adjust the configuration, these will effectively prevent such problems from happening again.</p>\r\n<p>\r\n	The off net incentive Five: System Bug</p>\r\n<p>\r\n	Typical Event 1: Azure global interrupt service</p>\r\n<p>\r\n	The cause of the accident: Software Bug calculated incorrectly result in a leap year time</p>\r\n<p>\r\n	February 28, 2012, due to the leap year bug &quot;causing Microsoft Azure service a large area on a global scale to interrupt, the interrupt time over 24 hours. Although Microsoft said the software bug is incorrect leap year calculation of time lead, but the incident provoked a strong reaction in many users, many people asked Microsoft to make more reasonable explanation for this purpose.</p>\r\n<p>\r\n	The typical event 2: Gmail e-mail the outbreak of a global failure</p>\r\n<p>\r\n	The cause of the accident: data center routine maintenance, the side effects of the new code</p>\r\n<p>\r\n	February 24, 2009, Google&#39;s Gmail e-mail to the outbreak of the global failure service interrupted time up to 4 hours. Google explained the cause of the accident: when routine maintenance of the data center in Europe, some of the new program code (trying to geographical proximity data focus on all of the body) some side effects, leading to another data center in Europe to overload, so The knock-on effect on the expansion and interface to other data centers, and ultimately lead to the disconnection of the global and other data center does not work.</p>\r\n<p>\r\n	Typical event: &quot;5.19 off network events</p>\r\n<p>\r\n	The cause of the accident: the client-side software Bug, internet terminals frequent DNS requests, triggering DNS congestion</p>\r\n<p>\r\n	May 19, 2009, 21:50, Jiangsu, Anhui, Guangxi, Hainan, Gansu, Zhejiang and other six provinces user declaration to access the site slow or inaccessible. Unit investigating after the Ministry of Communications, said the national six provinces network disruptions, because a company launched the client software defects, resulting in the installation of the software of the Internet, in the case of abnormal work of the company&#39;s domain name authorization server terminal frequently initiate DNS request triggered DNS congestion, resulting in a large number of users access the site slow or page can not open.</p>\r\n<p>\r\n	Which the, DN SPod is the leading DNS service provider one N SPod company service DNS service for a number of well-known websites. The attack resulted in paralysis the 6 units dns the DN SPod belongs DNS server, a direct result of the DNS system paralyzed STORM, including a number of network service providers, and thereby lead to network congestion, resulting in a large number of users can not be normal Internet. The Ministry of Industry and pointed out that this incident exposed the Domain Name Service to become the weak link in network security, instructed all units to strengthen the security of the Domain Name Service.</p>\r\n<p>\r\n	Summary</p>\r\n<p>\r\n	Enable cloud services company, a large extent, is considering such a service can be more editing, cost-effective. However, such considerations if it is based on reducing the cost of security as, it is estimated that the boss will not agree with a lot of companies. Cloud services off the endless stream of events caused by concerns about the safety of the cloud.</p>\r\n<p>\r\n	Now, the solution can proceed from several angles, sure cloud services for enterprise-class customers, regular backups of the data of the cloud, with the second set of solutions, in order to prepare for contingencies. For cloud service providers, since a variety of off-network event is inevitable, it must consider a countermeasure to minimize the loss of their users, improve response efficiency off network events.</p>\r\n<p>\r\n	Government departments have responsibilities of oversight and remind legal legal cloud services were introduced and constantly improve, and to remind the user to one hundred percent reliable cloud computing services do not currently exist.<br />\r\n	&nbsp;</p>\r\n','0','/Upload/news/4en.jpg','','','0','0','','','','','0','2013-03-27 20:45:56',NULL,'3','','3',NULL,NULL,NULL,NULL,NULL,'1','1','2','1',NULL),
('136','42',NULL,'1','The trade rumors that Baidu will accelerate mergers and acquisitions UCweb','','<p>\r\n	<span closure_uid_503514901=\"213\" wd=\"null\">Sohu IT</span><span closure_uid_503514901=\"214\" wd=\"null\">, said</span> <span class=\"hps\" closure_uid_503514901=\"215\" wd=\"null\">sources</span> <span class=\"hps\" closure_uid_503514901=\"216\" wd=\"null\">from</span> <span class=\"hps\" closure_uid_503514901=\"217\" wd=\"null\">the investment community</span><span closure_uid_503514901=\"218\" wd=\"null\">, Baidu</span> <span class=\"hps\" closure_uid_503514901=\"219\" wd=\"null\">is accelerating</span> <span class=\"hps\" closure_uid_503514901=\"220\" wd=\"null\">capital</span> <span class=\"hps\" closure_uid_503514901=\"221\" wd=\"null\">negotiations</span> <span class=\"hps\" closure_uid_503514901=\"222\" wd=\"null\">with</span> <span class=\"hps\" closure_uid_503514901=\"223\" wd=\"null\">gifted as</span> <span class=\"hps\" closure_uid_503514901=\"224\" wd=\"null\">(UCweb)</span><span closure_uid_503514901=\"225\" wd=\"null\">,</span> <span class=\"hps\" closure_uid_503514901=\"226\" wd=\"null\">to</span> <span class=\"hps\" closure_uid_503514901=\"227\" wd=\"null\">controlling</span> <span class=\"hps\" closure_uid_503514901=\"228\" wd=\"null\">or</span> <span class=\"hps\" closure_uid_503514901=\"229\" wd=\"null\">strategic investment</span> <span class=\"hps\" closure_uid_503514901=\"230\" wd=\"null\">UCweb</span><span closure_uid_503514901=\"231\" wd=\"null\">.</span> <span class=\"hps\" closure_uid_503514901=\"232\" wd=\"null\">&quot;Investment</span> <span class=\"hps\" closure_uid_503514901=\"233\" wd=\"null\">in</span> <span class=\"hps\" closure_uid_503514901=\"234\" wd=\"null\">Jinshan</span><span closure_uid_503514901=\"235\" wd=\"null\">,</span> <span class=\"hps\" closure_uid_503514901=\"236\" wd=\"null\">UCweb</span> <span class=\"hps\" closure_uid_503514901=\"237\" wd=\"null\">series of negotiations</span> <span class=\"hps\" closure_uid_503514901=\"238\" wd=\"null\">are</span> <span class=\"hps\" closure_uid_503514901=\"239\" wd=\"null\">conducted</span> <span class=\"hps\" closure_uid_503514901=\"240\" wd=\"null\">by</span> <span class=\"hps\" closure_uid_503514901=\"241\" wd=\"null\">Li</span> <span class=\"hps\" closure_uid_503514901=\"242\" wd=\"null\">himself</span> <span class=\"hps\" closure_uid_503514901=\"243\" wd=\"null\">with</span> <span class=\"hps\" closure_uid_503514901=\"244\" wd=\"null\">people</span> <span class=\"hps\" closure_uid_503514901=\"245\" wd=\"null\">is expected to</span> <span class=\"hps\" closure_uid_503514901=\"246\" wd=\"null\">be reached</span> <span class=\"hps\" closure_uid_503514901=\"247\" wd=\"null\">soon</span><span closure_uid_503514901=\"248\" wd=\"null\">.</span><span closure_uid_503514901=\"249\" wd=\"null\">&quot;</span> <span class=\"hps\" closure_uid_503514901=\"250\" wd=\"null\">In June 2012</span><span closure_uid_503514901=\"251\" wd=\"null\">,</span> <span class=\"hps\" closure_uid_503514901=\"252\" wd=\"null\">there had been</span> <span class=\"hps\" closure_uid_503514901=\"253\" wd=\"null\">Baidu</span> <span class=\"hps\" closure_uid_503514901=\"254\" wd=\"null\">$</span> <span class=\"hps\" closure_uid_503514901=\"255\" wd=\"null\">400 million</span> <span class=\"hps\" closure_uid_503514901=\"256\" wd=\"null\">acquisition of</span> <span class=\"hps\" closure_uid_503514901=\"257\" wd=\"null\">UC49%</span> <span class=\"hps\" closure_uid_503514901=\"258\" wd=\"null\">stake</span><span closure_uid_503514901=\"259\" wd=\"null\">.</span> <span class=\"hps\" closure_uid_503514901=\"260\" wd=\"null\">But</span> <span class=\"hps\" closure_uid_503514901=\"261\" wd=\"null\">the</span> <span class=\"hps\" closure_uid_503514901=\"262\" wd=\"null\">transaction has not been</span> <span class=\"hps\" closure_uid_503514901=\"263\" wd=\"null\">reached</span><span closure_uid_503514901=\"264\" wd=\"null\">.</span><br closure_uid_503514901=\"438\" wd=\"null\" />\r\n	<br closure_uid_503514901=\"439\" wd=\"null\" />\r\n	&nbsp;<br closure_uid_503514901=\"440\" wd=\"null\" />\r\n	<br closure_uid_503514901=\"441\" wd=\"null\" />\r\n	<span closure_uid_503514901=\"265\" wd=\"null\">Baidu</span> <span class=\"hps\" closure_uid_503514901=\"266\" wd=\"null\">internal</span> <span class=\"hps\" closure_uid_503514901=\"267\" wd=\"null\">sources said</span><span closure_uid_503514901=\"268\" wd=\"null\">,</span> <span class=\"hps\" closure_uid_503514901=\"269\" wd=\"null\">Baidu</span> <span class=\"hps\" closure_uid_503514901=\"270\" wd=\"null\">recently</span> <span class=\"hps\" closure_uid_503514901=\"271\" wd=\"null\">stepped up</span> <span class=\"hps\" closure_uid_503514901=\"272\" wd=\"null\">investment</span> <span class=\"hps\" closure_uid_503514901=\"273\" wd=\"null\">in</span> <span class=\"hps\" closure_uid_503514901=\"274\" wd=\"null\">all</span> <span class=\"hps\" closure_uid_503514901=\"275\" wd=\"null\">defense</span> <span class=\"hps\" closure_uid_503514901=\"276\" wd=\"null\">and</span> <span class=\"hps\" closure_uid_503514901=\"277\" wd=\"null\">mobile</span> <span class=\"hps\" closure_uid_503514901=\"278\" wd=\"null\">end</span><span closure_uid_503514901=\"279\" wd=\"null\">,</span> <span class=\"hps\" closure_uid_503514901=\"280\" wd=\"null\">and</span> <span class=\"hps\" closure_uid_503514901=\"281\" wd=\"null\">to accelerate</span> <span class=\"hps\" closure_uid_503514901=\"282\" wd=\"null\">the</span> <span class=\"hps\" closure_uid_503514901=\"283\" wd=\"null\">process of investment</span><span closure_uid_503514901=\"284\" wd=\"null\">,</span> <span class=\"hps\" closure_uid_503514901=\"285\" wd=\"null\">but</span> <span class=\"hps\" closure_uid_503514901=\"286\" wd=\"null\">the</span> <span class=\"hps\" closure_uid_503514901=\"287\" wd=\"null\">investment</span> <span class=\"hps\" closure_uid_503514901=\"288\" wd=\"null\">and</span> <span class=\"hps\" closure_uid_503514901=\"289\" wd=\"null\">M &amp; A</span><span closure_uid_503514901=\"290\" wd=\"null\">,</span> <span class=\"hps\" closure_uid_503514901=\"291\" wd=\"null\">by</span> <span class=\"hps\" closure_uid_503514901=\"292\" wd=\"null\">Robin Li</span> <span class=\"hps\" closure_uid_503514901=\"293\" wd=\"null\">personally intervene</span><span closure_uid_503514901=\"294\" wd=\"null\">.</span><br closure_uid_503514901=\"442\" wd=\"null\" />\r\n	<br closure_uid_503514901=\"443\" wd=\"null\" />\r\n	<span class=\"atn\" closure_uid_503514901=\"295\" wd=\"null\">&quot;</span><span closure_uid_503514901=\"296\" wd=\"null\">Baidu</span> <span class=\"hps\" closure_uid_503514901=\"297\" wd=\"null\">lack</span> <span class=\"hps\" closure_uid_503514901=\"298\" wd=\"null\">of</span> <span class=\"hps\" closure_uid_503514901=\"299\" wd=\"null\">moving</span> <span class=\"hps\" closure_uid_503514901=\"300\" wd=\"null\">side</span> <span class=\"hps\" closure_uid_503514901=\"301\" wd=\"null\">entrance</span><span closure_uid_503514901=\"302\" wd=\"null\">,</span> <span class=\"hps\" closure_uid_503514901=\"303\" wd=\"null\">holding</span> <span class=\"hps\" closure_uid_503514901=\"304\" wd=\"null\">UCweb</span> <span class=\"hps\" closure_uid_503514901=\"305\" wd=\"null\">is the best choice</span><span closure_uid_503514901=\"306\" wd=\"null\">.&quot;</span> <span class=\"hps\" closure_uid_503514901=\"307\" wd=\"null\">Analysts said</span> <span class=\"hps\" closure_uid_503514901=\"308\" wd=\"null\">the investment community</span><span closure_uid_503514901=\"309\" wd=\"null\">.</span> <span class=\"hps\" closure_uid_503514901=\"310\" wd=\"null\">Internet analysts</span> <span class=\"hps\" closure_uid_503514901=\"311\" wd=\"null\">had</span> <span class=\"hps\" closure_uid_503514901=\"312\" wd=\"null\">the</span> <span class=\"hps\" closure_uid_503514901=\"313\" wd=\"null\">Keso</span> <span class=\"hps\" closure_uid_503514901=\"314\" wd=\"null\">also said</span><span closure_uid_503514901=\"315\" wd=\"null\">,</span> <span class=\"hps\" closure_uid_503514901=\"316\" wd=\"null\">&quot;If</span> <span class=\"hps\" closure_uid_503514901=\"317\" wd=\"null\">this message</span> <span class=\"hps atn\" closure_uid_503514901=\"318\" wd=\"null\">(</span><span closure_uid_503514901=\"319\" wd=\"null\">Baidu</span> <span class=\"hps\" closure_uid_503514901=\"320\" wd=\"null\">acquisitions</span> <span class=\"hps\" closure_uid_503514901=\"321\" wd=\"null\">UCweb)</span> <span class=\"hps\" closure_uid_503514901=\"322\" wd=\"null\">is</span> <span class=\"hps\" closure_uid_503514901=\"323\" wd=\"null\">confirmed</span><span closure_uid_503514901=\"324\" wd=\"null\">, it will be</span> <span class=\"hps\" closure_uid_503514901=\"325\" wd=\"null\">Baidu</span> <span class=\"hps\" closure_uid_503514901=\"326\" wd=\"null\">defensive</span> <span class=\"hps\" closure_uid_503514901=\"327\" wd=\"null\">acquisition</span><span closure_uid_503514901=\"328\" wd=\"null\">,</span> <span class=\"hps\" closure_uid_503514901=\"329\" wd=\"null\">the</span> <span class=\"hps\" closure_uid_503514901=\"330\" wd=\"null\">main purpose</span> <span class=\"hps\" closure_uid_503514901=\"331\" wd=\"null\">is</span> <span class=\"hps\" closure_uid_503514901=\"332\" wd=\"null\">to</span> <span class=\"hps\" closure_uid_503514901=\"333\" wd=\"null\">prevent</span> <span class=\"hps\" closure_uid_503514901=\"334\" wd=\"null\">the</span> <span class=\"hps\" closure_uid_503514901=\"335\" wd=\"null\">UC</span> <span class=\"hps\" closure_uid_503514901=\"336\" wd=\"null\">acquisition of</span> <span class=\"hps\" closure_uid_503514901=\"337\" wd=\"null\">other</span> <span class=\"hps\" closure_uid_503514901=\"338\" wd=\"null\">Internet giants</span><span closure_uid_503514901=\"339\" wd=\"null\">.</span><span closure_uid_503514901=\"340\" wd=\"null\">&quot;</span><br closure_uid_503514901=\"444\" wd=\"null\" />\r\n	<br closure_uid_503514901=\"445\" wd=\"null\" />\r\n	<span closure_uid_503514901=\"341\" wd=\"null\">However</span><span closure_uid_503514901=\"342\" wd=\"null\">,</span> <span class=\"hps\" closure_uid_503514901=\"343\" wd=\"null\">Baidu</span> <span class=\"hps\" closure_uid_503514901=\"344\" wd=\"null\">transactions</span> <span class=\"hps\" closure_uid_503514901=\"345\" wd=\"null\">acquisitions</span> <span class=\"hps\" closure_uid_503514901=\"346\" wd=\"null\">UCweb</span> <span class=\"hps\" closure_uid_503514901=\"347\" wd=\"null\">ability to achieve</span> <span class=\"hps\" closure_uid_503514901=\"348\" wd=\"null\">and</span> <span class=\"hps\" closure_uid_503514901=\"349\" wd=\"null\">there</span> <span class=\"hps\" closure_uid_503514901=\"350\" wd=\"null\">are</span> <span class=\"hps\" closure_uid_503514901=\"351\" wd=\"null\">many</span> <span class=\"hps\" closure_uid_503514901=\"352\" wd=\"null\">factors</span> <span class=\"hps\" closure_uid_503514901=\"353\" wd=\"null\">in</span> <span class=\"hps\" closure_uid_503514901=\"354\" wd=\"null\">the</span> <span class=\"hps\" closure_uid_503514901=\"355\" wd=\"null\">left and right</span><span closure_uid_503514901=\"356\" wd=\"null\">.</span> <span class=\"hps\" closure_uid_503514901=\"357\" wd=\"null\">The</span> <span class=\"hps\" closure_uid_503514901=\"358\" wd=\"null\">source said that</span> <span class=\"hps\" closure_uid_503514901=\"359\" wd=\"null\">contact</span> <span class=\"hps\" closure_uid_503514901=\"360\" wd=\"null\">in</span> <span class=\"hps\" closure_uid_503514901=\"361\" wd=\"null\">June</span> <span class=\"hps\" closure_uid_503514901=\"362\" wd=\"null\">last</span> <span class=\"hps\" closure_uid_503514901=\"363\" wd=\"null\">year</span><span closure_uid_503514901=\"364\" wd=\"null\">, Baidu</span> <span class=\"hps\" closure_uid_503514901=\"365\" wd=\"null\">valuation of</span> <span class=\"hps\" closure_uid_503514901=\"366\" wd=\"null\">$</span> <span class=\"hps\" closure_uid_503514901=\"367\" wd=\"null\">816 million</span> <span class=\"hps\" closure_uid_503514901=\"368\" wd=\"null\">to</span> <span class=\"hps\" closure_uid_503514901=\"369\" wd=\"null\">UCweb</span> <span class=\"hps\" closure_uid_503514901=\"370\" wd=\"null\">the</span> <span class=\"hps\" closure_uid_503514901=\"371\" wd=\"null\">UCweb</span> <span class=\"hps\" closure_uid_503514901=\"372\" wd=\"null\">aspects of</span> <span class=\"hps\" closure_uid_503514901=\"373\" wd=\"null\">their own</span> <span class=\"hps\" closure_uid_503514901=\"374\" wd=\"null\">valuation</span> <span class=\"hps\" closure_uid_503514901=\"375\" wd=\"null\">of</span> <span class=\"hps\" closure_uid_503514901=\"376\" wd=\"null\">10</span> <span class=\"hps\" closure_uid_503514901=\"377\" wd=\"null\">billion dollars</span><span closure_uid_503514901=\"378\" wd=\"null\">,</span> <span class=\"hps\" closure_uid_503514901=\"379\" wd=\"null\">the</span> <span class=\"hps\" closure_uid_503514901=\"380\" wd=\"null\">final</span> <span class=\"hps\" closure_uid_503514901=\"381\" wd=\"null\">price</span> <span class=\"hps\" closure_uid_503514901=\"382\" wd=\"null\">of</span> <span class=\"hps\" closure_uid_503514901=\"383\" wd=\"null\">the</span> <span class=\"hps\" closure_uid_503514901=\"384\" wd=\"null\">two</span> <span class=\"hps\" closure_uid_503514901=\"385\" wd=\"null\">sides</span> <span class=\"hps\" closure_uid_503514901=\"386\" wd=\"null\">did not</span>&nbsp; agree<span closure_uid_503514901=\"388\" wd=\"null\">.</span> <span class=\"hps\" closure_uid_503514901=\"389\" wd=\"null\">The</span> <span class=\"hps\" closure_uid_503514901=\"390\" wd=\"null\">valuation</span> <span class=\"hps\" closure_uid_503514901=\"391\" wd=\"null\">of</span> <span class=\"hps\" closure_uid_503514901=\"392\" wd=\"null\">UCweb</span> <span class=\"hps\" closure_uid_503514901=\"393\" wd=\"null\">may</span> <span class=\"hps\" closure_uid_503514901=\"394\" wd=\"null\">be higher,</span> <span class=\"hps\" closure_uid_503514901=\"395\" wd=\"null\">Baidu</span> <span class=\"hps\" closure_uid_503514901=\"396\" wd=\"null\">need</span> <span class=\"hps\" closure_uid_503514901=\"397\" wd=\"null\">to pay</span> <span class=\"hps\" closure_uid_503514901=\"398\" wd=\"null\">more</span> <span class=\"hps\" closure_uid_503514901=\"399\" wd=\"null\">cash</span><span closure_uid_503514901=\"400\" wd=\"null\">, Baidu</span> <span class=\"hps\" closure_uid_503514901=\"401\" wd=\"null\">can accept</span> <span class=\"hps\" closure_uid_503514901=\"402\" wd=\"null\">is a</span> <span class=\"hps\" closure_uid_503514901=\"403\" wd=\"null\">problem</span><span closure_uid_503514901=\"404\" wd=\"null\">.</span> <span class=\"hps\" closure_uid_503514901=\"405\" wd=\"null\">Meanwhile</span><span closure_uid_503514901=\"406\" wd=\"null\">,</span> <span class=\"hps\" closure_uid_503514901=\"407\" wd=\"null\">UCweb</span> <span class=\"hps\" closure_uid_503514901=\"408\" wd=\"null\">the</span> <span class=\"hps\" closure_uid_503514901=\"409\" wd=\"null\">founding team</span> <span class=\"hps\" closure_uid_503514901=\"410\" wd=\"null\">as well as</span> <span class=\"hps\" closure_uid_503514901=\"411\" wd=\"null\">Alibaba</span><span closure_uid_503514901=\"412\" wd=\"null\">,</span> <span class=\"hps\" closure_uid_503514901=\"413\" wd=\"null\">Nokia</span> <span class=\"hps\" closure_uid_503514901=\"414\" wd=\"null\">and</span> <span class=\"hps\" closure_uid_503514901=\"415\" wd=\"null\">other</span> <span class=\"hps\" closure_uid_503514901=\"416\" wd=\"null\">strategic investors</span> <span class=\"hps\" closure_uid_503514901=\"417\" wd=\"null\">is</span> <span class=\"hps\" closure_uid_503514901=\"418\" wd=\"null\">whether they can accept</span> <span class=\"hps\" closure_uid_503514901=\"419\" wd=\"null\">a</span> <span class=\"hps\" closure_uid_503514901=\"420\" wd=\"null\">Baidu</span> <span class=\"hps\" closure_uid_503514901=\"421\" wd=\"null\">acquisition</span> <span class=\"hps\" closure_uid_503514901=\"422\" wd=\"null\">is also</span> <span class=\"hps\" closure_uid_503514901=\"423\" wd=\"null\">variable</span><span closure_uid_503514901=\"424\" wd=\"null\">.</span><br closure_uid_503514901=\"446\" wd=\"null\" />\r\n	<br closure_uid_503514901=\"447\" wd=\"null\" />\r\n	<span closure_uid_503514901=\"425\" wd=\"null\">As of press time</span><span closure_uid_503514901=\"426\" wd=\"null\">, Baidu</span> <span class=\"hps\" closure_uid_503514901=\"427\" wd=\"null\">and</span> <span class=\"hps\" closure_uid_503514901=\"428\" wd=\"null\">UCweb</span><span closure_uid_503514901=\"429\" wd=\"null\">,</span> <span class=\"hps\" closure_uid_503514901=\"430\" wd=\"null\">not yet</span> <span class=\"hps\" closure_uid_503514901=\"431\" wd=\"null\">to comment</span> <span class=\"hps\" closure_uid_503514901=\"432\" wd=\"null\">on</span> <span class=\"hps\" closure_uid_503514901=\"433\" wd=\"null\">the two sides</span> <span class=\"hps\" closure_uid_503514901=\"434\" wd=\"null\">to discuss</span> <span class=\"hps\" closure_uid_503514901=\"435\" wd=\"null\">the issue</span><span closure_uid_503514901=\"436\" wd=\"null\">.</span></p>\r\n<p>\r\n	<span closure_uid_503514901=\"436\" wd=\"null\"><img alt=\"\" src=\"/Upload/news/135ZM1951a0-61W2.jpg\" style=\"width: 550px; height: 1267px\" /></span></p>\r\n','0','','','','0','0','','','','','0','2013-03-27 20:45:56',NULL,'2','','',NULL,NULL,NULL,NULL,NULL,'1','1','2','1',NULL),
('137','42',NULL,'1','Baidu large-scale algorithm upgrade SEOer carefully use clicking  software','','<p>\r\n	<span closure_uid_503514901=\"510\" wd=\"null\">Recently,</span> <span class=\"hps\" closure_uid_503514901=\"511\" wd=\"null\">Baidu</span> <span class=\"hps\" closure_uid_503514901=\"512\" wd=\"null\">large-scale</span> <span class=\"hps\" closure_uid_503514901=\"513\" wd=\"null\">upgrade</span> <span class=\"hps\" closure_uid_503514901=\"514\" wd=\"null\">of the</span> <span class=\"hps\" closure_uid_503514901=\"515\" wd=\"null\">algorithm</span> <span class=\"hps\" closure_uid_503514901=\"516\" wd=\"null\">and</span> <span class=\"hps\" closure_uid_503514901=\"517\" wd=\"null\">revision</span><span closure_uid_503514901=\"518\" wd=\"null\">,</span> <span class=\"hps\" closure_uid_503514901=\"519\" wd=\"null\">engage in</span> <span class=\"hps\" closure_uid_503514901=\"520\" wd=\"null\">panic</span><span closure_uid_503514901=\"521\" wd=\"null\">.</span> <span class=\"hps\" closure_uid_503514901=\"522\" wd=\"null\">First,</span> <span class=\"hps\" closure_uid_503514901=\"523\" wd=\"null\">the</span> <span class=\"hps\" closure_uid_503514901=\"524\" wd=\"null\">failure</span> <span class=\"hps\" closure_uid_503514901=\"525\" wd=\"null\">of</span> <span class=\"hps\" closure_uid_503514901=\"526\" wd=\"null\">Baidu</span> <span class=\"hps\" closure_uid_503514901=\"527\" wd=\"null\">news search</span><span closure_uid_503514901=\"528\" wd=\"null\">,</span> <span class=\"hps\" closure_uid_503514901=\"529\" wd=\"null\">Baidu</span> <span class=\"hps\" closure_uid_503514901=\"530\" wd=\"null\">search engine</span><span closure_uid_503514901=\"531\" wd=\"null\">, frequent errors,</span> <span class=\"hps\" closure_uid_503514901=\"532\" wd=\"null\">especially</span> <span class=\"hps\" closure_uid_503514901=\"533\" wd=\"null\">slightly longer</span> <span class=\"hps\" closure_uid_503514901=\"534\" wd=\"null\">text</span> <span class=\"hps\" closure_uid_503514901=\"535\" wd=\"null\">each will</span> <span class=\"hps\" closure_uid_503514901=\"536\" wd=\"null\">wrong</span><span closure_uid_503514901=\"537\" wd=\"null\">.</span> <span class=\"hps\" closure_uid_503514901=\"538\" wd=\"null\">Which</span> <span class=\"hps\" closure_uid_503514901=\"539\" wd=\"null\">one is</span> <span class=\"hps\" closure_uid_503514901=\"540\" wd=\"null\">clicking</span> <span class=\"hps\" closure_uid_503514901=\"541\" wd=\"null\">on</span> <span class=\"hps\" closure_uid_503514901=\"542\" wd=\"null\">the</span> <span class=\"hps\" closure_uid_503514901=\"543\" wd=\"null\">class</span> <span class=\"hps\" closure_uid_503514901=\"544\" wd=\"null\">of the more popular</span> <span class=\"hps\" closure_uid_503514901=\"545\" wd=\"null\">software</span> <span class=\"hps\" closure_uid_503514901=\"546\" wd=\"null\">algorithm</span> <span class=\"hps\" closure_uid_503514901=\"547\" wd=\"null\">adjustments</span> <span class=\"hps\" closure_uid_503514901=\"548\" wd=\"null\">at running</span> <span class=\"hps\" closure_uid_503514901=\"549\" wd=\"null\">events</span> <span class=\"hps\" closure_uid_503514901=\"550\" wd=\"null\">from the most recent</span> <span class=\"hps\" closure_uid_503514901=\"551\" wd=\"null\">such software</span> <span class=\"hps\" closure_uid_503514901=\"552\" wd=\"null\">provider</span><span closure_uid_503514901=\"553\" wd=\"null\">,</span> <span class=\"hps\" closure_uid_503514901=\"554\" wd=\"null\">can</span> <span class=\"hps\" closure_uid_503514901=\"555\" wd=\"null\">say with certainty that</span> <span class=\"hps\" closure_uid_503514901=\"556\" wd=\"null\">the</span> <span class=\"hps\" closure_uid_503514901=\"557\" wd=\"null\">clicker</span> <span class=\"hps\" closure_uid_503514901=\"558\" wd=\"null\">market</span><span closure_uid_503514901=\"559\" wd=\"null\">.</span> <span class=\"hps\" closure_uid_503514901=\"560\" wd=\"null\">Baidu</span> <span class=\"hps\" closure_uid_503514901=\"561\" wd=\"null\">click</span> <span class=\"hps\" closure_uid_503514901=\"562\" wd=\"null\">software</span> <span class=\"hps\" closure_uid_503514901=\"563\" wd=\"null\">popular</span> <span class=\"hps\" closure_uid_503514901=\"564\" wd=\"null\">in the country</span><span closure_uid_503514901=\"565\" wd=\"null\">,</span> <span class=\"hps\" closure_uid_503514901=\"566\" wd=\"null\">starting</span> <span class=\"hps\" closure_uid_503514901=\"567\" wd=\"null\">in</span> <span class=\"hps\" closure_uid_503514901=\"568\" wd=\"null\">2009</span><span closure_uid_503514901=\"569\" wd=\"null\">, also known as</span> <span class=\"hps\" closure_uid_503514901=\"570\" wd=\"null\">analog</span> <span class=\"hps\" closure_uid_503514901=\"571\" wd=\"null\">click</span><span closure_uid_503514901=\"572\" wd=\"null\">,</span> <span class=\"hps\" closure_uid_503514901=\"573\" wd=\"null\">P2P technology</span> <span class=\"hps\" closure_uid_503514901=\"574\" wd=\"null\">and</span> <span class=\"hps\" closure_uid_503514901=\"575\" wd=\"null\">agent technology</span> <span class=\"hps\" closure_uid_503514901=\"576\" wd=\"null\">to</span> <span class=\"hps\" closure_uid_503514901=\"577\" wd=\"null\">the</span> <span class=\"hps\" closure_uid_503514901=\"578\" wd=\"null\">realistic simulation of</span> <span class=\"hps\" closure_uid_503514901=\"579\" wd=\"null\">user</span> <span class=\"hps\" closure_uid_503514901=\"580\" wd=\"null\">click</span> <span class=\"hps\" closure_uid_503514901=\"581\" wd=\"null\">behavior</span> <span class=\"hps\" closure_uid_503514901=\"582\" wd=\"null\">to</span> <span class=\"hps\" closure_uid_503514901=\"583\" wd=\"null\">affect search engine rankings</span><span closure_uid_503514901=\"584\" wd=\"null\">.</span> <span class=\"hps\" closure_uid_503514901=\"585\" wd=\"null\">Baidu Union</span> <span class=\"hps\" closure_uid_503514901=\"586\" wd=\"null\">ad</span> <span class=\"hps\" closure_uid_503514901=\"587\" wd=\"null\">interaction</span> <span class=\"hps\" closure_uid_503514901=\"588\" wd=\"null\">point</span> <span class=\"hps\" closure_uid_503514901=\"589\" wd=\"null\">Union</span><span closure_uid_503514901=\"590\" wd=\"null\">,</span> <span class=\"hps atn\" closure_uid_503514901=\"591\" wd=\"null\">cross-</span><span closure_uid_503514901=\"592\" wd=\"null\">point group</span> <span class=\"hps\" closure_uid_503514901=\"593\" wd=\"null\">and so</span> <span class=\"hps\" closure_uid_503514901=\"594\" wd=\"null\">the nature of</span> <span class=\"hps\" closure_uid_503514901=\"595\" wd=\"null\">the</span> <span class=\"hps\" closure_uid_503514901=\"596\" wd=\"null\">mutual</span> <span class=\"hps\" closure_uid_503514901=\"597\" wd=\"null\">click</span> <span class=\"hps\" closure_uid_503514901=\"598\" wd=\"null\">advertising</span> <span class=\"hps\" closure_uid_503514901=\"599\" wd=\"null\">on</span> <span class=\"hps\" closure_uid_503514901=\"600\" wd=\"null\">Baidu Union</span> <span class=\"hps\" closure_uid_503514901=\"601\" wd=\"null\">conduct</span> <span class=\"hps\" closure_uid_503514901=\"602\" wd=\"null\">penalty.</span><br closure_uid_503514901=\"690\" wd=\"null\" />\r\n	<br closure_uid_503514901=\"691\" wd=\"null\" />\r\n	<span closure_uid_503514901=\"603\" wd=\"null\">I also received</span> <span class=\"hps\" closure_uid_503514901=\"604\" wd=\"null\">the</span> <span class=\"hps\" closure_uid_503514901=\"605\" wd=\"null\">e-mail notification</span> <span class=\"hps\" closure_uid_503514901=\"606\" wd=\"null\">of</span> <span class=\"hps\" closure_uid_503514901=\"607\" wd=\"null\">Baidu</span> <span class=\"hps\" closure_uid_503514901=\"608\" wd=\"null\">Union</span><span closure_uid_503514901=\"609\" wd=\"null\">,</span> <span class=\"hps\" closure_uid_503514901=\"610\" wd=\"null\">all</span> <span class=\"hps\" closure_uid_503514901=\"611\" wd=\"null\">Baidu</span> <span class=\"hps\" closure_uid_503514901=\"612\" wd=\"null\">Union</span> <span class=\"hps\" closure_uid_503514901=\"613\" wd=\"null\">websites</span><span closure_uid_503514901=\"614\" wd=\"null\">,</span> <span class=\"hps\" closure_uid_503514901=\"615\" wd=\"null\">Reward</span> <span class=\"hps\" closure_uid_503514901=\"616\" wd=\"null\">Report</span><span closure_uid_503514901=\"617\" wd=\"null\">,</span> <span class=\"hps\" closure_uid_503514901=\"618\" wd=\"null\">click</span> <span class=\"hps\" closure_uid_503514901=\"619\" wd=\"null\">visible</span> <span class=\"hps\" closure_uid_503514901=\"620\" wd=\"null\">human</span> <span class=\"hps\" closure_uid_503514901=\"621\" wd=\"null\">use</span> <span class=\"hps\" closure_uid_503514901=\"622\" wd=\"null\">software</span> <span class=\"hps\" closure_uid_503514901=\"623\" wd=\"null\">simulation</span> <span class=\"hps\" closure_uid_503514901=\"624\" wd=\"null\">behavior</span> <span class=\"hps\" closure_uid_503514901=\"625\" wd=\"null\">has</span> <span class=\"hps\" closure_uid_503514901=\"626\" wd=\"null\">touched</span> <span class=\"hps\" closure_uid_503514901=\"627\" wd=\"null\">the fundamental interests</span> <span class=\"hps\" closure_uid_503514901=\"628\" wd=\"null\">of</span> <span class=\"hps\" closure_uid_503514901=\"629\" wd=\"null\">Baidu</span><span closure_uid_503514901=\"630\" wd=\"null\">, Baidu,</span> <span class=\"hps\" closure_uid_503514901=\"631\" wd=\"null\">of</span> <span class=\"hps\" closure_uid_503514901=\"632\" wd=\"null\">course</span><span closure_uid_503514901=\"633\" wd=\"null\">,</span> <span class=\"hps\" closure_uid_503514901=\"634\" wd=\"null\">can not be tolerated</span><span closure_uid_503514901=\"635\" wd=\"null\">.</span><br closure_uid_503514901=\"692\" wd=\"null\" />\r\n	<br closure_uid_503514901=\"693\" wd=\"null\" />\r\n	<span closure_uid_503514901=\"636\" wd=\"null\">User</span> <span class=\"hps\" closure_uid_503514901=\"637\" wd=\"null\">feedback</span><span closure_uid_503514901=\"638\" wd=\"null\">:</span> <span class=\"hps\" closure_uid_503514901=\"639\" wd=\"null\">it took</span> <span class=\"hps\" closure_uid_503514901=\"640\" wd=\"null\">598</span> <span class=\"hps\" closure_uid_503514901=\"641\" wd=\"null\">to buy</span> <span class=\"hps\" closure_uid_503514901=\"642\" wd=\"null\">a</span> <span class=\"hps\" closure_uid_503514901=\"643\" wd=\"null\">one</span><span class=\"atn\" closure_uid_503514901=\"644\" wd=\"null\">-</span><span closure_uid_503514901=\"645\" wd=\"null\">click</span> <span class=\"hps\" closure_uid_503514901=\"646\" wd=\"null\">software</span> <span class=\"hps\" closure_uid_503514901=\"647\" wd=\"null\">originally</span> <span class=\"hps\" closure_uid_503514901=\"648\" wd=\"null\">ranked</span> <span class=\"hps\" closure_uid_503514901=\"649\" wd=\"null\">15</span> <span class=\"hps\" closure_uid_503514901=\"650\" wd=\"null\">words</span><span closure_uid_503514901=\"651\" wd=\"null\">,</span> <span class=\"hps\" closure_uid_503514901=\"652\" wd=\"null\">click</span> <span class=\"hps\" closure_uid_503514901=\"653\" wd=\"null\">afternoon</span> <span class=\"hps\" closure_uid_503514901=\"654\" wd=\"null\">clicker</span> <span class=\"hps\" closure_uid_503514901=\"655\" wd=\"null\">analog</span> <span class=\"hps\" closure_uid_503514901=\"656\" wd=\"null\">results</span> <span class=\"hps\" closure_uid_503514901=\"657\" wd=\"null\">gone</span> <span class=\"hps\" closure_uid_503514901=\"658\" wd=\"null\">the next day</span><span closure_uid_503514901=\"659\" wd=\"null\">,</span> <span class=\"hps\" closure_uid_503514901=\"660\" wd=\"null\">not only</span> <span class=\"hps\" closure_uid_503514901=\"661\" wd=\"null\">the word</span> <span class=\"hps\" closure_uid_503514901=\"662\" wd=\"null\">ranking</span><span closure_uid_503514901=\"663\" wd=\"null\">,</span> <span class=\"hps\" closure_uid_503514901=\"664\" wd=\"null\">the most</span> <span class=\"hps\" closure_uid_503514901=\"665\" wd=\"null\">angry</span><span closure_uid_503514901=\"666\" wd=\"null\">, the other</span> <span class=\"hps\" closure_uid_503514901=\"667\" wd=\"null\">keywords</span> <span class=\"hps\" closure_uid_503514901=\"668\" wd=\"null\">ranking</span> <span class=\"hps\" closure_uid_503514901=\"669\" wd=\"null\">disappeared</span><span closure_uid_503514901=\"670\" wd=\"null\">,</span> <span class=\"hps\" closure_uid_503514901=\"671\" wd=\"null\">and</span> <span class=\"hps\" closure_uid_503514901=\"672\" wd=\"null\">worked hard to</span> <span class=\"hps\" closure_uid_503514901=\"673\" wd=\"null\">optimize</span> <span class=\"hps\" closure_uid_503514901=\"674\" wd=\"null\">the</span> <span class=\"hps\" closure_uid_503514901=\"675\" wd=\"null\">site</span> <span class=\"hps\" closure_uid_503514901=\"676\" wd=\"null\">for</span> <span class=\"hps\" closure_uid_503514901=\"677\" wd=\"null\">six months</span><span closure_uid_503514901=\"678\" wd=\"null\">,</span> <span class=\"hps\" closure_uid_503514901=\"679\" wd=\"null\">just</span> <span class=\"hps\" closure_uid_503514901=\"680\" wd=\"null\">search</span> <span class=\"hps\" closure_uid_503514901=\"681\" wd=\"null\">the title</span> <span class=\"hps\" closure_uid_503514901=\"682\" wd=\"null\">search</span><span closure_uid_503514901=\"683\" wd=\"null\">,</span> <span class=\"hps\" closure_uid_503514901=\"684\" wd=\"null\">the</span> <span class=\"hps\" closure_uid_503514901=\"685\" wd=\"null\">company commander</span> <span class=\"hps\" closure_uid_503514901=\"686\" wd=\"null\">Suffix</span> <span class=\"hps\" closure_uid_503514901=\"687\" wd=\"null\">not search</span><span closure_uid_503514901=\"688\" wd=\"null\">.</span></p>\r\n','0','','','','0','0','','','','','0','2013-03-27 20:58:02',NULL,'3','','1',NULL,NULL,NULL,NULL,NULL,'1','1','2','1',NULL),
('138','42',NULL,'1','Baidu confirmed that spiders will crawl plain text link URL','','<p>\r\n	<span closure_uid_503514901=\"724\" wd=\"null\">Baidu</span> <span class=\"hps\" closure_uid_503514901=\"725\" wd=\"null\">officially recognized as</span> <span class=\"hps\" closure_uid_503514901=\"726\" wd=\"null\">a</span> <span class=\"hps\" closure_uid_503514901=\"727\" wd=\"null\">plain text</span> <span class=\"hps\" closure_uid_503514901=\"728\" wd=\"null\">link URL</span> <span class=\"hps\" closure_uid_503514901=\"729\" wd=\"null\">Baidu</span> <span class=\"hps\" closure_uid_503514901=\"730\" wd=\"null\">crawl</span><span closure_uid_503514901=\"731\" wd=\"null\">,</span> <span class=\"hps\" closure_uid_503514901=\"732\" wd=\"null\">network</span> <span class=\"hps\" closure_uid_503514901=\"733\" wd=\"null\">of</span> <span class=\"hps\" closure_uid_503514901=\"734\" wd=\"null\">Baidu</span> <span class=\"hps\" closure_uid_503514901=\"735\" wd=\"null\">reptiles</span> <span class=\"hps\" closure_uid_503514901=\"736\" wd=\"null\">be</span> <span class=\"hps\" closure_uid_503514901=\"737\" wd=\"null\">plain text</span> <span class=\"hps\" closure_uid_503514901=\"738\" wd=\"null\">on the</span> <span class=\"hps\" closure_uid_503514901=\"739\" wd=\"null\">link</span> <span class=\"hps\" closure_uid_503514901=\"740\" wd=\"null\">to crawl</span> <span class=\"hps\" closure_uid_503514901=\"741\" wd=\"null\">from</span> <span class=\"hps\" closure_uid_503514901=\"742\" wd=\"null\">Baidu</span> <span class=\"hps\" closure_uid_503514901=\"743\" wd=\"null\">owners club</span> <span class=\"hps\" closure_uid_503514901=\"744\" wd=\"null\">Lee</span> <span class=\"hps\" closure_uid_503514901=\"745\" wd=\"null\">Reply</span><span closure_uid_503514901=\"746\" wd=\"null\">!</span><br closure_uid_503514901=\"820\" wd=\"null\" />\r\n	<br closure_uid_503514901=\"821\" wd=\"null\" />\r\n	<span closure_uid_503514901=\"747\" wd=\"null\">1</span> <span class=\"hps\" closure_uid_503514901=\"748\" wd=\"null\">text</span> <span class=\"hps\" closure_uid_503514901=\"749\" wd=\"null\">link</span> <span class=\"hps\" closure_uid_503514901=\"750\" wd=\"null\">url</span> <span class=\"hps\" closure_uid_503514901=\"751\" wd=\"null\">address</span><span closure_uid_503514901=\"752\" wd=\"null\">,</span> <span class=\"hps\" closure_uid_503514901=\"753\" wd=\"null\">Baidu</span> <span class=\"hps\" closure_uid_503514901=\"754\" wd=\"null\">will find</span> <span class=\"hps\" closure_uid_503514901=\"755\" wd=\"null\">he is</span> <span class=\"hps\" closure_uid_503514901=\"756\" wd=\"null\">a</span> <span class=\"hps\" closure_uid_503514901=\"757\" wd=\"null\">url address</span> <span class=\"hps\" closure_uid_503514901=\"758\" wd=\"null\">and</span> <span class=\"hps\" closure_uid_503514901=\"759\" wd=\"null\">crawl</span> <span class=\"hps\" closure_uid_503514901=\"760\" wd=\"null\">up</span> <span class=\"hps\" closure_uid_503514901=\"761\" wd=\"null\">this address</span> <span class=\"hps\" closure_uid_503514901=\"762\" wd=\"null\">to</span> <span class=\"hps\" closure_uid_503514901=\"763\" wd=\"null\">the</span> <span class=\"hps\" closure_uid_503514901=\"764\" wd=\"null\">url</span> <span class=\"hps\" closure_uid_503514901=\"765\" wd=\"null\">address</span><span closure_uid_503514901=\"766\" wd=\"null\">.</span><br closure_uid_503514901=\"822\" wd=\"null\" />\r\n	<br closure_uid_503514901=\"823\" wd=\"null\" />\r\n	<span closure_uid_503514901=\"767\" wd=\"null\">2,</span> <span class=\"hps\" closure_uid_503514901=\"768\" wd=\"null\">whether</span> <span class=\"hps\" closure_uid_503514901=\"769\" wd=\"null\">the</span> <span class=\"hps\" closure_uid_503514901=\"770\" wd=\"null\">link</span> <span class=\"hps\" closure_uid_503514901=\"771\" wd=\"null\">should be passed</span> <span class=\"hps\" closure_uid_503514901=\"772\" wd=\"null\">weights</span> <span class=\"hps\" closure_uid_503514901=\"773\" wd=\"null\">only</span> <span class=\"hps\" closure_uid_503514901=\"774\" wd=\"null\">criteria</span><span closure_uid_503514901=\"775\" wd=\"null\">:</span> <span class=\"hps\" closure_uid_503514901=\"776\" wd=\"null\">whether</span> <span class=\"hps\" closure_uid_503514901=\"777\" wd=\"null\">the</span> <span class=\"hps\" closure_uid_503514901=\"778\" wd=\"null\">user</span> <span class=\"hps\" closure_uid_503514901=\"779\" wd=\"null\">or</span> <span class=\"hps\" closure_uid_503514901=\"780\" wd=\"null\">other sites</span> <span class=\"hps\" closure_uid_503514901=\"781\" wd=\"null\">in</span> <span class=\"hps\" closure_uid_503514901=\"782\" wd=\"null\">this</span> <span class=\"hps\" closure_uid_503514901=\"783\" wd=\"null\">link</span> <span class=\"hps\" closure_uid_503514901=\"784\" wd=\"null\">really</span> <span class=\"hps\" closure_uid_503514901=\"785\" wd=\"null\">recommend your site to</span> <span class=\"hps\" closure_uid_503514901=\"786\" wd=\"null\">this recommendation</span><span closure_uid_503514901=\"787\" wd=\"null\">,</span> <span class=\"hps\" closure_uid_503514901=\"788\" wd=\"null\">whether</span> <span class=\"hps\" closure_uid_503514901=\"789\" wd=\"null\">Users</span> <span class=\"hps\" closure_uid_503514901=\"790\" wd=\"null\">valuable</span><span closure_uid_503514901=\"791\" wd=\"null\">.</span><br closure_uid_503514901=\"824\" wd=\"null\" />\r\n	<br closure_uid_503514901=\"825\" wd=\"null\" />\r\n	<span closure_uid_503514901=\"792\" wd=\"null\">Note</span><span closure_uid_503514901=\"793\" wd=\"null\">:</span> <span class=\"hps\" closure_uid_503514901=\"794\" wd=\"null\">plain text</span> <span class=\"hps\" closure_uid_503514901=\"795\" wd=\"null\">link</span> <span class=\"hps\" closure_uid_503514901=\"796\" wd=\"null\">that is</span> <span class=\"hps\" closure_uid_503514901=\"797\" wd=\"null\">to</span> <span class=\"hps\" closure_uid_503514901=\"798\" wd=\"null\">remove the</span> <span class=\"hps\" closure_uid_503514901=\"799\" wd=\"null\">hyperlink</span> <span class=\"hps\" closure_uid_503514901=\"800\" wd=\"null\">URL</span> <span class=\"hps\" closure_uid_503514901=\"801\" wd=\"null\">majority</span> <span class=\"hps\" closure_uid_503514901=\"802\" wd=\"null\">Contributions</span> <span class=\"hps\" closure_uid_503514901=\"803\" wd=\"null\">will be</span> <span class=\"hps\" closure_uid_503514901=\"804\" wd=\"null\">removed</span> <span class=\"hps\" closure_uid_503514901=\"805\" wd=\"null\">hyperlink</span><span closure_uid_503514901=\"806\" wd=\"null\">,</span> <span class=\"hps\" closure_uid_503514901=\"807\" wd=\"null\">which is</span> <span class=\"hps\" closure_uid_503514901=\"808\" wd=\"null\">undoubtedly</span> <span class=\"hps\" closure_uid_503514901=\"809\" wd=\"null\">good</span> <span class=\"hps\" closure_uid_503514901=\"810\" wd=\"null\">news</span><span closure_uid_503514901=\"811\" wd=\"null\">,</span> <span class=\"hps\" closure_uid_503514901=\"812\" wd=\"null\">but</span> <span class=\"hps\" closure_uid_503514901=\"813\" wd=\"null\">can not</span> <span class=\"hps\" closure_uid_503514901=\"814\" wd=\"null\">confirm</span> <span class=\"hps\" closure_uid_503514901=\"815\" wd=\"null\">whether</span> <span class=\"hps\" closure_uid_503514901=\"816\" wd=\"null\">passing</span> <span class=\"hps\" closure_uid_503514901=\"817\" wd=\"null\">weight</span><span closure_uid_503514901=\"818\" wd=\"null\">.</span></p>\r\n','0','/Upload/news/3en.jpg','','','0','0','','','','','0','2013-03-27 21:00:08',NULL,'4','','3',NULL,NULL,NULL,NULL,NULL,'1','1','2','1',NULL),
('139','42',NULL,'1','Godaddy is sealed, the large number of sites can not be accessed','','<p>\r\n	<span closure_uid_503514901=\"854\" wd=\"null\">In</span> <span class=\"hps\" closure_uid_503514901=\"855\" wd=\"null\">May 2012</span><span closure_uid_503514901=\"856\" wd=\"null\">,</span> <span class=\"hps\" closure_uid_503514901=\"857\" wd=\"null\">the</span> <span class=\"hps\" closure_uid_503514901=\"858\" wd=\"null\">the</span> <span class=\"hps\" closure_uid_503514901=\"859\" wd=\"null\">Godaddy</span> <span class=\"hps\" closure_uid_503514901=\"860\" wd=\"null\">main</span> <span class=\"hps\" closure_uid_503514901=\"861\" wd=\"null\">station</span> <span class=\"hps\" closure_uid_503514901=\"862\" wd=\"null\">from China</span> <span class=\"hps\" closure_uid_503514901=\"863\" wd=\"null\">resolution</span> <span class=\"hps\" closure_uid_503514901=\"864\" wd=\"null\">is very unstable</span><span closure_uid_503514901=\"865\" wd=\"null\">,</span> <span class=\"hps\" closure_uid_503514901=\"866\" wd=\"null\">parsing</span> <span class=\"hps\" closure_uid_503514901=\"867\" wd=\"null\">is masked</span> <span class=\"hps\" closure_uid_503514901=\"868\" wd=\"null\">normal</span><span closure_uid_503514901=\"869\" wd=\"null\">, Railway line</span><span closure_uid_503514901=\"870\" wd=\"null\">,</span> <span class=\"hps\" closure_uid_503514901=\"871\" wd=\"null\">basic</span> <span class=\"hps\" closure_uid_503514901=\"872\" wd=\"null\">telecommunications</span> <span class=\"hps\" closure_uid_503514901=\"873\" wd=\"null\">masked</span> <span class=\"hps\" closure_uid_503514901=\"874\" wd=\"null\">more and more</span> <span class=\"hps\" closure_uid_503514901=\"875\" wd=\"null\">GoDaddy DNS</span> <span class=\"hps\" closure_uid_503514901=\"876\" wd=\"null\">server</span> <span class=\"hps\" closure_uid_503514901=\"877\" wd=\"null\">regional</span> <span class=\"hps\" closure_uid_503514901=\"878\" wd=\"null\">interference</span> <span class=\"hps\" closure_uid_503514901=\"879\" wd=\"null\">can not</span><span closure_uid_503514901=\"880\" wd=\"null\">this</span> <span class=\"hps\" closure_uid_503514901=\"881\" wd=\"null\">Godaddy</span> <span class=\"hps\" closure_uid_503514901=\"882\" wd=\"null\">own</span> <span class=\"hps\" closure_uid_503514901=\"883\" wd=\"null\">domain</span> <span class=\"hps\" closure_uid_503514901=\"884\" wd=\"null\">name</span> <span class=\"hps\" closure_uid_503514901=\"885\" wd=\"null\">can not be resolved</span><span closure_uid_503514901=\"886\" wd=\"null\">,</span> <span class=\"hps\" closure_uid_503514901=\"887\" wd=\"null\">the</span> <span class=\"hps\" closure_uid_503514901=\"888\" wd=\"null\">large number of sites</span> <span class=\"hps\" closure_uid_503514901=\"889\" wd=\"null\">can not be accessed</span><span closure_uid_503514901=\"890\" wd=\"null\">,</span> <span class=\"hps\" closure_uid_503514901=\"891\" wd=\"null\">especially in</span> <span class=\"hps\" closure_uid_503514901=\"892\" wd=\"null\">Godaddy</span> <span class=\"hps\" closure_uid_503514901=\"893\" wd=\"null\">registered</span> <span class=\"hps\" closure_uid_503514901=\"894\" wd=\"null\">domain name</span> <span class=\"hps\" closure_uid_503514901=\"895\" wd=\"null\">owners</span><span closure_uid_503514901=\"896\" wd=\"null\">.</span><br closure_uid_503514901=\"1083\" wd=\"null\" />\r\n	<br closure_uid_503514901=\"1084\" wd=\"null\" />\r\n	<span closure_uid_503514901=\"897\" wd=\"null\">Beginning</span> <span class=\"hps\" closure_uid_503514901=\"898\" wd=\"null\">in</span> <span class=\"hps\" closure_uid_503514901=\"899\" wd=\"null\">July</span> <span class=\"hps\" closure_uid_503514901=\"900\" wd=\"null\">last</span> <span class=\"hps\" closure_uid_503514901=\"901\" wd=\"null\">year</span><span closure_uid_503514901=\"902\" wd=\"null\">,</span> <span class=\"hps\" closure_uid_503514901=\"903\" wd=\"null\">some of the</span> <span class=\"hps\" closure_uid_503514901=\"904\" wd=\"null\">telecom operators</span> <span class=\"hps\" closure_uid_503514901=\"905\" wd=\"null\">in</span> <span class=\"hps\" closure_uid_503514901=\"906\" wd=\"null\">China</span> <span class=\"hps\" closure_uid_503514901=\"907\" wd=\"null\">began to</span> <span class=\"hps\" closure_uid_503514901=\"908\" wd=\"null\">shield</span> <span class=\"hps\" closure_uid_503514901=\"909\" wd=\"null\">part</span> <span class=\"hps\" closure_uid_503514901=\"910\" wd=\"null\">Godaddy</span><span closure_uid_503514901=\"911\" wd=\"null\">&#39;s</span> <span class=\"hps\" closure_uid_503514901=\"912\" wd=\"null\">DNS</span> <span class=\"hps\" closure_uid_503514901=\"913\" wd=\"null\">service</span><span closure_uid_503514901=\"914\" wd=\"null\">, leading to</span> <span class=\"hps\" closure_uid_503514901=\"915\" wd=\"null\">large-scale use</span> <span class=\"hps\" closure_uid_503514901=\"916\" wd=\"null\">Godaddy</span> <span class=\"hps\" closure_uid_503514901=\"917\" wd=\"null\">DNS</span> <span class=\"hps\" closure_uid_503514901=\"918\" wd=\"null\">website</span> <span class=\"hps\" closure_uid_503514901=\"919\" wd=\"null\">can</span> <span class=\"hps\" closure_uid_503514901=\"920\" wd=\"null\">not</span> <span class=\"hps\" closure_uid_503514901=\"921\" wd=\"null\">be</span> <span class=\"hps\" closure_uid_503514901=\"922\" wd=\"null\">accessed</span> <span class=\"hps\" closure_uid_503514901=\"923\" wd=\"null\">from China</span><span closure_uid_503514901=\"924\" wd=\"null\">,</span> <span class=\"hps\" closure_uid_503514901=\"925\" wd=\"null\">such a direct</span> <span class=\"hps\" closure_uid_503514901=\"926\" wd=\"null\">shielding</span> <span class=\"hps\" closure_uid_503514901=\"927\" wd=\"null\">NS</span> <span class=\"hps atn\" closure_uid_503514901=\"928\" wd=\"null\">(</span><span closure_uid_503514901=\"929\" wd=\"null\">DNS</span><span closure_uid_503514901=\"930\" wd=\"null\">)</span> <span class=\"hps\" closure_uid_503514901=\"931\" wd=\"null\">service</span> <span class=\"hps\" closure_uid_503514901=\"932\" wd=\"null\">approach</span><span closure_uid_503514901=\"933\" wd=\"null\">,</span> <span class=\"hps\" closure_uid_503514901=\"934\" wd=\"null\">a</span> <span class=\"hps\" closure_uid_503514901=\"935\" wd=\"null\">very bad</span> <span class=\"hps\" closure_uid_503514901=\"936\" wd=\"null\">influence</span> <span class=\"hps\" closure_uid_503514901=\"937\" wd=\"null\">one or two</span> <span class=\"hps\" closure_uid_503514901=\"938\" wd=\"null\">so-called</span> <span class=\"hps\" closure_uid_503514901=\"939\" wd=\"null\">&quot;harmful information&quot;</span> <span class=\"hps\" closure_uid_503514901=\"940\" wd=\"null\">in order to</span> <span class=\"hps atn\" closure_uid_503514901=\"941\" wd=\"null\">&quot;</span><span closure_uid_503514901=\"942\" wd=\"null\">punish</span><span closure_uid_503514901=\"943\" wd=\"null\">&quot;</span> <span class=\"hps\" closure_uid_503514901=\"944\" wd=\"null\">a direct result of</span> <span class=\"hps\" closure_uid_503514901=\"945\" wd=\"null\">the</span> <span class=\"hps\" closure_uid_503514901=\"946\" wd=\"null\">thousands of</span> <span class=\"hps\" closure_uid_503514901=\"947\" wd=\"null\">innocent</span> <span class=\"hps\" closure_uid_503514901=\"948\" wd=\"null\">sites</span> <span class=\"hps\" closure_uid_503514901=\"949\" wd=\"null\">can not be accessed</span><span closure_uid_503514901=\"950\" wd=\"null\">,</span> <span class=\"hps\" closure_uid_503514901=\"951\" wd=\"null\">can be described as</span> <span class=\"hps atn\" closure_uid_503514901=\"952\" wd=\"null\">&quot;</span><span closure_uid_503514901=\"953\" wd=\"null\">rather kill</span> <span class=\"hps\" closure_uid_503514901=\"954\" wd=\"null\">a thousand,</span> <span class=\"hps\" closure_uid_503514901=\"955\" wd=\"null\">can not</span> <span class=\"hps\" closure_uid_503514901=\"956\" wd=\"null\">let go of</span> <span class=\"hps\" closure_uid_503514901=\"957\" wd=\"null\">a</span><span closure_uid_503514901=\"958\" wd=\"null\">&quot;</span> <span class=\"hps\" closure_uid_503514901=\"959\" wd=\"null\">less extreme means</span><span closure_uid_503514901=\"960\" wd=\"null\">.</span><br closure_uid_503514901=\"1085\" wd=\"null\" />\r\n	<br closure_uid_503514901=\"1086\" wd=\"null\" />\r\n	<span closure_uid_503514901=\"961\" wd=\"null\">Godaddy</span> <span class=\"hps\" closure_uid_503514901=\"962\" wd=\"null\">is</span> <span class=\"hps\" closure_uid_503514901=\"963\" wd=\"null\">the</span> <span class=\"hps\" closure_uid_503514901=\"964\" wd=\"null\">world&#39;s largest</span> <span class=\"hps\" closure_uid_503514901=\"965\" wd=\"null\">domain name registrar</span><span closure_uid_503514901=\"966\" wd=\"null\">,</span> <span class=\"hps\" closure_uid_503514901=\"967\" wd=\"null\">Godaddy</span> <span class=\"hps\" closure_uid_503514901=\"968\" wd=\"null\">domain name</span> <span class=\"hps\" closure_uid_503514901=\"969\" wd=\"null\">registration fee</span> <span class=\"hps\" closure_uid_503514901=\"970\" wd=\"null\">is</span> <span class=\"hps\" closure_uid_503514901=\"971\" wd=\"null\">very low</span> <span class=\"hps\" closure_uid_503514901=\"972\" wd=\"null\">in</span> <span class=\"hps\" closure_uid_503514901=\"973\" wd=\"null\">the same industry</span><span closure_uid_503514901=\"974\" wd=\"null\">,</span> <span class=\"hps\" closure_uid_503514901=\"975\" wd=\"null\">the</span> <span class=\"hps\" closure_uid_503514901=\"976\" wd=\"null\">average</span> <span class=\"hps\" closure_uid_503514901=\"977\" wd=\"null\">price</span> <span class=\"hps\" closure_uid_503514901=\"978\" wd=\"null\">is</span> <span class=\"hps\" closure_uid_503514901=\"979\" wd=\"null\">only</span> <span class=\"hps\" closure_uid_503514901=\"980\" wd=\"null\">half</span> <span class=\"hps\" closure_uid_503514901=\"981\" wd=\"null\">of</span> <span class=\"hps\" closure_uid_503514901=\"982\" wd=\"null\">the</span> <span class=\"hps\" closure_uid_503514901=\"983\" wd=\"null\">domestic</span> <span class=\"hps\" closure_uid_503514901=\"984\" wd=\"null\">domain name</span> <span class=\"hps\" closure_uid_503514901=\"985\" wd=\"null\">service</span><span closure_uid_503514901=\"986\" wd=\"null\">,</span> <span class=\"hps\" closure_uid_503514901=\"987\" wd=\"null\">is</span> <span class=\"hps\" closure_uid_503514901=\"988\" wd=\"null\">a very</span> <span class=\"hps\" closure_uid_503514901=\"989\" wd=\"null\">good</span> <span class=\"hps\" closure_uid_503514901=\"990\" wd=\"null\">domain name service provider</span><span closure_uid_503514901=\"991\" wd=\"null\">,</span> <span class=\"hps\" closure_uid_503514901=\"992\" wd=\"null\">for example,</span> <span class=\"hps\" closure_uid_503514901=\"993\" wd=\"null\">the</span> <span class=\"hps\" closure_uid_503514901=\"994\" wd=\"null\">year of</span> <span class=\"hps\" closure_uid_503514901=\"995\" wd=\"null\">139</span> <span class=\"hps\" closure_uid_503514901=\"996\" wd=\"null\">million net</span> <span class=\"hps\" closure_uid_503514901=\"997\" wd=\"null\">registered</span> <span class=\"hps\" closure_uid_503514901=\"998\" wd=\"null\">com</span> <span class=\"hps\" closure_uid_503514901=\"999\" wd=\"null\">domain name</span> <span class=\"hps\" closure_uid_503514901=\"1000\" wd=\"null\">yuan</span><span closure_uid_503514901=\"1001\" wd=\"null\">, Godaddy</span> <span class=\"hps\" closure_uid_503514901=\"1002\" wd=\"null\">minimum is only</span> <span class=\"hps\" closure_uid_503514901=\"1003\" wd=\"null\">$ 50.</span> <span class=\"hps\" closure_uid_503514901=\"1004\" wd=\"null\">Many</span> <span class=\"hps\" closure_uid_503514901=\"1005\" wd=\"null\">site owners</span> <span class=\"hps\" closure_uid_503514901=\"1006\" wd=\"null\">are using</span> <span class=\"hps\" closure_uid_503514901=\"1007\" wd=\"null\">Godaddy</span> <span class=\"hps\" closure_uid_503514901=\"1008\" wd=\"null\">Domain Name Service</span><span closure_uid_503514901=\"1009\" wd=\"null\">.</span> <span class=\"hps\" closure_uid_503514901=\"1010\" wd=\"null\">Network</span> <span class=\"hps\" closure_uid_503514901=\"1011\" wd=\"null\">service providers</span> <span class=\"hps\" closure_uid_503514901=\"1012\" wd=\"null\">of</span> <span class=\"hps\" closure_uid_503514901=\"1013\" wd=\"null\">this</span> <span class=\"hps\" closure_uid_503514901=\"1014\" wd=\"null\">well</span><span class=\"atn\" closure_uid_503514901=\"1015\" wd=\"null\">-</span><span closure_uid_503514901=\"1016\" wd=\"null\">known</span> <span class=\"hps\" closure_uid_503514901=\"1017\" wd=\"null\">domain registrar</span> <span class=\"hps\" closure_uid_503514901=\"1018\" wd=\"null\">illegal</span> <span class=\"hps\" closure_uid_503514901=\"1019\" wd=\"null\">shielding</span> <span class=\"hps\" closure_uid_503514901=\"1020\" wd=\"null\">alleged</span> <span class=\"hps\" closure_uid_503514901=\"1021\" wd=\"null\">unfair competition</span><span closure_uid_503514901=\"1022\" wd=\"null\">.</span> <span class=\"hps\" closure_uid_503514901=\"1023\" wd=\"null\">Godaddy</span> <span class=\"hps\" closure_uid_503514901=\"1024\" wd=\"null\">accounted</span> <span class=\"hps\" closure_uid_503514901=\"1025\" wd=\"null\">for</span> <span class=\"hps\" closure_uid_503514901=\"1026\" wd=\"null\">nearly</span> <span class=\"hps\" closure_uid_503514901=\"1027\" wd=\"null\">32%</span> <span class=\"hps\" closure_uid_503514901=\"1028\" wd=\"null\">of</span> <span class=\"hps\" closure_uid_503514901=\"1029\" wd=\"null\">global market</span><span closure_uid_503514901=\"1030\" wd=\"null\">,</span> <span class=\"hps\" closure_uid_503514901=\"1031\" wd=\"null\">with other causes of</span> <span class=\"hps\" closure_uid_503514901=\"1032\" wd=\"null\">shielding</span> <span class=\"hps\" closure_uid_503514901=\"1033\" wd=\"null\">domestic</span><span closure_uid_503514901=\"1034\" wd=\"null\">,</span> <span class=\"hps\" closure_uid_503514901=\"1035\" wd=\"null\">overseas</span> <span class=\"hps\" closure_uid_503514901=\"1036\" wd=\"null\">Sancheng</span> <span class=\"hps\" closure_uid_503514901=\"1037\" wd=\"null\">website</span> <span class=\"hps\" closure_uid_503514901=\"1038\" wd=\"null\">in the country</span> <span class=\"hps\" closure_uid_503514901=\"1039\" wd=\"null\">can not be</span> <span class=\"hps\" closure_uid_503514901=\"1040\" wd=\"null\">normal</span> <span class=\"hps\" closure_uid_503514901=\"1041\" wd=\"null\">visit</span><span closure_uid_503514901=\"1042\" wd=\"null\">.</span><br closure_uid_503514901=\"1087\" wd=\"null\" />\r\n	<br closure_uid_503514901=\"1088\" wd=\"null\" />\r\n	<span closure_uid_503514901=\"1043\" wd=\"null\">Any use of</span> <span class=\"hps\" closure_uid_503514901=\"1044\" wd=\"null\">the</span> <span class=\"hps\" closure_uid_503514901=\"1045\" wd=\"null\">GoDaddy</span> <span class=\"hps\" closure_uid_503514901=\"1046\" wd=\"null\">DNS</span> <span class=\"hps\" closure_uid_503514901=\"1047\" wd=\"null\">server</span><span closure_uid_503514901=\"1048\" wd=\"null\">, there</span> <span class=\"hps\" closure_uid_503514901=\"1049\" wd=\"null\">may</span> <span class=\"hps\" closure_uid_503514901=\"1050\" wd=\"null\">be</span> <span class=\"hps\" closure_uid_503514901=\"1051\" wd=\"null\">the wall</span><span closure_uid_503514901=\"1052\" wd=\"null\">.</span> <span class=\"hps\" closure_uid_503514901=\"1053\" wd=\"null\">Fortunately, only</span> <span class=\"hps\" closure_uid_503514901=\"1054\" wd=\"null\">DNS</span> <span class=\"hps\" closure_uid_503514901=\"1055\" wd=\"null\">shield,</span> <span class=\"hps\" closure_uid_503514901=\"1056\" wd=\"null\">can</span> <span class=\"hps\" closure_uid_503514901=\"1057\" wd=\"null\">be</span> <span class=\"hps\" closure_uid_503514901=\"1058\" wd=\"null\">switched</span> <span class=\"hps\" closure_uid_503514901=\"1059\" wd=\"null\">from</span> <span class=\"hps\" closure_uid_503514901=\"1060\" wd=\"null\">Godaddy</span> <span class=\"hps\" closure_uid_503514901=\"1061\" wd=\"null\">to</span> <span class=\"hps\" closure_uid_503514901=\"1062\" wd=\"null\">DNSPod</span> <span class=\"hps\" closure_uid_503514901=\"1063\" wd=\"null\">host unknown</span> <span class=\"hps\" closure_uid_503514901=\"1064\" wd=\"null\">during</span> <span class=\"hps\" closure_uid_503514901=\"1065\" wd=\"null\">a few minutes</span><span closure_uid_503514901=\"1066\" wd=\"null\">.</span> <span class=\"hps\" closure_uid_503514901=\"1067\" wd=\"null\">Domestic</span> <span class=\"hps\" closure_uid_503514901=\"1068\" wd=\"null\">DNS</span> <span class=\"hps\" closure_uid_503514901=\"1069\" wd=\"null\">manner</span><span closure_uid_503514901=\"1070\" wd=\"null\">.</span><br closure_uid_503514901=\"1089\" wd=\"null\" />\r\n	<br closure_uid_503514901=\"1090\" wd=\"null\" />\r\n	<span closure_uid_503514901=\"1071\" wd=\"null\">Other</span> <span class=\"hps\" closure_uid_503514901=\"1072\" wd=\"null\">normal access</span> <span class=\"hps\" closure_uid_503514901=\"1073\" wd=\"null\">to modify</span> <span class=\"hps\" closure_uid_503514901=\"1074\" wd=\"null\">the</span> <span class=\"hps\" closure_uid_503514901=\"1075\" wd=\"null\">local DNS</span><span closure_uid_503514901=\"1076\" wd=\"null\">, try</span> <span class=\"hps\" closure_uid_503514901=\"1077\" wd=\"null\">Google</span> <span class=\"hps\" closure_uid_503514901=\"1078\" wd=\"null\">dns</span><span closure_uid_503514901=\"1079\" wd=\"null\">:</span> <span class=\"hps\" closure_uid_503514901=\"1080\" wd=\"null\">8.8.8.8</span><span closure_uid_503514901=\"1081\" wd=\"null\">.</span></p>\r\n','0','','','','0','0','','','','','0','2013-03-27 21:00:08',NULL,'9','','1',NULL,NULL,NULL,NULL,NULL,'1','1','2','1',NULL),
('140','34',NULL,'1','website announcement 1','','<p>\r\n	the description of website announcement 1</p>\r\n<p>\r\n	the description of website announcement 1</p>\r\n<p>\r\n	the description of website announcement 1</p>\r\n<p>\r\n	the description of website announcement 1</p>\r\n<p>\r\n	the description of website announcement 1</p>\r\n','0','','','','0','0','','','','','0','2013-03-27 23:04:47',NULL,'1','','',NULL,NULL,NULL,NULL,NULL,'1','1','2','1',NULL),
('141','34',NULL,'1','website announcement 2','','<p>\r\n	the description of website announcement 2</p>\r\n<p>\r\n	the description of website announcement 2</p>\r\n<p>\r\n	the description of website announcement 2</p>\r\n<p>\r\n	the description of website announcement 2</p>\r\n<p>\r\n	the description of website announcement 2</p>\r\n','0','','','','0','0','','','','','0','2013-03-27 23:04:47',NULL,'1','','',NULL,NULL,NULL,NULL,NULL,'1','1','2','1',NULL),
('142','34',NULL,'1','website announcement 3','','<p>\r\n	the description of website announcement 3</p>\r\n<p>\r\n	the description of website announcement 3</p>\r\n<p>\r\n	the description of website announcement 3</p>\r\n<p>\r\n	the description of website announcement 3</p>\r\n<p>\r\n	the description of website announcement 3</p>\r\n','0','','','','0','0','','','','','0','2013-03-27 23:04:47',NULL,'1','','',NULL,NULL,NULL,NULL,NULL,'1','1','2','1',NULL),
('143','34',NULL,'1','website announcement 4','','<p>\r\n	the description of website announcement 4</p>\r\n<p>\r\n	the description of website announcement 4</p>\r\n<p>\r\n	the description of website announcement 4</p>\r\n<p>\r\n	the description of website announcement 4</p>\r\n<p>\r\n	the description of website announcement 4</p>\r\n','0','','','','0','0','','','','','0','2013-03-27 23:04:47',NULL,'2','','',NULL,NULL,NULL,NULL,NULL,'1','1','2','1',NULL),
('144','34',NULL,'1','website announcement 5','','<p>\r\n	the description of website announcement 5</p>\r\n<p>\r\n	the description of website announcement 5</p>\r\n<p>\r\n	the description of website announcement 5</p>\r\n<p>\r\n	the description of website announcement 5</p>\r\n<p>\r\n	the description of website announcement 5</p>\r\n','0','','','','0','0','','','','','0','2013-03-27 23:04:47',NULL,'1','','',NULL,NULL,NULL,NULL,NULL,'1','1','2','1',NULL),
('146','55',NULL,'1','阿迪达斯创意广告','<iframe src=\"http://www.tudou.com/programs/view/html5embed.action?type=0&code=dsSmyDrPf_U&lcode=&resourceId=0_06_05_99\" allowtransparency=\"true\" scrolling=\"no\" border=\"0\" frameborder=\"0\" style=\"width:100%;height:300px;\"></iframe>','','0','','',NULL,'0','0','','','','','0','2013-04-27 17:34:10',NULL,'21','','',NULL,NULL,NULL,NULL,NULL,'1','1','1','1',''),
('147','55',NULL,'1','和鞋社会','<iframe height=\"300\" width=\"100%\" src=\"http://player.youku.com/embed/XNTAzODQ2MDA0\" frameborder=0 allowfullscreen></iframe>','','0','','',NULL,'0','0','','','','','0','2013-04-27 18:06:04',NULL,'4','','9',NULL,NULL,NULL,NULL,NULL,'1','1','1','1',''),
('148','56',NULL,'1','Adidas creative advertising','<iframe src=\"http://www.tudou.com/programs/view/html5embed.action?type=0&code=dsSmyDrPf_U&lcode=&resourceId=0_06_05_99\" allowtransparency=\"true\" scrolling=\"no\" border=\"0\" frameborder=\"0\" style=\"width:100%;height:300px;\"></iframe>','','0','','',NULL,'0','0','','','','','0','2013-04-27 18:09:06',NULL,'2','','9',NULL,NULL,NULL,NULL,NULL,'1','1','2','1',''),
('149','56',NULL,'1','Social and shoes','<iframe height=\"300\" width=\"100%\" src=\"http://player.youku.com/embed/XNTAzODQ2MDA0\" frameborder=0 allowfullscreen></iframe>','','0','','',NULL,'0','0','','','','','0','2013-04-27 18:10:08',NULL,'0','','',NULL,NULL,NULL,NULL,NULL,'1','1','2','1',''),
('150','55',NULL,'1','聚美优品创意广告','<iframe height=\"300\" width=\"100%\" src=\"http://player.youku.com/embed/XNTE1Mzk4MDAw\" frameborder=0 allowfullscreen></iframe>','<p>\r\n	你只闻到我的香水，却没看的我的汗水，你有你的规则，我有我的选择，你否定我的现在，我决定我的未来，你嘲笑我一无所有，不配去爱，我可怜你总是等待，你可以轻视我们的年轻，我们会证明这是谁的时代，梦想是注定孤独的旅行，路上少不了质疑和嘲笑，但那又怎样，哪怕遍体鳞伤也要活的漂亮！</p>\r\n','0','','',NULL,'0','0','','','','','0','2013-04-27 20:05:14',NULL,'29','','7',NULL,NULL,NULL,NULL,NULL,'1','1','1','1',''),
('151','56',NULL,'1','Jumei Youpin creative advertising','<iframe height=\"300\" width=\"100%\" src=\"http://player.youku.com/embed/XNTE1Mzk4MDAw\" frameborder=0 allowfullscreen></iframe>','<p>\r\n	<span a=\"undefined\" c=\"4\" closure_uid_888351617=\"43\" id=\"result_box\" lang=\"en\" ud=\"null\"><span closure_uid_888351617=\"79\" ud=\"null\">Smell</span> <span class=\"hps\" closure_uid_888351617=\"80\" ud=\"null\">my</span> <span class=\"hps\" closure_uid_888351617=\"81\" ud=\"null\">perfume</span><span closure_uid_888351617=\"82\" ud=\"null\">, but can not</span> <span class=\"hps\" closure_uid_888351617=\"83\" ud=\"null\">see</span> <span class=\"hps\" closure_uid_888351617=\"84\" ud=\"null\">me</span> <span class=\"hps\" closure_uid_888351617=\"85\" ud=\"null\">sweat</span><span closure_uid_888351617=\"86\" ud=\"null\">,</span> <span class=\"hps\" closure_uid_888351617=\"87\" ud=\"null\">you have your</span> <span class=\"hps\" closure_uid_888351617=\"88\" ud=\"null\">rules</span><span closure_uid_888351617=\"89\" ud=\"null\">,</span> <span class=\"hps\" closure_uid_888351617=\"90\" ud=\"null\">I have</span> <span class=\"hps\" closure_uid_888351617=\"91\" ud=\"null\">my choice</span><span closure_uid_888351617=\"92\" ud=\"null\">,</span> <span class=\"hps\" closure_uid_888351617=\"93\" ud=\"null\">you</span> <span class=\"hps\" closure_uid_888351617=\"94\" ud=\"null\">deny</span> <span class=\"hps\" closure_uid_888351617=\"95\" ud=\"null\">I</span> <span class=\"hps\" closure_uid_888351617=\"96\" ud=\"null\">now</span><span closure_uid_888351617=\"97\" ud=\"null\">,</span> <span class=\"hps\" closure_uid_888351617=\"98\" ud=\"null\">I decided</span> <span class=\"hps\" closure_uid_888351617=\"99\" ud=\"null\">my future</span><span closure_uid_888351617=\"100\" ud=\"null\">,</span> <span class=\"hps\" closure_uid_888351617=\"101\" ud=\"null\">you</span> <span class=\"hps\" closure_uid_888351617=\"102\" ud=\"null\">laugh at me</span> <span class=\"hps\" closure_uid_888351617=\"103\" ud=\"null\">nothing</span><span closure_uid_888351617=\"104\" ud=\"null\">,</span> <span class=\"hps\" closure_uid_888351617=\"105\" ud=\"null\">unworthy of</span> <span class=\"hps\" closure_uid_888351617=\"106\" ud=\"null\">love</span><span closure_uid_888351617=\"107\" ud=\"null\">, I</span><span closure_uid_888351617=\"108\" ud=\"null\">poor</span> <span class=\"hps\" closure_uid_888351617=\"109\" ud=\"null\">you always</span> <span class=\"hps\" closure_uid_888351617=\"110\" ud=\"null\">wait</span><span closure_uid_888351617=\"111\" ud=\"null\">, you can</span> <span class=\"hps\" closure_uid_888351617=\"112\" ud=\"null\">despise</span> <span class=\"hps\" closure_uid_888351617=\"113\" ud=\"null\">our</span> <span class=\"hps\" closure_uid_888351617=\"114\" ud=\"null\">young</span><span closure_uid_888351617=\"115\" ud=\"null\">, we will</span> <span class=\"hps\" closure_uid_888351617=\"116\" ud=\"null\">prove that this is</span> <span class=\"hps\" closure_uid_888351617=\"117\" ud=\"null\">the</span> <span class=\"hps\" closure_uid_888351617=\"118\" ud=\"null\">era</span> <span class=\"hps\" closure_uid_888351617=\"119\" ud=\"null\">who</span><span closure_uid_888351617=\"120\" ud=\"null\">,</span> <span class=\"hps\" closure_uid_888351617=\"121\" ud=\"null\">dream is</span> <span class=\"hps\" closure_uid_888351617=\"122\" ud=\"null\">destined</span> <span class=\"hps\" closure_uid_888351617=\"123\" ud=\"null\">lonely</span> <span class=\"hps\" closure_uid_888351617=\"124\" ud=\"null\">trip</span><span closure_uid_888351617=\"125\" ud=\"null\">,</span> <span class=\"hps\" closure_uid_888351617=\"126\" ud=\"null\">road</span> <span class=\"hps\" closure_uid_888351617=\"127\" ud=\"null\">and</span> <span class=\"hps\" closure_uid_888351617=\"128\" ud=\"null\">ultimately</span> <span class=\"hps\" closure_uid_888351617=\"129\" ud=\"null\">questioned</span> <span class=\"hps\" closure_uid_888351617=\"130\" ud=\"null\">and ridiculed</span><span closure_uid_888351617=\"131\" ud=\"null\">,</span> <span class=\"hps\" closure_uid_888351617=\"132\" ud=\"null\">but so what</span><span closure_uid_888351617=\"133\" ud=\"null\">, even if</span> <span class=\"hps\" closure_uid_888351617=\"134\" ud=\"null\">have to live</span> <span class=\"hps\" closure_uid_888351617=\"135\" ud=\"null\">beautiful</span> <span class=\"hps\" closure_uid_888351617=\"136\" ud=\"null\">black and blue</span><span closure_uid_888351617=\"137\" ud=\"null\">!</span></span></p>\r\n','0','','',NULL,'0','0','','','','','0','2013-04-27 20:12:27',NULL,'1','','7',NULL,NULL,NULL,NULL,NULL,'1','1','2','1','');

INSERT INTO `youdian_job` VALUES
('1','销售经理','大专以上','男女不限','20-25岁','面议','不限','10','北京','长期有效','<div class=\"cc_l\">\r\n	<strong>职位说明：</strong></div>\r\n<div class=\"cc_m\">\r\n	开拓市场，完成公司分配的销售任务；市场调研，挖掘客户潜在需求。</div>\r\n<div class=\"cc_m\">\r\n	&nbsp;</div>\r\n<div class=\"cc_l\">\r\n	<strong>职位要求：</strong></div>\r\n<div class=\"cc_m\" style=\"height: 100%\">\r\n	1、普通话标准，性格开朗，善于与人沟通，具有一定的亲和力；<br />\r\n	2、有一定的客户资源优先；<br />\r\n	3、具有一定的市场开拓能力，挖掘客户潜在需求能力；<br />\r\n	4、具有良好的客户服务意识，高度的责任感。</div>\r\n','1','2012-08-23 17:18:10','1','1'),
('2','平面设计师','大专以上','女','20-30','3000-5000/月','不限','5','北京','长期有效','<div class=\"cc_l\">\r\n	<strong>职位说明：</strong></div>\r\n<div class=\"cc_m\">\r\n	从事我司软件产品相关美术设计，包括企业Logo、Flash动画设计、图标设计、网页美工等</div>\r\n<div class=\"cc_m\">\r\n	&nbsp;</div>\r\n<div class=\"cc_l\">\r\n	<strong>职位要求：</strong></div>\r\n<div class=\"cc_m\" style=\"height: 100%\">\r\n	1、美术、平面设计相关专业，大专以上学历；<br />\r\n	2、有扎实的美术功底、良好的创意思维和理解能力，能及时把握客户需求；<br />\r\n	3、熟练使用设计相关工具，如Photoshop、Illustrator、Dreamweaver、Flash等；<br />\r\n	4、了解div+css+js网页布局设计；<br />\r\n	5、善于与人沟通，良好的团队合作精神和高度的责任感，能够承受压力，有创新精神，保证工作质量；</div>\r\n<p>\r\n	&nbsp;</p>\r\n','0','2012-11-14 14:24:54','1','1'),
('3','前台接待','大专','女','20-25','面议','不限','2','北京','长期有效','<div class=\"cc_l\">\r\n	职位要求：</div>\r\n<div class=\"cc_m\" style=\"height: 100%\">\r\n	1、性格开朗，待人热情，身高1.60米以上，形象好，气质佳；<br />\r\n	2、普通话流利，具有良好的语言表达能力和沟通应变能力；<br />\r\n	3、熟练使用电脑、传真机及各种办公软件word，excel；<br />\r\n	4、工作积极主动，认真严谨，具备良好的团队合作精神；<br />\r\n	5、具有良好的思想道德素质，责任心强，较强的服务意识。</div>\r\n','0','2012-11-15 15:11:32','1','1'),
('4','Sales Manager','University Degree','Unlimited','20-25','Negotiable','Unlimited','10','Beijing','Unlimited','<p>\r\n	<strong>Requirements</strong>:</p>\r\n<p>\r\n	1, good putonghua, cheerful, affinity, good at communicating;<br />\r\n	2, having a customer resources is preferred;<br />\r\n	3, having a ability of market development and mining customer potential demand;<br />\r\n	4, good customer service consciousness, high sense of responsibility.</p>\r\n','0','2012-11-15 15:11:54','1','2'),
('5','Receptionist','University Degree','Female','20-25','Negotiable','Unlimited','2','Beijing','Unlimited','<p>\r\n	<strong>Requirements</strong>:</p>\r\n<p>\r\n	1, cheerful, warm, height 1.60 meters of above, good face, good temperament;<br />\r\n	2, good putonghua, good language expression ability and communication ability;<br />\r\n	3, skilled use of computer, fax and all kinds of office software,eg. word, excel;<br />\r\n	4, work actively, serious, and good team cooperation spirit;<br />\r\n	5, good ideological and moral quality, strong sense of responsibility, strong sense of service.</p>\r\n','0','2013-03-27 16:26:42','1','2'),
('6','Graphic Designers','University Degree','Female','20-30','3000-5000','Unlimited','5','Beijing','Unlimited','<p>\r\n	<strong>Requirements</strong>:</p>\r\n<p>\r\n	1, related to arts, graphic design specialty, college degree or above;<br />\r\n	2, good art foundation, good understanding of the creative thinking and ability, understanding customer requirement;<br />\r\n	3, skilled use of design tools, such as Photoshop, Illustrator, Dreamweaver, Flash etc.;<br />\r\n	4, understanding of div+css+js webpage layout design;<br />\r\n	5, good communication skills, team cooperation spirit and high sense of responsibility, bearing pressure,innovation spirit, guarantee the quality of work;</p>\r\n','0','2013-03-27 16:26:42','1','2');

INSERT INTO `youdian_label` VALUES
('1','热门','30','0','1','1'),
('2','头条','30','0','1','1'),
('3','推荐','30','0','1','1'),
('4','热门','31','0','1','1'),
('5','头条','31','0','1','1'),
('6','推荐','31','0','1','1'),
('7','热门','34','0','1','1'),
('8','头条','34','0','1','1'),
('9','推荐','34','0','1','1'),
('10','热门','35','0','1','1'),
('11','头条','35','0','1','1'),
('12','推荐','35','0','1','1'),
('13','热门','36','0','1','1'),
('14','头条','36','0','1','1'),
('15','推荐','36','0','1','1'),
('16','保留使用','37','0','1','1'),
('17','保留使用','37','0','1','1'),
('18','保留使用','37','0','1','1'),
('19','保留使用','38','0','1','1'),
('20','保留使用','38','0','1','1'),
('21','保留使用','38','0','1','1'),
('22','保留使用','39','0','1','1'),
('23','保留使用','39','0','1','1'),
('24','保留使用','39','0','1','1');

INSERT INTO `youdian_language` VALUES
('1','中文','cn',NULL,'0','1'),
('2','英语','en',NULL,'1','1');

INSERT INTO `youdian_link` VALUES
('1','1','企业网站管理系统','1','http://www.esp.net.cn','','0','','1','1'),
('4','1','谷歌','2','http://www.google.com','/Upload/link/google.png','4','','1','1'),
('9','1','微信网站建设','1','http://www.021mx.cn','','20','','1','1'),
('10','1','手机网站建设','1','http://www.021mx.cn','','0','','1','1'),
('11','1','百度搜索','2','http://www.baidu.com','/Upload/link/03.gif','2','','1','1'),
('12','2','baidu','1','http://www.baidu.com','','0','','1','2'),
('13','2','google','1','http://www.google.com','','0','','1','2'),
('14','2','yahoo','1','http://www.yahoo.com','','0','','1','2'),
('15','2','sohu','1','http://www.sohu.com','','0','','1','2'),
('16','2','sina','1','http://www.sina.com.cn','','0','','1','2'),
('17','2','sogou','1','http://www.sogou.com','','0','','1','2'),
('18','2','tencent','1','http://www.qq.com','','0','','1','2');

INSERT INTO `youdian_link_class` VALUES
('1','默认分类','0','1'),
('2','default','0','2');

INSERT INTO `youdian_mail_class` VALUES
('1','默认分类','0','','1','1'),
('2','Default','0','','1','2');

INSERT INTO `youdian_member` VALUES
('1','1','admin','0','','7fef6171469e80d32c0559f88b377245','1989-09-22','','410000','xx@qq.com','400-699-1720','','','网站在哪个公司做的','','2013-06-27 18:37:04','','2012-08-23 20:41:34','1','0','1','','','','','',NULL,NULL,NULL,NULL,NULL,NULL),
('2','1',NULL,'1',NULL,NULL,NULL,NULL,NULL,NULL,NULL,NULL,NULL,NULL,NULL,NULL,NULL,'2015-04-20 22:13:18','1','0','0',NULL,NULL,NULL,NULL,NULL,NULL,NULL,'oryfQjjlUzQ5YLBregXwHaCxk_cE',NULL,NULL,NULL),
('3','1',NULL,'1',NULL,NULL,NULL,NULL,NULL,NULL,NULL,NULL,NULL,NULL,NULL,NULL,NULL,'2015-04-21 09:49:38','1','0','0',NULL,NULL,NULL,NULL,NULL,NULL,NULL,'oryfQjmm1Tk7oVXDY6wQirzHUWhY',NULL,NULL,NULL);

INSERT INTO `youdian_member_group` VALUES
('1','注册会员','1','9,10,12,11','15,16,17','63,65,67,79,89','15,17,18,19,55,20,21,22',NULL,'1'),
('2','VIP会员','1','9,10,12,11','15,16,17','63,65,67,79,89','33,15,17,18,19,55,20,21,22,23,24,25,26,27,28,29',NULL,'1');

INSERT INTO `youdian_menu` VALUES
('5','1','数据库设置','Config/db','0','30',NULL,'1'),
('7','5','添加频道','Channel/Add','0','1',NULL,'0'),
('8','5','频道管理','Channel/Index','0','2',NULL,'1'),
('9','1','基本设置','Config/basic','0','1',NULL,'1'),
('10','9','留言设置','Config/guestbook','0','2',NULL,'0'),
('14','9','评论设置','Config/comment','0','6',NULL,'0'),
('16','7','在线客服设置','Config/Online','0','3',NULL,'0'),
('17','19','搜索引擎优化设置','Config/Seo','0','3',NULL,'1'),
('18','1','联系方式','Config/Contact','0','2',NULL,'1'),
('19','1','文件上传设置','Config/upload','0','7',NULL,'1'),
('20','12','会员功能设置','Config/reg','0','5',NULL,'1'),
('24','2','邮件订阅分类管理','Mail/ClassIndex','0','6',NULL,'1'),
('25','2','邮件群发管理','Mail/SendIndex','0','0',NULL,'1'),
('26','2','订阅邮箱管理','Mail/Index','0','5',NULL,'1'),
('27','2','网站安全提示','Public/Welcome#c2','0','2',NULL,'0'),
('28','2','组件支持情况','Public/Welcome#c4','0','4',NULL,'0'),
('32','4','添加专题','Special/Add','0','1',NULL,'0'),
('33','5','专题管理','Special/Index','0','2',NULL,'1'),
('34','7','添加在线客服','Support/Add','0','1',NULL,'0'),
('35','7','在线客服管理','Support/Index','0','2',NULL,'1'),
('37','6','添加幻灯片','Banner/Add','0','1',NULL,'0'),
('38','11','幻灯片管理','Banner/Index','0','2',NULL,'1'),
('39','7','第三方在线客服','Support/Third','0','4',NULL,'1'),
('40','8','添加友情链接','Link/Add','0','1',NULL,'0'),
('41','8','友情链接管理','Link/Index','0','2',NULL,'1'),
('42','8','添加友情链接分类','Link/AddClass','0','3',NULL,'0'),
('43','8','友情链接分类管理','Link/ClassIndex','0','4',NULL,'1'),
('44','9','留言管理','Guestbook/Index','0','1',NULL,'0'),
('45','10','招聘信息管理','Job/Index','0','2',NULL,'1'),
('46','9','信息评论','Comment/Index','0','6',NULL,'1'),
('47','10','发布招聘信息','Job/Add','0','0',NULL,'0'),
('48','11','添加广告','Ad/Add','0','1',NULL,'0'),
('49','11','广告内容管理','Ad/Index','0','10',NULL,'1'),
('50','12','添加会员分组','MemberGroup/Add','0','3',NULL,'0'),
('51','12','会员分组管理','MemberGroup/Index','0','4',NULL,'1'),
('52','12','会员管理','Member/Index','0','1',NULL,'1'),
('53','12','添加会员','Member/Add','0','0',NULL,'0'),
('55','13','管理员管理','Admin/Index','0','2',NULL,'1'),
('56','13','添加管理员分组','AdminGroup/Add','0','3',NULL,'0'),
('57','13','管理员分组管理','AdminGroup/Index','0','4',NULL,'1'),
('58','14','模板选择','Template/Pick','0','1',NULL,'1'),
('59','14','模板管理','Template/Index','0','2',NULL,'1'),
('60','14','样式管理','Template/Style','0','3',NULL,'1'),
('61','1','水印设置','Config/water','0','6',NULL,'1'),
('62','3','内容频道',NULL,'3','0',NULL,'1'),
('63','15','我的用户信息','Member/Modify','0','1',NULL,'1'),
('65','15','修改我的密码','Public/Pwd','0','3',NULL,'1'),
('66','15','用户后台首页','Public/Welcome','0','0',NULL,'0'),
('67','16','我的留言','Guestbook/Index','0','1',NULL,'1'),
('68','16','我的评论','Comment/Index','0','2',NULL,'0'),
('69','17','内容频道',NULL,'3','0',NULL,'1'),
('71','18','添加自定义标签','Tag/Add','0','1',NULL,'0'),
('72','18','自定义标签管理','Tag/Index','0','2',NULL,'1'),
('73','5','添加属性标记','Label/Add','0','3',NULL,'0'),
('74','5','属性标记管理','Label/Index','0','4',NULL,'0'),
('75','19','常用搜索引擎登录入口','SEO/SearchEngineLogin','0','10',NULL,'1'),
('76','19','伪静态设置','Config/Core','0','0',NULL,'1'),
('77','9','订单设置','Config/Order','0','4',NULL,'0'),
('78','9','订单管理','Order/Index','0','3',NULL,'1'),
('79','16','我的订单','Order/Index','0','3',NULL,'1'),
('80','18','数据库管理','Db/Index','0','3',NULL,'1'),
('81','18','数据库还原','Db/Restore','0','4',NULL,'1'),
('82','18','添加频道模型','ChannelModel/Add','0','5',NULL,'0'),
('83','18','频道模型管理','ChannelModel/Index','0','6',NULL,'1'),
('84','1','站长统计设置','Config/Stat','0','15',NULL,'1'),
('85','1','百度分享设置','Config/BaiduShare','0','16',NULL,'1'),
('86','19','生成网站地图','SEO/SiteMap','0','11',NULL,'1'),
('87','19','生成关键词内链','Config/AutoLink','0','12',NULL,'1'),
('88','10','应聘简历管理','Job/Resume','0','3',NULL,'1'),
('89','16','我的应聘','Resume/Index','0','3',NULL,'1'),
('90','6','添加幻灯分组','BannerGroup/Add','0','3',NULL,'0'),
('91','11','幻灯分组管理','BannerGroup/Index','0','4',NULL,'1'),
('92','12','会员模型管理','MemberModel/Index','0','2',NULL,'0'),
('93','21','模板选择','WapTemplate/Pick','0','1',NULL,'1'),
('94','21','模板管理','WapTemplate/Index','0','2',NULL,'1'),
('95','21','样式管理','WapTemplate/Style','0','3',NULL,'1'),
('96','18','一键备份全站','Db/BackupAll','0','7',NULL,'1'),
('97','1','其它设置','Config/Other','0','50',NULL,'1'),
('98','1','缩略图设置','Config/Thumb','0','17',NULL,'1'),
('99','1','手机网站设置','Config/Wap','0','45',NULL,'1'),
('100','1','邮箱设置','Config/Email','0','40',NULL,'1'),
('101','1','语言设置','Config/Language','0','41',NULL,'1'),
('102','22','微信绑定设置','Wx/MessageAPI','0','1',NULL,'1'),
('103','22','自定义菜单设置','Wx/Menu','0','5',NULL,'1'),
('104','23','关注自动回复','Wx/SubscribeReply','0','0',NULL,'1'),
('105','23','关键词自动回复','Wx/KeywordReply','0','0',NULL,'1'),
('106','23','默认自动回复','Wx/DefaultReply','0','10',NULL,'1'),
('107','22','凭证接口设置','Wx/CredentialAPI','0','3',NULL,'0'),
('108','22','微信公众平台登录','Wx/Index','0','0',NULL,'0'),
('109','25','微消息','Wx/Message','0','0',NULL,'1'),
('110','22','第三方接口','Wx/api','0','2',NULL,'0'),
('111','25','微活动','Wx/lottery','0','2',NULL,'1'),
('112','22','基本信息设置','Wx/basic','0','2',NULL,'1'),
('113','23','地理位置自动回复','Wx/LbsReply','0','8',NULL,'1'),
('114','25','微查询','Wx/query','0','1',NULL,'1'),
('115','25','微投票','Wx/vote','0','3',NULL,'1'),
('116','25','微会员卡','wx/card','0','4',NULL,'1'),
('117','25','微调查','wx/research','0','5',NULL,'1'),
('118','22','微信功能设置','Wx/config','0','6',NULL,'1'),
('119','14','模板设置','Template/Config','0','4',NULL,'1'),
('120','21','模板设置','WapTemplate/Config','0','4',NULL,'1');

INSERT INTO `youdian_menu_group` VALUES
('1','1','系统设置','2','1'),
('2','5','邮件群发','2','1'),
('3','3','信息管理','10','1'),
('4','2','专题管理','2','0'),
('5','3','频道管理','1','1'),
('6','5','幻 灯 片','0','0'),
('7','4','在线客服','1','1'),
('8','5','友情链接','2','1'),
('9','4','其它','4','1'),
('10','4','人才招聘','3','0'),
('11','5','网站广告','1','1'),
('12','6','会员信息','1','1'),
('13','6','管理员信息','1','1'),
('14','7','电脑模板管理','1','1'),
('15','9','基本信息','1','1'),
('16','9','互动管理','1','1'),
('17','10','内容频道','1','1'),
('18','2','系统管理','0','1'),
('19','14','网站优化','0','1'),
('20','5','第三方脚本','1','0'),
('21','7','手机模板管理','2','1'),
('22','15','微信设置','0','1'),
('23','15','自动回复','0','1'),
('24','15','消息管理','0','0'),
('25','15','微信应用','0','1');

INSERT INTO `youdian_menu_top` VALUES
('1','管理首页','Public/AdminLeft','menu','1','1','1','1'),
('2','系统管理','Public/AdminLeft','menu','2','1','0','1'),
('3','内容管理','Public/AdminLeft','menu','3','1','0','1'),
('4','互动管理','Public/AdminLeft','menu','4','1','0','1'),
('5','广告管理','Public/AdminLeft','menu','5','1','0','1'),
('6','会员管理','Public/AdminLeft','menu','6','1','0','1'),
('7','模板管理','Public/AdminLeft','menu','8','1','0','1'),
('8','退出系统','Public/Logout','_top','15','1','0','1'),
('9','后台首页','Public/MemberLeft','menu','1','0','0','1'),
('10','内容管理','Public/MemberLeft','menu','2','0','0','1'),
('11','退出系统','Public/Logout','_top','4','0','0','1'),
('12','修改密码','Public/Pwd','main','3','0','0','1'),
('13','缓存管理','Public/ClearCache','main','9','1','0','1'),
('14','网站优化','Public/AdminLeft','menu','7','1','0','1'),
('15','微信接口','Public/AdminLeft','menu','7','1','0','1');

INSERT INTO `youdian_order` VALUES
('1','产品36标题','0','杨峰','100','15316307701','5952366','5952366@qq.com','上海上海','咯啦咯啦咯了','2015-04-20 23:52:19',NULL,NULL,'1',NULL,NULL,NULL,NULL,NULL);

INSERT INTO `youdian_resume` VALUES
('1','3','0','肖芳','女','1990-05-16','汉族','2000-3000','群众','大专','13587898345','xiaofang@qq.com','北京市海淀区三一路','2013-05-16 11:13:27','北京','文秘','北京大学','','1');

INSERT INTO `youdian_support` VALUES
('1','业务咨询1','1','5952366','1','1','1'),
('6','consult','1','5952366','1','1','2'),
('7','业务咨询2','1','137402144','2','1','1'),
('8','业务客服3','1','97382755','0','1','1'),
('9','业务客服4','1','97382755','0','1','1'),
('10','旺旺客服','2','yangxinqi0510','10','1','1'),
('11','consult1','1','5952366','0','1','2'),
('12','consult2','1','5952366','0','1','2'),
('13','consult3','1','5952366','0','1','2');

INSERT INTO `youdian_support3` VALUES
('1','','1','1'),
('2','','1','2');

INSERT INTO `youdian_support_type` VALUES
('1','腾讯QQ','1'),
('2','淘宝旺旺','2'),
('3','阿里旺旺','3'),
('4','微软MSN','4'),
('5','Skype','5');

INSERT INTO `youdian_wx_app` VALUES
('1','10周年店庆幸运大转抽奖活动','1','大转盘','99','0@@@10周年店庆大抽奖活动，好运多多，奖品多多，小伙伴们，赶快来参与吧！@@@@@@2014-10-29 10:08:58@@@2018-10-31 10:08:58@@@你已经玩过了，下次再来！@@@/Public/tpl/wx/images/wheel.jpg@@@@@@活动已经结束@@@亲，活动已经结束，所有奖品已经发放完毕。下次早点哦！请继续关注我们的后续活动，谢谢！@@@ipad平板电脑@@@1@@@1@@@iphone5手机@@@10@@@5@@@手机充电宝@@@50@@@20@@@3@@@123','','1'),
('2','迎中秋庆国庆刮刮卡大抽奖','1','刮刮卡','99','1@@@迎中秋庆国庆刮刮卡大抽奖，好运多多，机会多多，小伙伴们，赶快参与吧！@@@@@@2014-10-30 10:21:16@@@2018-10-31 10:21:16@@@你已经玩过了，下次再来！@@@/Public/tpl/wx/images/scratch.jpg@@@@@@活动已经结束@@@亲，活动已经结束，所有奖品已经发放完毕。下次早点哦！请继续关注我们的后续活动，谢谢！@@@联想x60笔记本@@@1@@@1@@@小米3S手机@@@2@@@5@@@64G U盘@@@5@@@10@@@3@@@123','','1'),
('4','你最想去哪里旅游?','5','调查','99','/Public/tpl/wx/images/research.png@@@感谢您参与此次调查，本调查目的在于了解产品对消费者购物选择的影响。您对本问卷的所有回答都是以匿名形式进行并且答案得到严格保密，研究结果将是结论性质的报告，不会泄漏您的任何相关信息。每位参与调研的朋友都将获得我们送出的尊贵礼品，同时你还有机会获得大奖。\r\n                                @@@尊敬的客户：\r\n感谢您的耐心参与，您的选择，将对我们起到重要的指导作用，我们在此向您表示诚挚的谢意。\r\n同时，为了回馈您的贡献，我们将从所有参与调研的客户中，随机抽取几位幸运奖得主。您将有机会获得我们为您精心准备的礼品一份，中奖名单将在近期公布，敬请关注。\r\n祝您生活愉快。\r\n                                @@@2014-10-30 10:40:33@@@2019-01-28 10:40:33@@@@@@赶快来参与吧，还有机会中大奖！@@@0',NULL,'1'),
('3','你是通过什么途径知道我们的','2','投票','99','0@@@2014-10-30 10:29:46@@@2019-10-30 10:29:46@@@1###搜索引擎$$$2###网络广告$$$3###朋友介绍$$$4###电视保证$$$5###其它@@@/Upload/1414636714.png@@@1','','1'),
('5','高级会员卡','6','会员卡','99','高级会员卡@@@/Upload/1414637259.png@@@/Public/Images/card/bg21.png@@@/Public/Images/card/cover.jpg@@@微时代会员卡，方便携带收藏，永不挂失@@@#99FF00@@@#99FF00@@@@@@@@@1@@@1@@@某某商家@@@长沙风烛源软件科技有限公司（http://www.youdiansoft.cn）位于长沙市星沙经济开发区，是国内首家研发中英文网站、手机网站、微信网站三站合一的高科技软件企业，拥有独立自主研发的三站合一企业级产品《风烛源企业网站管理系统》。以公司核心技术为依托，形成了针对不同行业、不同规模、不同应用的系列产品和解决方案。@@@0731-84037726@@@长沙市星沙经济开发区板仓路尚都花园城6栋1单元904@@@@@@@@@123@@@@@@',NULL,'1');

INSERT INTO `youdian_wx_apptype` VALUES
('1','微活动','1','1'),
('2','微投票','2','1'),
('3','微工具','3','1'),
('4','地理位置服务','4','1'),
('5','微调查','5','1'),
('6','微会员卡','6','1');

INSERT INTO `youdian_wx_award` VALUES
('1','1','0','oryfQjjlUzQ5YLBregXwHaCxk_cE',NULL,'201504202216446352','2015-04-20 22:16:44','1','0'),
('2','2','0','oryfQjjlUzQ5YLBregXwHaCxk_cE',NULL,'201504202217132098','2015-04-20 22:17:13','1','0'),
('3','2','0','oryfQjjlUzQ5YLBregXwHaCxk_cE',NULL,'201504202217181723','2015-04-20 22:17:18','1','0'),
('4','1','0','oryfQjjlUzQ5YLBregXwHaCxk_cE',NULL,'201504202339515670','2015-04-20 23:39:51','0','0');

INSERT INTO `youdian_wx_menu` VALUES
('1','0','关于我们','1','0','',NULL,NULL,NULL,'1'),
('2','0','活动专区','1','2','',NULL,NULL,NULL,'1'),
('3','0','联系我们','1','3','',NULL,NULL,NULL,'1'),
('4','2','微会员卡','5','4','5','',NULL,'','1'),
('5','2','微投票','5','3','3','投票','','','1'),
('10','2','刮刮卡','5','2','2','刮刮卡',NULL,'','1'),
('11','1','成功案例','4','1','32','','',NULL,'1'),
('15','2','大转盘','5','1','1','大转盘',NULL,'','1'),
('16','3','来访地图','4','1','31',NULL,NULL,NULL,'1'),
('17','2','微调查','5','3','4','调查',NULL,'','1'),
('21','1','微官网','1','0','这里填写二级菜单11返回消息！',NULL,NULL,NULL,'1'),
('22','1','产品中心','4','0','23','3',NULL,NULL,'1'),
('23','3','联系方式','1','2','电话：400-667-2838\r\n手机：15316307701\r\n欢迎来电咨询！','3',NULL,NULL,'1'),
('24','1','新闻中心','4','0','20','','',NULL,'1');

INSERT INTO `youdian_wx_question` VALUES
('1','4','99','你的业余爱好？','1###唱歌@@@2###旅游@@@3###逛街@@@4###看书@@@5###其他','1','1'),
('2','4','99','你最想去的地方？','1###丽江@@@2###西藏@@@3###海南@@@4###香港@@@5###其他旅游景点','1','1');

INSERT INTO `youdian_wx_reply` VALUES
('1','1','subscribe','0','2','0','1','1','',NULL,'1'),
('2','2','default','2','1','0','您好，客服美眉不在，有事请联系我们：\r\n电话：400-667-2838\r\n手机：15316307701\r\nQQ：5952366\r\n回复\"1\"或\"首页\"返回微网站首页','','',NULL,'1'),
('3','4','lbs','4','5','0','/^附近(d*)([wW]+)$/','/^附近(d*)([wW]+)$/','','附近1000KTV','1'),
('4','3','1,首页','0','2','1','1','1',NULL,NULL,'1');

INSERT INTO `youdian_wx_type` VALUES
('1','微信文本消息','1','1','1'),
('2','微信图文消息','1','2','1'),
('3','微信音乐消息','1','3','1'),
('4','打开频道主页','0','4','1'),
('5','微应用','1','5','1'),
('6','外部链接','0','6','1');

INSERT INTO `youdian_wx_vote` VALUES
('1','3','1','oryfQjjlUzQ5YLBregXwHaCxk_cE','2015-04-20 23:49:44');