DROP TABLE IF EXISTS `youdian_ad`;
CREATE TABLE `youdian_ad` (
  `AdID` int(11) NOT NULL auto_increment,
  `AdTypeID` tinyint(1) default NULL,
  `AdName` varchar(50) default NULL,
  `AdContent` text,
  `AdUrl` varchar(255) default NULL,
  `AdDescription` varchar(255) default NULL,
  `AdTime` datetime default NULL,
  `IsEnable` tinyint(1) NOT NULL default '1',
  `LanguageID` tinyint(1) unsigned NOT NULL default '1',
  PRIMARY KEY  (`AdID`)
) DEFAULT CHARSET=utf8;

DROP TABLE IF EXISTS `youdian_ad_type`;
CREATE TABLE `youdian_ad_type` (
  `AdTypeID` tinyint(4) NOT NULL,
  `AdTypeName` char(20) default NULL,
  PRIMARY KEY  (`AdTypeID`)
) DEFAULT CHARSET=utf8;

DROP TABLE IF EXISTS `youdian_admin`;
CREATE TABLE `youdian_admin` (
  `AdminID` int(11) NOT NULL auto_increment,
  `AdminName` varchar(50) default NULL,
  `MemberID` int(11) default NULL,
  `AdminGroupID` int(11) default NULL,
  `AdminPassword` varchar(64) default NULL,
  `LastLoginTime` datetime default NULL,
  `LastLoginIP` varchar(15) default NULL,
  `IsLock` tinyint(1) NOT NULL default '0',
  `IsSystem` tinyint(1) NOT NULL default '0',
  PRIMARY KEY  (`AdminID`)
) DEFAULT CHARSET=utf8;

DROP TABLE IF EXISTS `youdian_admin_group`;
CREATE TABLE `youdian_admin_group` (
  `AdminGroupID` int(11) NOT NULL auto_increment,
  `AdminGroupName` char(20) default NULL,
  `AdminGroupRemark` char(50) default NULL,
  `MenuPurview` char(255) default NULL,
  `MenuTopPurview` char(255) default NULL,
  `MenuGroupPurview` char(255) default NULL,
  `ChannelPurviewcn` char(255) default NULL,
  `ChannelPurviewen` char(255) default NULL,
  `IsSystem` tinyint(1) NOT NULL default '0',
  PRIMARY KEY  (`AdminGroupID`)
) DEFAULT CHARSET=utf8;

DROP TABLE IF EXISTS `youdian_attribute`;
CREATE TABLE `youdian_attribute` (
  `AttributeID` int(11) NOT NULL auto_increment,
  `ChannelModelID` int(11) default NULL,
  `FieldName` varchar(50) default NULL,
  `FieldType` varchar(20) default NULL,
  `DisplayName` varchar(255) default NULL,
  `DisplayType` varchar(20) default NULL,
  `DisplayOrder` int(11) default '0',
  `DisplayWidth` varchar(10) default NULL,
  `DisplayHeight` varchar(10) default NULL,
  `DisplayClass` varchar(20) default NULL,
  `DisplayValue` varchar(255) default NULL,
  `DisplayHelpText` varchar(150) default NULL,
  `IsValidate` tinyint(1) default NULL,
  `ValidateRule` varchar(255) default NULL,
  `GroupID` int(4) default NULL,
  `IsRequire` tinyint(1) unsigned NOT NULL default '0',
  `IsEnable` tinyint(1) NOT NULL default '1',
  `IsSystem` tinyint(1) NOT NULL default '0',
  PRIMARY KEY  (`AttributeID`)
) DEFAULT CHARSET=utf8;

DROP TABLE IF EXISTS `youdian_banner`;
CREATE TABLE `youdian_banner` (
  `BannerID` int(11) NOT NULL auto_increment,
  `BannerName` varchar(50) default NULL,
  `BannerGroupID` int(11) NOT NULL default '1',
  `BannerImage` varchar(512) default NULL,
  `BannerThumbnail` varchar(512) default NULL,
  `BannerUrl` varchar(512) default NULL,
  `BannerOrder` tinyint(4) NOT NULL default '0',
  `BannerDescription` text,
  `IsEnable` tinyint(1) unsigned NOT NULL default '1',
  `LanguageID` tinyint(1) NOT NULL default '1',
  PRIMARY KEY  (`BannerID`)
) DEFAULT CHARSET=utf8;

DROP TABLE IF EXISTS `youdian_banner_group`;
CREATE TABLE `youdian_banner_group` (
  `BannerGroupID` int(11) NOT NULL auto_increment,
  `BannerGroupName` char(50) default NULL,
  `BannerGroupOrder` int(11) NOT NULL default '0',
  `IsSystem` tinyint(1) NOT NULL default '0',
  `LanguageID` tinyint(1) NOT NULL default '1',
  PRIMARY KEY  (`BannerGroupID`)
) DEFAULT CHARSET=utf8;

DROP TABLE IF EXISTS `youdian_channel`;
CREATE TABLE `youdian_channel` (
  `ChannelID` int(11) NOT NULL auto_increment,
  `Parent` int(11) default NULL,
  `HasChild` tinyint(1) default NULL,
  `ChannelName` varchar(50) default NULL,
  `ChannelSName` varchar(20) default NULL,
  `ChannelContent` text,
  `ChannelSContent` text,
  `ChannelModelID` int(11) default NULL,
  `ChannelTarget` varchar(10) default NULL,
  `LinkUrl` varchar(512) default NULL,
  `HasPicture` tinyint(1) default '0',
  `ChannelPicture` varchar(255) default NULL,
  `Title` varchar(255) default NULL,
  `Keywords` varchar(255) default NULL,
  `Description` varchar(512) default NULL,
  `Html` varchar(50) default NULL,
  `ReadLevel` varchar(255) default NULL,
  `PageSize` int(11) default '20',
  `ChannelOrder` int(11) NOT NULL default '0',
  `IndexTemplate` varchar(50) default NULL,
  `ReadTemplate` varchar(50) default NULL,
  `IsEnable` tinyint(1) NOT NULL default '1',
  `IsLock` tinyint(1) NOT NULL default '0',
  `IsShow` tinyint(1) NOT NULL default '1',
  `IsSystem` tinyint(1) NOT NULL default '0',
  `IsHtml` tinyint(1) NOT NULL default '1',
  `LanguageID` tinyint(1) NOT NULL default '1',
  `f1` text,
  `f2` text,
  `f3` text,
  `ChannelIcon` varchar(255) default NULL,
  `ChannelStyle` tinyint(1) default '0',
  PRIMARY KEY  (`ChannelID`)
) DEFAULT CHARSET=utf8;

DROP TABLE IF EXISTS `youdian_channel_model`;
CREATE TABLE `youdian_channel_model` (
  `ChannelModelID` int(11) NOT NULL auto_increment,
  `ChannelModelName` char(50) default NULL,
  `ChannelModelOrder` int(11) NOT NULL default '0',
  `ChannelModelTable` char(50) default NULL,
  `ChannelModelDescription` char(255) default NULL,
  `IsSystem` tinyint(1) NOT NULL default '0',
  `IsEnable` tinyint(1) NOT NULL default '1',
  PRIMARY KEY  (`ChannelModelID`)
) DEFAULT CHARSET=utf8;

DROP TABLE IF EXISTS `youdian_comment`;
CREATE TABLE `youdian_comment` (
  `CommentID` int(11) NOT NULL auto_increment,
  `InfoID` int(11) NOT NULL,
  `GuestID` int(11) default NULL,
  `GuestName` char(20) default NULL,
  `GuestIP` char(20) default NULL,
  `CommentContent` text,
  `CommentTime` datetime default NULL,
  `IsCheck` tinyint(1) NOT NULL default '0',
  `LanguageID` tinyint(1) unsigned NOT NULL default '1',
  PRIMARY KEY  (`CommentID`)
) DEFAULT CHARSET=utf8;

DROP TABLE IF EXISTS `youdian_config`;
CREATE TABLE `youdian_config` (
  `ConfigID` int(11) NOT NULL auto_increment,
  `ConfigName` varchar(50) default NULL,
  `ConfigValue` text,
  `ConfigDescription` varchar(255) default NULL,
  `ConfigFile` varchar(20) default NULL,
  `IsEnable` tinyint(1) NOT NULL default '1',
  `LanguageID` tinyint(1) NOT NULL default '1',
  PRIMARY KEY  (`ConfigID`)
) DEFAULT CHARSET=utf8;

DROP TABLE IF EXISTS `youdian_customer`;
CREATE TABLE `youdian_customer` (
  `CustomerID` int(11) NOT NULL auto_increment,
  `Host` varchar(50) NOT NULL,
  `OS` varchar(20) default NULL,
  `Version` varchar(10) default NULL,
  `Edition` varchar(20) default NULL,
  `Name` varchar(50) default NULL,
  `Contact` varchar(20) default NULL,
  `Telephone` varchar(20) default NULL,
  `Mobile` varchar(20) default NULL,
  `QQ` varchar(20) default NULL,
  `TaoBao` varchar(20) default NULL,
  `Email` varchar(20) default NULL,
  `Date` date default NULL,
  `Remark` varchar(255) default NULL,
  `IsAuthorize` tinyint(1) default '0',
  PRIMARY KEY  (`CustomerID`)
) ENGINE=MyISAM DEFAULT CHARSET=utf8;

DROP TABLE IF EXISTS `youdian_guestbook`;
CREATE TABLE `youdian_guestbook` (
  `MessageID` int(11) NOT NULL auto_increment,
  `GuestID` int(11) default '0',
  `GuestName` varchar(50) default NULL,
  `GuestIP` varchar(20) default NULL,
  `Contact` text,
  `MessageTitle` text,
  `MessageContent` text,
  `MessageTime` datetime default NULL,
  `AnswerContent` text,
  `AnswerTime` datetime default NULL,
  `IsCheck` tinyint(1) NOT NULL default '0',
  `LanguageID` tinyint(1) NOT NULL default '1',
  `f1` text,
  `f2` text,
  `f3` text,
  `f4` text,
  `f5` text,
  `Email` text,
  `Address` text,
  `Gender` text,
  `QQ` text,
  PRIMARY KEY  (`MessageID`)
) DEFAULT CHARSET=utf8;

DROP TABLE IF EXISTS `youdian_info`;
CREATE TABLE `youdian_info` (
  `InfoID` int(11) NOT NULL auto_increment,
  `ChannelID` int(11) default NULL,
  `SpecialID` varchar(512) default NULL,
  `MemberID` int(11) default NULL,
  `InfoTitle` varchar(100) default NULL,
  `InfoSContent` text,
  `InfoContent` text,
  `HasPicture` tinyint(1) NOT NULL default '0',
  `InfoPicture` varchar(255) default NULL,
  `ReadLevel` varchar(255) default NULL,
  `InfoAttachment` varchar(255) default NULL,
  `HasAttachment` tinyint(1) NOT NULL default '0',
  `IsLinkUrl` tinyint(1) NOT NULL default '0',
  `LinkUrl` varchar(255) default NULL,
  `Title` varchar(255) default NULL,
  `Keywords` varchar(255) default NULL,
  `Description` varchar(512) default NULL,
  `InfoOrder` int(11) NOT NULL default '0',
  `InfoTime` datetime default NULL,
  `InfoAuthor` varchar(50) default NULL,
  `InfoHit` int(11) default '0',
  `InfoFrom` varchar(50) default NULL,
  `LabelID` varchar(512) default NULL,
  `f1` text,
  `f2` text,
  `f3` text,
  `f4` text,
  `f5` text,
  `IsEnable` tinyint(1) NOT NULL default '1',
  `IsCheck` tinyint(1) NOT NULL default '0',
  `LanguageID` tinyint(1) NOT NULL default '1',
  `IsHtml` tinyint(1) NOT NULL default '1',
  `Html` varchar(50) default NULL,
  PRIMARY KEY  (`InfoID`)
) DEFAULT CHARSET=utf8;

DROP TABLE IF EXISTS `youdian_job`;
CREATE TABLE `youdian_job` (
  `JobID` int(11) NOT NULL auto_increment,
  `JobName` char(50) default NULL,
  `Education` char(50) default NULL,
  `Gender` char(10) default NULL,
  `Age` char(50) default NULL,
  `Salary` char(50) default NULL,
  `Language` char(20) default NULL,
  `Number` char(20) default NULL,
  `Workplace` char(50) default NULL,
  `Expiration` char(20) default NULL,
  `Requirement` text,
  `JobOrder` int(11) default '0',
  `Time` datetime default NULL,
  `IsEnable` tinyint(1) NOT NULL default '1',
  `LanguageID` tinyint(1) NOT NULL default '1',
  PRIMARY KEY  (`JobID`)
) DEFAULT CHARSET=utf8;

DROP TABLE IF EXISTS `youdian_label`;
CREATE TABLE `youdian_label` (
  `LabelID` int(11) NOT NULL auto_increment,
  `LabelName` char(20) default NULL,
  `ChannelModelID` int(11) default NULL,
  `LabelOrder` int(11) default '0',
  `IsSystem` tinyint(1) NOT NULL default '0',
  `IsEnable` tinyint(1) NOT NULL default '1',
  PRIMARY KEY  (`LabelID`)
) DEFAULT CHARSET=utf8;

DROP TABLE IF EXISTS `youdian_language`;
CREATE TABLE `youdian_language` (
  `LanguageID` tinyint(1) NOT NULL auto_increment,
  `LanguageName` char(20) default NULL,
  `LanguageMark` char(10) default NULL,
  `LanguageIcon` char(50) default NULL,
  `LanguageOrder` tinyint(1) default '0',
  `IsEnable` tinyint(1) NOT NULL default '1',
  PRIMARY KEY  (`LanguageID`)
) DEFAULT CHARSET=utf8 ROW_FORMAT=COMPACT;

DROP TABLE IF EXISTS `youdian_link`;
CREATE TABLE `youdian_link` (
  `LinkID` int(11) NOT NULL auto_increment,
  `LinkClassID` int(11) default NULL,
  `LinkName` char(50) default NULL,
  `LinkType` tinyint(1) default '0',
  `LinkUrl` char(255) default NULL,
  `LinkLogo` char(255) default NULL,
  `LinkOrder` int(11) NOT NULL default '0',
  `LinkDescription` char(215) default NULL,
  `IsEnable` tinyint(1) NOT NULL default '1',
  `LanguageID` tinyint(1) NOT NULL default '1',
  PRIMARY KEY  (`LinkID`)
) DEFAULT CHARSET=utf8;

DROP TABLE IF EXISTS `youdian_link_class`;
CREATE TABLE `youdian_link_class` (
  `LinkClassID` int(11) NOT NULL auto_increment,
  `LinkClassName` char(20) default NULL,
  `LinkClassOrder` int(11) NOT NULL default '0',
  `LanguageID` tinyint(1) NOT NULL default '1',
  PRIMARY KEY  (`LinkClassID`)
) DEFAULT CHARSET=utf8;

DROP TABLE IF EXISTS `youdian_mail`;
CREATE TABLE `youdian_mail` (
  `MailID` int(11) NOT NULL auto_increment,
  `MailClassID` int(11) default NULL,
  `MailAccount` varchar(50) default NULL,
  `Name` varchar(50) default NULL,
  `Telephone` varchar(20) default NULL,
  `Address` varchar(1024) default NULL,
  `AddTime` datetime default NULL,
  `Remark` varchar(1024) default NULL,
  `IsEnable` tinyint(1) default '1',
  `LanguageID` tinyint(1) NOT NULL default '1',
  PRIMARY KEY  (`MailID`)
) DEFAULT CHARSET=utf8 ROW_FORMAT=COMPACT;

DROP TABLE IF EXISTS `youdian_mail_class`;
CREATE TABLE `youdian_mail_class` (
  `MailClassID` int(11) NOT NULL auto_increment,
  `MailClassName` varchar(50) default NULL,
  `MailClassOrder` int(11) NOT NULL default '0',
  `MailClassDescription` varchar(1024) default NULL,
  `IsEnable` tinyint(1) default '1',
  `LanguageID` tinyint(1) NOT NULL default '1',
  PRIMARY KEY  (`MailClassID`)
) DEFAULT CHARSET=utf8 ROW_FORMAT=COMPACT;

DROP TABLE IF EXISTS `youdian_mail_send`;
CREATE TABLE `youdian_mail_send` (
  `MailSendID` int(11) NOT NULL auto_increment,
  `MailTitle` varchar(255) default NULL,
  `MailContent` text,
  `AddTime` datetime default NULL,
  `SendTime` datetime default NULL,
  `SendLog` text,
  `LanguageID` tinyint(1) NOT NULL default '1',
  PRIMARY KEY  (`MailSendID`)
) DEFAULT CHARSET=utf8 ROW_FORMAT=COMPACT;

DROP TABLE IF EXISTS `youdian_member`;
CREATE TABLE `youdian_member` (
  `MemberID` int(11) NOT NULL auto_increment,
  `MemberGroupID` int(11) default '1',
  `MemberName` varchar(50) default NULL,
  `MemberGender` tinyint(1) default '1',
  `MemberRealName` varchar(50) default NULL,
  `MemberPassword` varchar(64) default NULL,
  `MemberBirthday` date default NULL,
  `MemberAddress` varchar(100) default NULL,
  `MemberPostCode` varchar(6) default NULL,
  `MemberEmail` varchar(20) default NULL,
  `MemberTelephone` varchar(20) default NULL,
  `MemberMobile` varchar(20) default NULL,
  `MemberQQ` varchar(20) default NULL,
  `MemberQuestion` varchar(50) default NULL,
  `MemberAnswer` varchar(50) default NULL,
  `LastLoginTime` datetime default NULL,
  `LastLoginIP` varchar(15) default NULL,
  `RegisterTime` datetime default NULL,
  `IsCheck` tinyint(1) NOT NULL default '0',
  `IsLock` tinyint(1) NOT NULL default '0',
  `IsSystem` tinyint(1) NOT NULL default '0',
  `f1` text,
  `f2` text,
  `f3` text,
  `f4` text,
  `f5` text,
  `WxID` varchar(50) default NULL,
  `WxName` varchar(50) default NULL,
  `FromUser` varchar(50) default NULL,
  `Position` varchar(100) default NULL,
  `CardNumber` varchar(20) default NULL,
  `CardTime` datetime default NULL,
  PRIMARY KEY  (`MemberID`)
) DEFAULT CHARSET=utf8;

DROP TABLE IF EXISTS `youdian_member_group`;
CREATE TABLE `youdian_member_group` (
  `MemberGroupID` int(11) NOT NULL auto_increment,
  `MemberGroupName` char(20) default NULL,
  `MemberGroupRemark` char(50) default NULL,
  `MenuTopPurview` char(255) default NULL,
  `MenuGroupPurview` char(255) default NULL,
  `MenuPurview` char(255) default NULL,
  `ChannelPurviewen` char(255) default NULL,
  `ChannelPurviewcn` char(255) default NULL,
  `IsSystem` tinyint(1) NOT NULL default '0',
  PRIMARY KEY  (`MemberGroupID`)
) DEFAULT CHARSET=utf8;

DROP TABLE IF EXISTS `youdian_menu`;
CREATE TABLE `youdian_menu` (
  `MenuID` int(11) NOT NULL auto_increment,
  `MenuGroupID` int(6) default NULL,
  `MenuName` char(20) default NULL,
  `MenuContent` char(255) default NULL,
  `MenuType` tinyint(1) default '0',
  `MenuOrder` int(11) NOT NULL default '0',
  `SubMenu` char(255) default NULL,
  `IsEnable` tinyint(1) NOT NULL default '1',
  PRIMARY KEY  (`MenuID`)
) DEFAULT CHARSET=utf8;

DROP TABLE IF EXISTS `youdian_menu_group`;
CREATE TABLE `youdian_menu_group` (
  `MenuGroupID` int(11) NOT NULL auto_increment,
  `MenuTopID` int(11) default NULL,
  `MenuGroupName` char(20) default NULL,
  `MenuGroupOrder` int(11) NOT NULL default '0',
  `IsEnable` tinyint(1) NOT NULL default '1',
  PRIMARY KEY  (`MenuGroupID`)
) DEFAULT CHARSET=utf8;

DROP TABLE IF EXISTS `youdian_menu_top`;
CREATE TABLE `youdian_menu_top` (
  `MenuTopID` int(11) NOT NULL auto_increment,
  `MenuTopName` char(20) default NULL,
  `MenuTopUrl` char(255) default NULL,
  `MenuTopTarget` char(20) default NULL,
  `MenuTopOrder` int(11) NOT NULL default '0',
  `MenuOwner` tinyint(1) unsigned zerofill NOT NULL default '0',
  `IsActive` tinyint(1) NOT NULL default '0',
  `IsEnable` tinyint(1) NOT NULL default '1',
  PRIMARY KEY  (`MenuTopID`)
) DEFAULT CHARSET=utf8;

DROP TABLE IF EXISTS `youdian_order`;
CREATE TABLE `youdian_order` (
  `OrderID` int(11) NOT NULL auto_increment,
  `ProductName` varchar(255) NOT NULL,
  `GuestID` int(11) default NULL,
  `GuestName` varchar(20) default NULL,
  `Quantity` int(11) default NULL,
  `Telephone` varchar(50) default NULL,
  `QQ` varchar(20) default NULL,
  `Email` varchar(30) default NULL,
  `Address` varchar(100) default NULL,
  `Remark` text,
  `OrderTime` datetime default NULL,
  `AnswerContent` text,
  `AnswerTime` datetime default NULL,
  `LanguageID` tinyint(1) NOT NULL default '1',
  `f1` text,
  `f2` text,
  `f3` text,
  `f4` text,
  `f5` text,
  PRIMARY KEY  (`OrderID`)
) DEFAULT CHARSET=utf8;

DROP TABLE IF EXISTS `youdian_resume`;
CREATE TABLE `youdian_resume` (
  `ResumeID` int(11) NOT NULL auto_increment,
  `JobID` int(11) NOT NULL,
  `GuestID` int(11) default NULL,
  `GuestName` varchar(20) default NULL,
  `Gender` varchar(20) default NULL,
  `Birthday` date default NULL,
  `Ethnic` varchar(20) default NULL,
  `Salary` varchar(20) default NULL,
  `Political` varchar(20) default NULL,
  `Education` varchar(20) default NULL,
  `Telephone` varchar(50) default NULL,
  `Email` varchar(50) default NULL,
  `Address` varchar(50) default NULL,
  `Time` datetime default NULL,
  `Birthplace` varchar(20) default NULL,
  `Specialty` varchar(20) default NULL,
  `School` varchar(20) default NULL,
  `Detail` text,
  `LanguageID` tinyint(4) NOT NULL default '1',
  PRIMARY KEY  (`ResumeID`)
) DEFAULT CHARSET=utf8;

DROP TABLE IF EXISTS `youdian_special`;
CREATE TABLE `youdian_special` (
  `SpecialID` int(11) NOT NULL auto_increment,
  `ChannelID` int(11) default NULL,
  `SpecialName` char(50) default NULL,
  `SpecialDescription` char(255) default NULL,
  `SpecialOrder` int(11) NOT NULL default '0',
  `IsEnable` tinyint(1) NOT NULL default '1',
  `LanguageID` tinyint(1) NOT NULL default '1',
  PRIMARY KEY  (`SpecialID`)
) DEFAULT CHARSET=utf8;

DROP TABLE IF EXISTS `youdian_support`;
CREATE TABLE `youdian_support` (
  `SupportID` int(11) NOT NULL auto_increment,
  `SupportName` char(50) default NULL,
  `SupportTypeID` int(11) default NULL,
  `SupportNumber` char(20) default NULL,
  `SupportOrder` int(11) NOT NULL default '0',
  `IsEnable` tinyint(1) NOT NULL default '1',
  `LanguageID` tinyint(1) NOT NULL default '1',
  PRIMARY KEY  (`SupportID`)
) DEFAULT CHARSET=utf8;

DROP TABLE IF EXISTS `youdian_support3`;
CREATE TABLE `youdian_support3` (
  `Support3ID` int(11) NOT NULL auto_increment,
  `Support3Js` text,
  `IsEnable` tinyint(1) NOT NULL default '1',
  `LanguageID` tinyint(1) NOT NULL default '1',
  PRIMARY KEY  (`Support3ID`)
) DEFAULT CHARSET=utf8;

DROP TABLE IF EXISTS `youdian_support_type`;
CREATE TABLE `youdian_support_type` (
  `SupportTypeID` int(11) NOT NULL auto_increment,
  `SupportTypeName` char(20) default NULL,
  `SupportTypeOrder` int(11) NOT NULL default '0',
  PRIMARY KEY  (`SupportTypeID`)
) DEFAULT CHARSET=utf8;

DROP TABLE IF EXISTS `youdian_tag`;
CREATE TABLE `youdian_tag` (
  `TagID` int(11) NOT NULL auto_increment,
  `TagName` varchar(50) default NULL,
  `TagContent` text,
  `TagDescription` varchar(255) default NULL,
  `IsEnable` tinyint(1) NOT NULL default '1',
  `LanguageID` tinyint(1) NOT NULL default '1',
  PRIMARY KEY  (`TagID`)
) DEFAULT CHARSET=utf8 ROW_FORMAT=COMPACT;

DROP TABLE IF EXISTS `youdian_wx_app`;
CREATE TABLE `youdian_wx_app` (
  `AppID` int(11) NOT NULL auto_increment,
  `AppName` varchar(100) default NULL,
  `AppTypeID` tinyint(1) default '1',
  `AppKeyword` varchar(50) default NULL,
  `AppOrder` int(11) default '99',
  `AppParameter` text,
  `AppDescription` text,
  `IsEnable` tinyint(1) default '1',
  PRIMARY KEY  (`AppID`)
) DEFAULT CHARSET=utf8;

DROP TABLE IF EXISTS `youdian_wx_apptype`;
CREATE TABLE `youdian_wx_apptype` (
  `AppTypeID` int(11) NOT NULL default '0',
  `AppTypeName` varchar(50) default NULL,
  `AppTypeOrder` int(11) default '99',
  `IsEnable` tinyint(4) default '1',
  PRIMARY KEY  (`AppTypeID`)
) DEFAULT CHARSET=utf8;

DROP TABLE IF EXISTS `youdian_wx_award`;
CREATE TABLE `youdian_wx_award` (
  `AwardID` int(11) NOT NULL auto_increment,
  `AppID` int(11) default NULL,
  `AwardNumber` tinyint(4) default NULL,
  `FromUser` varchar(50) default NULL,
  `Mobile` varchar(50) default NULL,
  `AwardSN` varchar(50) default NULL,
  `AwardTime` datetime default NULL,
  `AwardStatus` tinyint(1) default '0',
  `IsCheck` tinyint(1) default '0',
  PRIMARY KEY  (`AwardID`)
) DEFAULT CHARSET=utf8;

DROP TABLE IF EXISTS `youdian_wx_consume`;
CREATE TABLE `youdian_wx_consume` (
  `ConsumeID` int(11) NOT NULL auto_increment,
  `MemberID` int(11) default NULL,
  `ConsumeType` tinyint(4) default NULL,
  `ConsumeMoney` int(11) default NULL,
  `ConsumeTime` datetime default NULL,
  `RelationID` int(11) default NULL,
  `Remark` text,
  PRIMARY KEY  (`ConsumeID`)
) DEFAULT CHARSET=utf8;

DROP TABLE IF EXISTS `youdian_wx_coupon`;
CREATE TABLE `youdian_wx_coupon` (
  `CouponID` int(11) NOT NULL auto_increment,
  `CouponName` varchar(50) default NULL,
  `CouponOrder` int(11) default '99',
  `StartTime` datetime default NULL,
  `EndTime` datetime default NULL,
  `CouponNumber` int(11) default '100',
  `Remark` text,
  `IsEnable` tinyint(1) default NULL,
  PRIMARY KEY  (`CouponID`)
) DEFAULT CHARSET=utf8;

DROP TABLE IF EXISTS `youdian_wx_gift`;
CREATE TABLE `youdian_wx_gift` (
  `GiftID` int(11) NOT NULL auto_increment,
  `GiftName` varchar(50) default NULL,
  `GiftOrder` int(11) default '99',
  `StartTime` datetime default NULL,
  `EndTime` datetime default NULL,
  `Score` int(11) default '100',
  `GiftPicture` varchar(255) default NULL,
  `Remark` text,
  `IsEnable` tinyint(1) default NULL,
  PRIMARY KEY  (`GiftID`)
) DEFAULT CHARSET=utf8;

DROP TABLE IF EXISTS `youdian_wx_menu`;
CREATE TABLE `youdian_wx_menu` (
  `MenuID` tinyint(4) NOT NULL auto_increment,
  `Parent` tinyint(4) default NULL,
  `MenuName` varchar(50) default NULL,
  `TypeID` tinyint(4) default NULL,
  `MenuOrder` int(11) default '0',
  `p1` text,
  `p2` text,
  `p3` text,
  `p4` text,
  `IsEnable` tinyint(4) default '1',
  PRIMARY KEY  (`MenuID`)
) DEFAULT CHARSET=utf8;

DROP TABLE IF EXISTS `youdian_wx_message`;
CREATE TABLE `youdian_wx_message` (
  `MessageID` int(4) NOT NULL auto_increment,
  `MsgID` varchar(50) default NULL,
  `MsgType` varchar(10) default NULL,
  `FromUserName` varchar(50) default '3',
  `ToUserName` varchar(50) default NULL,
  `p1` text,
  `p2` text,
  `p3` text,
  `p4` text,
  `CreateTime` datetime default NULL,
  PRIMARY KEY  (`MessageID`)
) DEFAULT CHARSET=utf8;

DROP TABLE IF EXISTS `youdian_wx_notify`;
CREATE TABLE `youdian_wx_notify` (
  `NotifyID` int(11) NOT NULL auto_increment,
  `NotifyName` varchar(255) default NULL,
  `NotifyContent` text,
  `NotifyTime` datetime default NULL,
  PRIMARY KEY  (`NotifyID`)
) DEFAULT CHARSET=utf8;

DROP TABLE IF EXISTS `youdian_wx_question`;
CREATE TABLE `youdian_wx_question` (
  `QuestionID` int(11) NOT NULL auto_increment,
  `AppID` int(11) default NULL,
  `QuestionOrder` int(11) default '99',
  `QuestionName` varchar(255) default NULL,
  `QuestionItem` text,
  `IsMultiple` tinyint(4) default NULL,
  `IsEnable` tinyint(4) default NULL,
  PRIMARY KEY  (`QuestionID`)
) DEFAULT CHARSET=utf8;

DROP TABLE IF EXISTS `youdian_wx_reply`;
CREATE TABLE `youdian_wx_reply` (
  `ReplyID` tinyint(4) NOT NULL auto_increment,
  `ReplyTypeID` tinyint(4) default '3',
  `Keyword` varchar(50) default NULL,
  `Priority` int(11) default '0',
  `TypeID` tinyint(4) default NULL,
  `Count` int(11) default '0',
  `p1` text,
  `p2` text,
  `p3` text,
  `p4` text,
  `IsEnable` tinyint(4) default '1',
  PRIMARY KEY  (`ReplyID`)
) DEFAULT CHARSET=utf8;

DROP TABLE IF EXISTS `youdian_wx_research`;
CREATE TABLE `youdian_wx_research` (
  `ResearchID` int(11) NOT NULL auto_increment,
  `AppID` int(11) default NULL,
  `QuestionID` int(11) default NULL,
  `ItemID` int(11) default NULL,
  `FromUser` varchar(50) default NULL,
  `ResearchTime` datetime default NULL,
  PRIMARY KEY  (`ResearchID`)
) DEFAULT CHARSET=utf8;

DROP TABLE IF EXISTS `youdian_wx_score`;
CREATE TABLE `youdian_wx_score` (
  `ScoreID` int(11) NOT NULL auto_increment,
  `MemberID` int(11) default NULL,
  `ScoreNumber` int(11) default NULL,
  `ScoreTime` datetime default NULL,
  `ScoreType` tinyint(4) default NULL,
  `RelationID` int(11) default NULL,
  `Remark` text,
  PRIMARY KEY  (`ScoreID`)
) DEFAULT CHARSET=utf8;

DROP TABLE IF EXISTS `youdian_wx_suggest`;
CREATE TABLE `youdian_wx_suggest` (
  `SuggestID` int(11) NOT NULL auto_increment,
  `AppID` int(11) default NULL,
  `FromUser` varchar(50) default NULL,
  `SuggestContent` text,
  `SuggestTime` datetime default NULL,
  PRIMARY KEY  (`SuggestID`)
) DEFAULT CHARSET=utf8;

DROP TABLE IF EXISTS `youdian_wx_type`;
CREATE TABLE `youdian_wx_type` (
  `TypeID` tinyint(4) NOT NULL auto_increment,
  `TypeName` varchar(50) default NULL,
  `IsReply` tinyint(11) default '1',
  `TypeOrder` tinyint(4) unsigned default '0',
  `IsEnable` tinyint(4) default '1',
  PRIMARY KEY  (`TypeID`)
) DEFAULT CHARSET=utf8;

DROP TABLE IF EXISTS `youdian_wx_vote`;
CREATE TABLE `youdian_wx_vote` (
  `VoteID` int(11) NOT NULL auto_increment,
  `AppID` int(11) default NULL,
  `ItemID` int(11) default NULL,
  `FromUser` varchar(50) default NULL,
  `VoteTime` datetime default NULL,
  PRIMARY KEY  (`VoteID`)
) DEFAULT CHARSET=utf8;


INSERT INTO `youdian_support3` VALUES 
('1', '', '1', '1'),
('2', '', '1', '2');


INSERT INTO `youdian_support_type` VALUES 
('1', '腾讯QQ', '1'),
('2', '淘宝旺旺', '2'),
('3', '阿里旺旺', '3'),
('4', '微软MSN', '4'),
('5', 'Skype', '5');

INSERT INTO `youdian_menu` VALUES
('5','1','数据库设置','Config/db','0','30',NULL,'1'),
('7','5','添加频道','Channel/Add','0','1',NULL,'0'),
('8','5','频道管理','Channel/Index','0','2',NULL,'1'),
('9','1','基本设置','Config/basic','0','1',NULL,'1'),
('10','9','留言设置','Config/guestbook','0','2',NULL,'0'),
('14','9','评论设置','Config/comment','0','6',NULL,'0'),
('16','7','在线客服设置','Config/Online','0','3',NULL,'0'),
('17','19','搜索引擎优化设置','Config/Seo','0','3',NULL,'1'),
('18','1','联系方式','Config/Contact','0','2',NULL,'1'),
('19','1','文件上传设置','Config/upload','0','7',NULL,'1'),
('20','12','会员功能设置','Config/reg','0','5',NULL,'1'),
('24','2','邮件订阅分类管理','Mail/ClassIndex','0','6',NULL,'1'),
('25','2','邮件群发管理','Mail/SendIndex','0','0',NULL,'1'),
('26','2','订阅邮箱管理','Mail/Index','0','5',NULL,'1'),
('27','2','网站安全提示','Public/Welcome#c2','0','2',NULL,'0'),
('28','2','组件支持情况','Public/Welcome#c4','0','4',NULL,'0'),
('32','4','添加专题','Special/Add','0','1',NULL,'0'),
('33','5','专题管理','Special/Index','0','2',NULL,'1'),
('34','7','添加在线客服','Support/Add','0','1',NULL,'0'),
('35','7','在线客服管理','Support/Index','0','2',NULL,'1'),
('37','6','添加幻灯片','Banner/Add','0','1',NULL,'0'),
('38','11','幻灯片管理','Banner/Index','0','2',NULL,'1'),
('39','7','第三方在线客服','Support/Third','0','4',NULL,'1'),
('40','8','添加友情链接','Link/Add','0','1',NULL,'0'),
('41','8','友情链接管理','Link/Index','0','2',NULL,'1'),
('42','8','添加友情链接分类','Link/AddClass','0','3',NULL,'0'),
('43','8','友情链接分类管理','Link/ClassIndex','0','4',NULL,'1'),
('44','9','留言管理','Guestbook/Index','0','1',NULL,'0'),
('45','10','招聘信息管理','Job/Index','0','2',NULL,'1'),
('46','9','信息评论','Comment/Index','0','6',NULL,'1'),
('47','10','发布招聘信息','Job/Add','0','0',NULL,'0'),
('48','11','添加广告','Ad/Add','0','1',NULL,'0'),
('49','11','广告内容管理','Ad/Index','0','10',NULL,'1'),
('50','12','添加会员分组','MemberGroup/Add','0','3',NULL,'0'),
('51','12','会员分组管理','MemberGroup/Index','0','4',NULL,'1'),
('52','12','会员管理','Member/Index','0','1',NULL,'1'),
('53','12','添加会员','Member/Add','0','0',NULL,'0'),
('55','13','管理员管理','Admin/Index','0','2',NULL,'1'),
('56','13','添加管理员分组','AdminGroup/Add','0','3',NULL,'0'),
('57','13','管理员分组管理','AdminGroup/Index','0','4',NULL,'1'),
('58','14','模板选择','Template/Pick','0','1',NULL,'1'),
('59','14','模板管理','Template/Index','0','2',NULL,'1'),
('60','14','样式管理','Template/Style','0','3',NULL,'1'),
('61','1','水印设置','Config/water','0','6',NULL,'1'),
('62','3','内容频道',NULL,'3','0',NULL,'1'),
('63','15','我的用户信息','Member/Modify','0','1',NULL,'1'),
('65','15','修改我的密码','Public/Pwd','0','3',NULL,'1'),
('66','15','用户后台首页','Public/Welcome','0','0',NULL,'0'),
('67','16','我的留言','Guestbook/Index','0','1',NULL,'1'),
('68','16','我的评论','Comment/Index','0','2',NULL,'0'),
('69','17','内容频道',NULL,'3','0',NULL,'1'),
('71','18','添加自定义标签','Tag/Add','0','1',NULL,'0'),
('72','18','自定义标签管理','Tag/Index','0','2',NULL,'1'),
('73','5','添加属性标记','Label/Add','0','3',NULL,'0'),
('74','5','属性标记管理','Label/Index','0','4',NULL,'0'),
('75','19','常用搜索引擎登录入口','SEO/SearchEngineLogin','0','10',NULL,'1'),
('76','19','伪静态设置','Config/Core','0','0',NULL,'1'),
('77','9','订单设置','Config/Order','0','4',NULL,'0'),
('78','9','订单管理','Order/Index','0','3',NULL,'1'),
('79','16','我的订单','Order/Index','0','3',NULL,'1'),
('80','18','数据库管理','Db/Index','0','3',NULL,'1'),
('81','18','数据库还原','Db/Restore','0','4',NULL,'1'),
('82','18','添加频道模型','ChannelModel/Add','0','5',NULL,'0'),
('83','18','频道模型管理','ChannelModel/Index','0','6',NULL,'1'),
('84','1','站长统计设置','Config/Stat','0','15',NULL,'1'),
('85','1','百度分享设置','Config/BaiduShare','0','16',NULL,'1'),
('86','19','生成网站地图','SEO/SiteMap','0','11',NULL,'1'),
('87','19','生成关键词内链','Config/AutoLink','0','12',NULL,'1'),
('88','10','应聘简历管理','Job/Resume','0','3',NULL,'1'),
('89','16','我的应聘','Resume/Index','0','3',NULL,'1'),
('90','6','添加幻灯分组','BannerGroup/Add','0','3',NULL,'0'),
('91','11','幻灯分组管理','BannerGroup/Index','0','4',NULL,'1'),
('92','12','会员模型管理','MemberModel/Index','0','2',NULL,'0'),
('93','21','模板选择','WapTemplate/Pick','0','1',NULL,'1'),
('94','21','模板管理','WapTemplate/Index','0','2',NULL,'1'),
('95','21','样式管理','WapTemplate/Style','0','3',NULL,'1'),
('96','18','一键备份全站','Db/BackupAll','0','7',NULL,'1'),
('97','1','其它设置','Config/Other','0','50',NULL,'1'),
('98','1','缩略图设置','Config/Thumb','0','17',NULL,'1'),
('99','1','手机网站设置','Config/Wap','0','45',NULL,'1'),
('100','1','邮箱设置','Config/Email','0','40',NULL,'1'),
('101','1','语言设置','Config/Language','0','41',NULL,'1'),
('102','22','微信绑定设置','Wx/MessageAPI','0','1',NULL,'1'),
('103','22','自定义菜单设置','Wx/Menu','0','5',NULL,'1'),
('104','23','关注自动回复','Wx/SubscribeReply','0','0',NULL,'1'),
('105','23','关键词自动回复','Wx/KeywordReply','0','0',NULL,'1'),
('106','23','默认自动回复','Wx/DefaultReply','0','10',NULL,'1'),
('107','22','凭证接口设置','Wx/CredentialAPI','0','3',NULL,'0'),
('108','22','微信公众平台登录','Wx/Index','0','0',NULL,'0'),
('109','25','微消息','Wx/Message','0','0',NULL,'1'),
('110','22','第三方接口','Wx/api','0','2',NULL,'0'),
('111','25','微活动','Wx/lottery','0','2',NULL,'1'),
('112','22','基本信息设置','Wx/basic','0','2',NULL,'1'),
('113','23','地理位置自动回复','Wx/LbsReply','0','8',NULL,'1'),
('114','25','微查询','Wx/query','0','1',NULL,'1'),
('115','25','微投票','Wx/vote','0','3',NULL,'1'),
('116','25','微会员卡','wx/card','0','4',NULL,'1'),
('117','25','微调查','wx/research','0','5',NULL,'1'),
('118','22','微信功能设置','Wx/config','0','6',NULL,'1'),
('119', '14', '模板设置', 'Template/Config', '0', '4', null, '1'),
('120', '21', '模板设置', 'WapTemplate/Config', '0', '4', null, '1');

INSERT INTO `youdian_menu_group` VALUES
('1','1','系统设置','2','1'),
('2','5','邮件群发','2','1'),
('3','3','信息管理','10','1'),
('4','2','专题管理','2','0'),
('5','3','频道管理','1','1'),
('6','5','幻 灯 片','0','0'),
('7','4','在线客服','1','1'),
('8','5','友情链接','2','1'),
('9','4','其它','4','1'),
('10','4','人才招聘','3','0'),
('11','5','网站广告','1','1'),
('12','6','会员信息','1','1'),
('13','6','管理员信息','1','1'),
('14','7','电脑模板管理','1','1'),
('15','9','基本信息','1','1'),
('16','9','互动管理','1','1'),
('17','10','内容频道','1','1'),
('18','2','系统管理','0','1'),
('19','14','网站优化','0','1'),
('20','5','第三方脚本','1','0'),
('21','7','手机模板管理','2','1'),
('22','15','微信设置','0','1'),
('23','15','自动回复','0','1'),
('24','15','消息管理','0','0'),
('25','15','微信应用','0','1');

INSERT INTO `youdian_menu_top` VALUES
('1','管理首页','Public/AdminLeft','menu','1','1','1','1'),
('2','系统管理','Public/AdminLeft','menu','2','1','0','1'),
('3','内容管理','Public/AdminLeft','menu','3','1','0','1'),
('4','互动管理','Public/AdminLeft','menu','4','1','0','1'),
('5','广告管理','Public/AdminLeft','menu','5','1','0','1'),
('6','会员管理','Public/AdminLeft','menu','6','1','0','1'),
('7','模板管理','Public/AdminLeft','menu','8','1','0','1'),
('8','退出系统','Public/Logout','_top','15','1','0','1'),
('9','后台首页','Public/MemberLeft','menu','1','0','0','1'),
('10','内容管理','Public/MemberLeft','menu','2','0','0','1'),
('11','退出系统','Public/Logout','_top','4','0','0','1'),
('12','修改密码','Public/Pwd','main','3','0','0','1'),
('13','缓存管理','Public/ClearCache','main','9','1','0','1'),
('14','网站优化','Public/AdminLeft','menu','7','1','0','1'),
('15','微信接口','Public/AdminLeft','menu','7','1','0','1');


INSERT INTO `youdian_mail_class` VALUES 
('1', '默认分类', '0', '', '1', '1'),
('2', 'Default', '0', '', '1', '2');


INSERT INTO `youdian_link_class` VALUES 
('1', '默认分类', '0', '1'),
('2', 'default', '0', '2');

INSERT INTO `youdian_language` VALUES 
('1', '中文', 'cn', null, '0', '1'),
('2', '英语', 'en', null, '1', '1');


INSERT INTO `youdian_label` VALUES 
('1', '热门', '30', '0', '1', '1'),
('2', '头条', '30', '0', '1', '1'),
('3', '推荐', '30', '0', '1', '1'),
('4', '热门', '31', '0', '1', '1'),
('5', '头条', '31', '0', '1', '1'),
('6', '推荐', '31', '0', '1', '1'),
('7', '热门', '34', '0', '1', '1'),
('8', '头条', '34', '0', '1', '1'),
('9', '推荐', '34', '0', '1', '1'),
('10', '热门', '35', '0', '1', '1'),
('11', '头条', '35', '0', '1', '1'),
('12', '推荐', '35', '0', '1', '1'),
('13', '热门', '36', '0', '1', '1'),
('14', '头条', '36', '0', '1', '1'),
('15', '推荐', '36', '0', '1', '1'),
('16', '保留使用', '37', '0', '1', '1'),
('17', '保留使用', '37', '0', '1', '1'),
('18', '保留使用', '37', '0', '1', '1'),
('19', '保留使用', '38', '0', '1', '1'),
('20', '保留使用', '38', '0', '1', '1'),
('21', '保留使用', '38', '0', '1', '1'),
('22', '保留使用', '39', '0', '1', '1'),
('23', '保留使用', '39', '0', '1', '1'),
('24', '保留使用', '39', '0', '1', '1');


INSERT INTO `youdian_config` VALUES 
('1', 'WEB_NAME', '某某公司', null, 'basic', '1', '1'),
('2', 'WEB_URL', 'http://www.xx.com', null, 'basic', '1', '0'),
('3', 'WEB_ICP', 'ICP备888888888号', null, 'basic', '1', '1'),
('4', 'WEB_STATUS', '1', null, 'basic', '1', '0'),
('5', 'WEB_CLOSE_REASON', '抱歉，网站正在维护中，给您带来不便深表歉意！', null, 'basic', '1', '1'),
('6', 'WEB_BAD_WORDS', '他妈的=***', null, 'basic', '1', '0'),
('7', 'TITLE', 'website|cms|wap website|finished website', null, 'seo', '1', '2'),
('8', 'CONTACT', 'Miss Cheng', null, 'contact', '1', '2'),
('9', 'COMPANY', '某某公司', null, 'contact', '1', '1'),
('10', 'CONTACT', '陈小姐', null, 'contact', '1', '1'),
('11', 'ADDRESS', '', null, 'contact', '1', '1'),
('12', 'TELEPHONE', '010-88888888', null, 'contact', '1', '1'),
('13', 'MOBILE', '18988888888', null, 'contact', '1', '1'),
('14', 'FAX', '010-88888888', null, 'contact', '1', '1'),
('15', 'EMAIL', 'xx@qq.com', null, 'contact', '1', '1'),
('16', 'POSTCODE', '400000', null, 'contact', '1', '1'),
('17', 'ONLINE_ENABLE', '1', null, 'online', '1', '0'),
('18', 'ONLINE_STYLE', 'blue', null, 'online', '1', '1'),
('19', 'ONLINE_POSITION', '0', null, 'online', '1', '0'),
('20', 'UPLOAD', './Upload/', null, 'upload', '1', '0'),
('21', 'UPLOAD_FILE_TYPE', 'rar|zip|doc|docx|ppt|pptx|pdf|jpg|xls|png|gif|mp3|jpeg|bmp|swf|flv|ico', null, 'upload', '1', '0'),
('22', 'MAX_UPLOAD_SIZE', '5242880', null, 'upload', '1', '0'),
('23', 'GUEST_BOOK_ALLOW', '1', null, 'guestbook', '1', '0'),
('24', 'GUEST_BOOK_CHECK', '1', null, 'guestbook', '1', '0'),
('25', 'GUEST_BOOK_VERIFYCODE', '1', null, 'guestbook', '1', '0'),
('26', 'GUEST_BOOK_PAGESIZE', '10', null, 'guestbook', '1', '0'),
('27', 'COMMENT_ENABLE', '1', null, 'comment', '1', '0'),
('28', 'COMMENT_CHECK', '1', null, 'comment', '1', '0'),
('29', 'COMMENT_VERIFYCODE', '1', null, 'comment', '1', '0'),
('30', 'MEMBER_REG_ENABLE', '1', null, 'reg', '1', '0'),
('31', 'MEMBER_REG_CHECK', '1', null, 'reg', '1', '0'),
('32', 'MEMBER_REG_VERIFYCODE', '1', null, 'reg', '1', '0'),
('40', 'QQ', '', null, 'contact', '1', '1'),
('41', 'APP_GROUP_LIST', 'Home,Admin,Install', null, 'config', '1', '0'),
('42', 'DEFAULT_GROUP', 'Home', null, 'config', '1', '0'),
('43', 'DEFAULT_MODULE', 'Index', null, 'config', '1', '0'),
('44', 'DEFAULT_ACTION', 'Index', null, 'config', '1', '0'),
('45', 'URL_MODEL', '1', null, 'config', '1', '0'),
('46', 'DEFAULT_THEME', 'Default', null, 'config', '1', '0'),
('47', 'URL_CASE_INSENSITIVE', 'true', null, 'config', '1', '0'),
('48', 'TMPL_ACTION_ERROR', 'APP_PATH.\'tpl/admin/default/public/error.html\'', null, 'config', '0', '0'),
('49', 'TMPL_ACTION_SUCCESS', 'APP_PATH.\'tpl/admin/default/public/success.html\' ', null, 'config', '0', '0'),
('50', 'TAGLIB_PRE_LOAD', 'YouDian', null, 'config', '1', '0'),
('51', 'DEFAULT_THEME', 'Default', null, 'home/config', '1', '0'),
('52', 'WATER_PIC', '', null, 'water', '1', '0'),
('53', 'WATER_OFFSET_X', '0', null, 'water', '1', '0'),
('54', 'WATER_OFFSET_Y', '0', null, 'water', '1', '0'),
('55', 'WATER_TRANS', '60', null, 'water', '1', '0'),
('56', 'TITLE', '企业网站管理系统|微网站建设|手机网站建设|中英文网站建设', null, 'seo', '1', '1'),
('57', 'KEYWORDS', '企业网站管理系统,微网站建设,手机网站建设,中英文网站建设', null, 'seo', '1', '1'),
('58', 'DESCRIPTION', '', null, 'seo', '1', '1'),
('59', 'ONLINE_TOP', '300', null, 'online', '1', '0'),
('60', 'ONLINE_EFFECT', '0', null, 'online', '1', '0'),
('61', 'ONLINE_WIDTH', '200', null, 'online', '1', '0'),
('62', 'ONLINE_OPEN', '0', null, 'online', '1', '0'),
('63', 'ONLINE_TELEPHONE', '', null, 'online', '1', '0'),
('64', 'ONLINE_FOOTER_TEXT', '', null, 'online', '1', '1'),
('65', 'ONLINE_TITLE', '在线客服', null, 'online', '1', '1'),
('66', 'URL_MODEL', '1', null, 'core', '1', '0'),
('67', 'URL_HTML_SUFFIX', 'html', null, 'core', '1', '0'),
('68', 'WEB_NAME', 'XXSoft', null, 'basic', '1', '2'),
('69', 'WEB_ICP', 'ICP 888888888', null, 'basic', '1', '2'),
('70', 'WEB_CLOSE_REASON', 'Sorry, the website is maintenance!', null, 'basic', '1', '2'),
('71', 'COMPANY', '', null, 'contact', '1', '2'),
('72', 'DESCRIPTION', '', null, 'seo', '1', '2'),
('73', 'KEYWORDS', 'website,cms,wap website', null, 'seo', '1', '2'),
('74', 'ADDRESS', '', null, 'contact', '1', '2'),
('76', 'ONLINE_TITLE', 'online services', null, 'online', '1', '2'),
('77', 'ONLINE_FOOTER_TEXT', '', null, 'online', '1', '2'),
('78', 'ORDER_ALLOW', '1', '订单权限', 'order', '1', '0'),
('79', 'ORDER_PAGESIZE', '10', '每页显示订单数', 'order', '1', '0'),
('80', 'STAT_USERNAME', '', '统计帐号', 'stat', '1', '0'),
('81', 'STAT_USERPWD', '', '登录密码', 'stat', '1', '0'),
('82', 'STAT_CODE', '', '统计代码', 'stat', '1', '0'),
('83', 'STAT_ENABLE', '1', '是否启用统计', 'stat', '1', '0'),
('84', 'SHARE_STYLE', '0', null, 'baidushare', '1', '0'),
('85', 'SHARE_TOP', '333', null, 'baidushare', '1', '0'),
('86', 'SHARE_POS', 'right', null, 'baidushare', '1', '0'),
('87', 'SHARE_SIZE', '0', null, 'baidushare', '1', '0'),
('88', 'SHARE_ENABLE', '0', null, 'baidushare', '1', '0'),
('89', 'MOBILE', '400-699-1720', null, 'contact', '1', '2'),
('90', 'TELEPHONE', '400-699-1720', null, 'contact', '1', '2'),
('91', 'FAX', '400-699-1720', null, 'contact', '1', '2'),
('92', 'EMAIL', 'xx@qq.com', null, 'contact', '1', '2'),
('93', 'QQ', '', null, 'contact', '1', '2'),
('94', 'POSTCODE', '410100', null, 'contact', '1', '2'),
('95', 'LINK_ENABLE', '1', '是否启用生成关键词内链', 'link', '1', '0'),
('96', 'LINK_KEYWORD', '', '关键词对应链接设置', 'link', '1', '0'),
('97', 'WEB_BAD_IP', '', null, 'basic', '1', '0'),
('98', 'WAP_URL', '', '手机网站域名', 'domain', '1', '0'),
('99', 'WEB_LOGO', '/Upload/public/logo.png', null, 'basic', '1', '1'),
('100', 'WEB_LOGO', '/Upload/public/logo.png', null, 'basic', '1', '2'),
('101', 'MEMBER_ADD_CHECK', '1', null, 'reg', '1', '0'),
('102', 'DEFAULT_THEME', 'Default', null, 'wap/config', '1', '0'),
('103', 'ONLINE_STYLE', 'red_en', null, 'online', '1', '2'),
('104', 'HTML_ENABLE', '0', null, 'html', '1', '0'),
('105', 'INDEX_CACHE_TIME', '604800', null, 'html', '1', '0'),
('106', 'CHANNEL_CACHE_TIME', '1296000', null, 'html', '1', '0'),
('107', 'INFO_CACHE_TIME', '0', null, 'html', '1', '0'),
('108', 'AUTO_DEL_ENABLE', '1', null, 'other', '1', '0'),
('109', 'AUTO_UPLOAD_ENABLE', '1', null, 'other', '1', '0'),
('110', 'DEL_LINK_ENABLE', '1', null, 'other', '1', '0'),
('111', 'ALLOW_LINK', '', null, 'other', '1', '0'),
('112', 'WATER_ENABLE', '0', null, 'water', '1', '0'),
('113', 'MEMBER_LOGIN_VERIFYCODE', '1', null, 'reg', '1', '0'),
('114', 'ORDER_VERIFYCODE', '1', null, 'order', '1', '0'),
('115', 'THUMB_ENABLE', '0', null, 'thumb', '1', '0'),
('116', 'THUMB_WATER_ENABLE', '0', null, 'thumb', '1', '0'),
('117', 'THUMB_TYPE', '2', null, 'thumb', '1', '0'),
('118', 'THUMB_WIDTH', '160', null, 'thumb', '1', '0'),
('119', 'THUMB_HEIGHT', '160', null, 'thumb', '1', '0'),
('120', 'WATER_TYPE', '2', null, 'water', '1', '0'),
('121', 'WATER_TEXT', '', null, 'water', '1', '0'),
('122', 'WATER_FONT', 'simkai.ttf', null, 'water', '1', '0'),
('123', 'WATER_TEXT_SIZE', '12', null, 'water', '1', '0'),
('124', 'WATER_TEXT_COLOR', '#FF0000', null, 'water', '1', '0'),
('125', 'WATER_TEXT_ANGLE', '0', null, 'water', '1', '0'),
('126', 'WATER_POSITION', '9', null, 'water', '1', '0'),
('127', 'THUMB_FIRST', '1', null, 'thumb', '1', '0'),
('128', 'WAP_AUTO_REDIRECT', '0', null, 'wap', '1', '0'),
('129', 'WAP_PC_ACCESS', '0', null, 'wap', '1', '0'),
('130', 'WAP_LOGO', '', null, 'wap', '1', '0'),
('131', 'LANG_AUTO_DETECT', '1', null, 'core', '1', '0'),
('132', 'DEFAULT_LANG', 'cn', null, 'core', '1', '0'),
('133', 'EMAIL_SENDER', '', null, 'basic', '1', '1'),
('134', 'EMAIL_ACCOUNT', '', null, 'basic', '1', '1'),
('135', 'EMAIL_SMTP', '', null, 'basic', '1', '1'),
('136', 'EMAIL_PASSWORD', '', null, 'basic', '1', '1'),
('137', 'EMAIL_BODY', '您好，{$MemberName}!感谢您注册成为{$WebName}会员。\r\n请点击以下链接激活会员帐号:\r\n{$Activate}', null, 'reg', '1', '1'),
('138', 'EMAIL_BODY', 'Hello，{$MemberName}!Welcome to register the member of {$WebName}.\r\nplease click the following url to activate:{$Activate}', null, 'reg', '1', '2'),
('139', 'EMAIL_SENDER', '', null, 'basic', '1', '2'),
('140', 'EMAIL_ACCOUNT', '', null, 'basic', '1', '2'),
('141', 'EMAIL_SMTP', '', null, 'basic', '1', '2'),
('142', 'EMAIL_PASSWORD', '', null, 'basic', '1', '2'),
('143', 'ORDER_EMAIL', '0', null, 'order', '1', '0'),
('144', 'ORDER_EMAIL_BODY', '', null, 'order', '1', '0'),
('146', 'MEMBER_ENABLE', '1', null, 'reg', '1', '0'),
('147', 'GUEST_BOOK_SENDEMAIL', '0', null, 'guestbook', '1', '0'),
('148', 'WX_TOKEN', '', null, 'wx', '1', '0'),
('149', 'WX_APP_ID', '', null, 'wx', '1', '0'),
('150', 'WX_APP_SECRET', '', null, 'wx', '1', '0'),
('151', 'COMMENT_PAGE_SIZE', '5', null, 'comment', '1', '0'),
('152', 'WX_LOGO', '', null, 'wx', '1', '0'),
('153', 'WX_NAME', '', null, 'wx', '1', '0'),
('154', 'WX_ORIGINAL_ID', '', null, 'wx', '1', '0'),
('155', 'WX_ID', '', null, 'wx', '1', '0'),
('156', 'WX_DESCRIPTION', '', null, 'wx', '1', '0'),
('157', 'WX_QRCODE', '', null, 'wx', '1', '0'),
('158', 'WAP_STATUS', '1', null, 'wap', '1', '0'),
('159','WX_SAVE_MSG','1',NULL,'wx','1','0'),
('160','GUEST_BOOK_EMAIL','',NULL,'guestbook','1','0'),
('161','GUEST_BOOK_EMAIL_TITLE','网站留言提醒',NULL,'guestbook','1','0'),
('162','GUEST_BOOK_EMAIL_BODY','',NULL,'guestbook','1','0'),
('163','ORDER_EMAIL_TITLE','订购通知',NULL,'order','1','0'),
('164','FEEDBACK_VERIFYCODE','0',NULL,'guestbook','1','0'),
('165','FEEDBACK_SENDEMAIL','0',NULL,'guestbook','1','0'),
('166','FEEDBACK_EMAIL','',NULL,'guestbook','1','0'),
('167','FEEDBACK_EMAIL_TITLE','网站反馈通知邮件',NULL,'guestbook','1','0'),
('168','FEEDBACK_CHECK','0',NULL,'guestbook','1','0'),
('169', 'WEB_ICON', '', null, 'basic', '1', '0');


INSERT INTO `youdian_channel_model` VALUES 
('1', '频道信息', '1', 'youdian_channel', '', '0', '1'),
('2', '专题信息', '2', 'youdian_special', null, '1', '1'),
('3', '幻 灯 片', '3', 'youdian_banner', null, '1', '1'),
('4', '在线客服', '4', 'youdian_support', null, '1', '1'),
('5', '第三方在线客服', '5', 'youdian_support3', null, '1', '1'),
('6', '在线留言', '6', 'youdian_guestbook', null, '1', '1'),
('7', '人才招聘', '7', 'youdian_recruit', null, '1', '1'),
('8', '信息评论', '8', 'youdian_comment', null, '1', '1'),
('9', '友情链接分类', '5', 'youdian_link_class', null, '1', '1'),
('10', '友情链接', '9', 'youdian_link', null, '1', '1'),
('11', '广告信息', '10', 'youdian_ad', null, '1', '1'),
('12', '会员分组', '11', 'youdian_member_group', null, '1', '1'),
('13', '会员信息', '13', 'youdian_member', null, '0', '1'),
('14', '管理员信息', '14', 'youdian_admin', null, '1', '1'),
('15', '管理员组', '15', 'youdian_admin_group', null, '1', '1'),
('16', '修改模板', '16', null, null, '1', '1'),
('17', '自定义标签', '17', 'youdian_tag', null, '1', '1'),
('18', '属性标记', '18', 'youdian_label', null, '1', '1'),
('19', '模型管理', '19', 'youdian_channel_model', null, '1', '1'),
('20', '字段管理', '20', 'youdian_attribute', null, '1', '1'),
('21', '字段分组管理', '21', 'youdian_attribute', null, '1', '1'),
('22', '幻灯分组管理', '22', 'youdian_banner_group', null, '1', '1'),
('23', '邮件订阅分类', '23', 'youdian_mail_class', null, '1', '1'),
('24', '邮件管理', '24', 'youdian_mail', null, '1', '1'),
('25', '邮件群发管理', '25', 'youdian_mail_send', null, '1', '1'),
('26','订单模型','26','youdian_order',NULL,'1','1'),
('30', '文章模型', '30', 'youdian_info', '', '0', '1'),
('31', '图片模型', '31', 'youdian_info', null, '0', '1'),
('32', '单页模型', '32', 'youdian_channel', null, '0', '1'),
('33', '链接模型', '33', 'youdian_info', null, '0', '1'),
('34', '视频模型', '34', 'youdian_info', '', '0', '1'),
('35', '下载模型', '35', 'youdian_info', '', '0', '1'),
('36', '产品模型', '36', 'youdian_info', '', '0', '1'),
('37', '反馈模型', '37', null, '', '0', '1'),
('38', '保留模型3', '38', null, '系统保留使用，建议不要自定义', '0', '0'),
('39', '保留模型4', '39', null, '系统保留使用，建议不要自定义', '0', '0');


INSERT INTO `youdian_channel` VALUES
('1', '0', '0', '首页', '', '', '', '33', '_self', '', '1', '', '', '', '', 'index', '', '20', '0', 'index.html', '', '1', '1', '1', '1', '1', '1', null, null, null, null, '0'),
('2', '0', '0', 'Home', '', '', '', '33', '_self', '', '0', '', '', '', '', 'index', null, '20', '0', 'index.html', 'read.html', '1', '1', '1', '1', '1', '2', null, null, null, null, '0'),
('4', '0', '0', 'Job', 'job', '', '', '33', '_self', '', '0', '', '', '', '', 'job', '', '20', '7', 'job.html', '', '1', '1', '1', '1', '1', '2', null, null, null, null, '0'),
('5', '0', '0', 'Guestbook', '', '', '', '33', '_self', '', '0', '', '', '', '', 'guestbook', null, '20', '8', 'guestbook.html', '', '1', '1', '1', '1', '1', '2', null, null, null, null, '0'),
('8', '0', '0', '人才招聘', '', '', '', '33', '_self', '', '1', '', '', '', '', 'job', '', '20', '6', 'job.html', '', '1', '1', '1', '1', '1', '1', null, null, null, null, '0'),
('9', '0', '0', '在线留言', '', '', '', '33', '_self', '', '1', '', '', '', '', 'guestbook', null, '10', '18', 'guestbook.html', '', '1', '1', '1', '1', '1', '1', null, null, null, null, '0'),
('10', '0', '0', '投递简历', '', null, null, '33', '_self', null, '0', null, null, null, null, 'resume', null, '20', '20', 'resume.html', '', '1', '1', '0', '1', '1', '1', null, null, null, null, '0'),
('11', '0', '0', 'Resume', '', '', '', '33', '_self', '', '0', '', '', '', '', 'resume', null, '20', '20', 'resume.html', '', '1', '1', '0', '1', '1', '2', null, null, null, null, '0');


INSERT INTO `youdian_banner_group` VALUES 
('1', '首页幻灯分组', '4', '1', '1'),
('2', 'banner group of home', '0', '1', '2');


INSERT INTO `youdian_ad_type` VALUES 
('1', '图片广告'),
('2', 'Flash广告'),
('3', '漂浮广告'),
('4', '代码广告'),
('5', '对联广告');

INSERT INTO `youdian_admin` VALUES 
('1', 'admin', '1', '1', 'ed9f2df6c3b16155f6981c23a99afc9e', '2013-07-27 09:50:44', '0.0.0.0', '0', '1');


INSERT INTO `youdian_admin_group` VALUES 
('1', '超级管理组', '超级管理组拥有所有权限', null, null, null, null, null, '1'),
('2', '频道管理员', '', '8,74', '1,2,3,8', '5,3', '33,15,17,18,19,55,20,21,22,23,24,25,26,27,28,29,32,30,31,53', '34,35,37,40,41,43,47,48,50,51,52,54', '0');


INSERT INTO `youdian_member_group` VALUES 
('1', '注册会员', '1', '9,10,12,11', '15,16,17', '63,65,67,79,89', '15,17,18,19,55,20,21,22', null, '1'),
('2', 'VIP会员', '1', '9,10,12,11', '15,16,17', '63,65,67,79,89', '33,15,17,18,19,55,20,21,22,23,24,25,26,27,28,29', null, '1');


INSERT INTO `youdian_member` VALUES 
('1', '1', 'admin', '0', '', '', '1989-09-22', '', '410000', 'xx@qq.com', '400-699-1720', '', '', '网站在哪个公司做的', '', '2013-06-27 18:37:04', '', '2012-08-23 20:41:34', '1', '0', '1', '', '', '','','',null, null, null, null, null,null);


INSERT INTO `youdian_attribute` VALUES
('2', '1', 'Parent', 'int', '所属频道', 'channelselect', '0', '', null, null, '', null, null, null, '22', '0', '1', '1'),
('3', '1', 'Child', 'varchar', '子类频道', 'select', '50', '270px', null, null, '', null, null, null, '22', '0', '0', '0'),
('4', '1', 'ChannelName', 'varchar', '频道名称', 'text', '1', '270px', null, 'textinput', null, '', null, null, '22', '1', '1', '0'),
('5', '1', 'ChannelSName', 'varchar', '简短名称', 'text', '8', '270px', '', 'textinput', '', '如：新闻、图片、文章等', '0', '', '22', '0', '1', '0'),
('6', '1', 'ChannelContent', 'text', '详细内容', 'editor', '5', '100%', '300px', null, null, null, null, null, '24', '0', '1', '0'),
('7', '1', 'ChannelSContent', 'text', '简短内容', 'textarea', '4', '100%', '65px', null, null, null, null, null, '24', '0', '1', '0'),
('8', '1', 'ChannelModelID', 'int', '频道模型', 'modelselect', '3', '', '', null, null, null, null, null, '22', '0', '1', '0'),
('9', '1', 'ChannelTarget', 'varchar', '链接目标', 'select', '7', null, null, null, '_self|当前窗口_self\r\n_blank|新窗口_blank', '', null, null, '22', '0', '1', '0'),
('10', '1', 'HasPicture', 'int', '是否启用代表图片', 'radio', '2', null, null, null, '1|启用|1\r\n0|禁用', null, null, null, '24', '0', '0', '0'),
('11', '1', 'ChannelPicture', 'varchar', '频道代表图片', 'image', '2', '100%', null, 'textinput', null, null, null, null, '24', '0', '1', '0'),
('12', '1', 'Keywords', 'varchar', '页面关键词Keywords', 'text', '12', '100%', null, 'textinput', null, '设置页面关键词，留空表示继承上级频道设置！建议在多个关键词之间以英文逗号","分隔，并且最好不要超过100个字符！如：软件开发,网站建设', null, null, '23', '0', '1', '1'),
('13', '1', 'Description', 'varchar(512)', '页面描述Description', 'textarea', '13', '100%', null, null, null, '设置页面描述，留空表示继承上级频道设置！建议不要超过200个字符！', null, null, '23', '0', '1', '1'),
('14', '1', 'PageSize', 'int', '分页条数', 'text', '10', '270px', null, 'textinput', '20', null, null, null, '22', '0', '1', '0'),
('15', '1', 'ChannelOrder', 'int', '频道排序', 'text', '9', '270px', null, 'textinput', '0', '请输入数字，值越小排名越靠前！', null, null, '22', '0', '1', '0'),
('16', '1', 'IndexTemplate', 'varchar', '频道首页模板', 'text', '5', '270px', null, 'textinput', 'article.html', '请输入模板文件名称，以html为扩展名！如：article.html', null, null, '22', '0', '1', '0'),
('17', '1', 'ReadTemplate', 'varchar', '频道阅读模板', 'text', '6', '270px', null, 'textinput', 'showarticle.html', '请输入模板文件名称，以html为扩展名！如：showarticle.html', null, null, '22', '0', '1', '0'),
('18', '1', 'IsEnable', 'int', '是否启用频道', 'radio', '18', null, null, null, '1|启用|1\r\n0|禁用', null, null, null, '22', '0', '1', '0'),
('19', '1', 'IsLock', 'int', '频道是否锁定', 'radio', '17', null, null, null, '1|锁定\r\n0|不锁定|1', null, null, null, '22', '0', '1', '0'),
('20', '1', 'IsShow', 'int', '频道是否显示', 'radio', '16', null, null, null, '1|显示|1\r\n0|隐藏', null, null, null, '22', '0', '1', '0'),
('21', '1', 'IsSystem', 'int', '是否是系统频道', 'radio', '21', null, null, null, '1|是|1\r\n0|否', null, null, null, '22', '0', '0', '0'),
('22', '1', null, null, '基本信息', null, '1', null, null, null, null, null, null, null, '0', '0', '1', '0'),
('23', '1', null, null, '搜索引擎优化设置', null, '2', null, null, null, null, null, null, null, '0', '0', '1', '0'),
('24', '1', null, null, '频道内容', null, '3', null, null, null, null, null, null, null, '0', '0', '1', '0'),
('25', '2', 'SpecialID', 'int', '专题编号', 'text', '1', '270px', null, 'textinput', null, null, null, null, '30', '0', '2', '0'),
('26', '2', 'ChannelID', 'int', '所属频道', 'channelselect', '2', null, null, null, '所有频道', null, null, null, '30', '0', '1', '0'),
('27', '2', 'SpecialName', 'varchar', '专题名称', 'text', '3', '270px', null, 'textinput', null, null, null, null, '30', '1', '1', '0'),
('28', '2', 'SpecialDescription', 'varchar', '专题描述', 'textarea', '5', '100%', '100px', null, null, null, null, null, '30', '0', '1', '0'),
('29', '2', 'IsEnable', 'int', '是否启用', 'radio', '6', null, null, null, '1|启用|1\r\n0|禁用', null, null, null, '30', '0', '1', '0'),
('30', '2', null, null, '专题信息', null, null, null, null, null, null, null, null, null, '0', '0', '1', '0'),
('31', '2', 'SpecialOrder', 'int', '专题排序', 'text', '4', null, null, 'textinput', '0', '请输入数字，值越小排名越靠前！', null, null, '30', '0', '1', '0'),
('32', '30', 'InfoID', 'int', '信息ID', 'text', '1', '', '', 'textinput', '', '', '0', '', '54', '0', '0', '1'),
('33', '30', 'ChannelID', 'int', '所属频道', 'channelselect', '2', null, null, null, null, null, null, null, '54', '0', '1', '1'),
('34', '30', 'SpecialID', 'varchar', '所属专题', 'specialselect', '3', null, null, null, null, null, null, null, '54', '0', '1', '1'),
('35', '30', 'InfoTitle', 'varchar', '文章标题', 'text', '4', '50%', '', 'textinput', '', '', '0', '', '54', '1', '1', '1'),
('36', '30', 'InfoSContent', 'varchar', '简短内容', 'textarea', '7', '100%', '70px', null, null, null, null, null, '54', '0', '1', '0'),
('37', '30', 'InfoContent', 'varchar', '详细内容', 'editor', '8', '100%', '400px', null, null, null, null, null, '54', '0', '1', '0'),
('38', '30', 'HasPicture', 'int', '是否启用代表图片', 'radio', '5', '', '', '', '1|启用\n0|禁用|1', '', '0', '', '54', '0', '0', '0'),
('39', '30', 'InfoPicture', 'varchar(255)', '缩略图', 'image', '6', '100%', null, 'textinput', null, null, null, null, '54', '0', '1', '0'),
('40', '30', 'ReadLevel', 'varchar(255)', '阅读权限', 'membergroupcheckbox', '20', '', '', 'textinput', '', '不勾选则继承所属频道的阅读权限！启用Html静态缓存后无效', '0', '', '55', '0', '1', '1'),
('41', '30', 'InfoAttachment', 'varchar(255)', '附件', 'attachment', '11', '50%', null, 'textinput', null, '', null, null, '55', '0', '1', '0'),
('42', '30', 'HasAttachment', 'int', '是否启用附件', 'radio', '10', '', '', '', '1|启用\n0|禁用|1', '', '0', '', '55', '0', '0', '0'),
('43', '30', 'IsLinkUrl', 'int', '是否是转向链接', 'radio', '12', '', '', '', '1|是\n0|否|1', '', '0', '', '55', '0', '0', '1'),
('44', '30', 'LinkUrl', 'varchar(255)', '转向链接', 'text', '13', '270px', '', 'textinput', '', '请输入转向链接地址！如：http://www.baidu.cn', '0', '', '55', '0', '1', '0'),
('45', '30', 'Keywords', 'varchar', '页面关键词Keywords', 'text', '1', '100%', null, 'textinput', null, '设置页面关键词，留空表示继承上级频道设置！建议在多个关键词之间以英文逗号","分隔，并且最好不要超过100个字符！如：软件开发,网站建设', null, null, '56', '0', '1', '1'),
('46', '30', 'Description', 'varchar(512)', '页面描述Description', 'textarea', '2', '100%', null, null, null, '设置页面描述，留空表示继承上级频道设置！建议不要超过200个字符！', null, null, '56', '0', '1', '1'),
('47', '30', 'InfoOrder', 'int', '排序', 'text', '16', null, null, 'textinput', '0', '请输入数字，值越小排名越靠前！', null, null, '55', '0', '1', '1'),
('48', '30', 'InfoTime', 'datetime', '发表时间', 'datetime', '19', '', null, 'textinput', null, null, null, null, '55', '0', '1', '0'),
('49', '30', 'InfoAuthor', 'varchar', '作者', 'text', '18', '270px', null, 'textinput', null, null, null, null, '55', '0', '0', '0'),
('51', '30', 'InfoHit', 'int', '点击次数', 'text', '19', '', null, 'textinput', '0', null, null, null, '55', '0', '1', '1'),
('52', '30', 'InfoFrom', 'varchar', '来源', 'text', '18', null, null, 'textinput', null, null, null, null, '55', '0', '1', '0'),
('53', '30', 'IsEnable', 'int', '是否启用', 'radio', '23', null, null, null, '1|启用|1\r\n0|禁用', null, null, null, '55', '0', '1', '1'),
('54', '30', null, null, '基本信息', null, '0', null, null, null, null, null, null, null, '0', '0', '1', '0'),
('55', '30', null, null, '其它信息', null, '3', null, null, null, null, null, null, null, '0', '0', '1', '0'),
('56', '30', null, null, '搜索引擎优化设置', null, '1', null, null, null, null, null, null, null, '0', '0', '1', '1'),
('57', '32', null, null, '基本信息', null, '1', null, null, null, null, null, null, null, '0', '0', '1', '0'),
('58', '32', null, null, '搜索引擎优化设置', null, '2', null, null, null, null, null, null, null, '0', '0', '1', '0'),
('59', '32', 'ChannelContent', 'varchar', '详细内容', 'editor', '3', '100%', '300px', null, null, null, null, null, '57', '0', '1', '0'),
('60', '32', 'Keywords', 'varchar', '页面关键字Keywords', 'text', '2', '100%', null, 'textinput', null, '设置页面关键词，留空表示继承上级频道设置！建议在多个关键词之间以英文逗号","分隔，并且最好不要超过100个字符！如：软件开发,网站建设', null, null, '58', '0', '1', '1'),
('61', '32', 'Description', 'varchar(512)', '页面描述Description', 'textarea', '3', '100%', null, 'textinput', null, '设置页面描述，留空表示继承上级频道设置！建议不要超过200个字符！', null, null, '58', '0', '1', '1'),
('62', '32', 'HasPicture', 'int', '是否启用代表图片', 'radio', '2', '', null, '', '1|启用\r\n0|禁用|1', null, null, null, '57', '0', '0', '0'),
('63', '32', 'ChannelPicture', 'varchar', '代表图片', 'image', '1', '100%', null, 'textinput', '', null, null, null, '57', '0', '1', '0'),
('64', '31', null, null, '基本信息', null, '1', null, null, null, null, null, null, null, '0', '0', '1', '0'),
('65', '31', null, null, '搜索引擎优化设置', null, '2', null, null, null, null, null, null, null, '0', '0', '1', '1'),
('66', '31', null, null, '其它信息', null, '3', null, null, null, null, null, null, null, '0', '0', '1', '1'),
('67', '31', 'InfoID', 'int', '信息ID', 'text', '1', '', '', 'textinput', '', '', null, '', '64', '0', '0', '1'),
('68', '31', 'ChannelID', 'int', '所属频道', 'channelselect', '2', '', '', '', '', '', null, '', '64', '0', '1', '1'),
('69', '31', 'SpecialID', 'varchar', '所属专题', 'specialselect', '3', '', '', '', '', '', null, '', '64', '0', '1', '1'),
('70', '31', 'InfoTitle', 'varchar', '图片标题', 'text', '4', '50%', '', 'textinput', '', '', '0', '', '64', '1', '1', '1'),
('71', '31', 'InfoSContent', 'varchar', '简短内容', 'textarea', '7', '100%', '70px', '', '', '', '0', '', '64', '0', '1', '0'),
('72', '31', 'InfoContent', 'varchar', '详细内容', 'editor', '8', '100%', '400px', '', '', '', null, '', '64', '0', '1', '0'),
('73', '31', 'HasPicture', 'int', '是否启用代表图片', 'radio', '5', '', '', '', '1|启用\r\n0|禁用|1', null, null, null, '64', '0', '0', '0'),
('74', '31', 'InfoPicture', 'varchar(255)', '缩略图', 'image', '6', '100%', '', 'textinput', '', '', null, '', '64', '0', '1', '0'),
('75', '31', 'ReadLevel', 'varchar(255)', '阅读权限', 'membergroupcheckbox', '7', '', '', 'textinput', '', '不勾选则继承所属频道的阅读权限！启用Html静态缓存后无效', '0', '', '66', '0', '1', '1'),
('76', '31', 'InfoAttachment', 'varchar(255)', '附件', 'attachment', '1', '50%', '', 'textinput', '', '', null, '', '66', '0', '1', '0'),
('77', '31', 'HasAttachment', 'int', '是否启用附件', 'radio', '1', '', '', '', '1|启用|1\n0|禁用', '', '0', '', '66', '0', '0', '0'),
('78', '31', 'InfoAuthor', 'varchar', '作者', 'text', '4', '270px', '', 'textinput', '', '', null, '', '66', '0', '0', '0'),
('79', '31', 'IsLinkUrl', 'int', '是否是转向链接', 'radio', '2', '', '', '', '1|是\n0|否|1', '', '0', '', '66', '0', '0', '1'),
('80', '31', 'InfoHit', 'int', '点击次数', 'text', '5', '', '', 'textinput', '0', '', null, '', '66', '0', '1', '1'),
('81', '31', 'LinkUrl', 'varchar(255)', '转向链接', 'text', '2', '270px', '', 'textinput', '', '请输入转向链接地址！如：http://www.baidu.com', '0', '', '66', '0', '1', '0'),
('82', '31', 'Keywords', 'varchar', '页面关键词 Keywords', 'text', '1', '100%', '', 'textinput', '', '设置页面关键词，留空表示继承上级频道设置！建议在多个关键词之间以英文逗号","分隔，并且最好不要超过100个字符！如：软件开发,网站建设', null, '', '65', '0', '1', '1'),
('83', '31', 'Description', 'varchar(512)', '页面描述 Description', 'textarea', '2', '100%', '', '', '', '设置页面描述，留空表示继承上级频道设置！建议不要超过200个字符！', null, '', '65', '0', '1', '1'),
('85', '31', 'InfoTime', 'datetime', '发表时间', 'datetime', '6', '', '', 'textinput', '', '', null, '', '66', '0', '1', '0'),
('86', '31', 'IsEnable', 'int', '是否启用', 'radio', '29', '', '', '', '1|启用|1\r\n0|禁用', null, null, null, '66', '0', '1', '1'),
('87', '31', 'InfoOrder', 'int', '排序', 'text', '3', '', '', 'textinput', '0', '请输入数字，值越小排名越靠前！', null, '', '66', '0', '1', '1'),
('88', '30', 'LabelID', 'varchar', '属性', 'labelcheckbox', '21', null, null, null, null, null, null, null, '55', '0', '1', '1'),
('89', '31', 'LabelID', 'varchar', '属性', 'labelcheckbox', '8', '', '', '', '', '', null, '', '66', '0', '1', '1'),
('90', '1', 'LinkUrl', 'varchar(255)', '转向链接', 'text', '14', '270px', null, 'textinput', null, '如：http://www.baidu.com。频道模型为"链接模型"时有效！', null, null, '22', '0', '1', '0'),
('91', '33', 'ChannelTarget', 'varchar', '链接目标', 'select', '2', '', '', '', '_self|当前窗口_self\r\n_blank|新窗口_blank', null, null, null, '93', '0', '1', '0'),
('92', '33', 'LinkUrl', 'varchar(255)', '转向链接', 'text', '3', '270px', null, 'textinput', null, null, null, null, '93', '0', '1', '0'),
('93', '33', null, null, '基本信息', null, '1', null, null, null, null, null, null, null, '0', '0', '1', '0'),
('94', '33', 'ChannelName', 'varchar', '频道名称', 'text', '1', '270px', '', 'textinput', '', '', null, '', '93', '1', '1', '0'),
('95', '3', 'BannerID', 'int', '幻灯片编号', 'text', '1', '270px', null, 'textinput', null, null, null, null, '101', '0', '0', '0'),
('96', '3', 'BannerName', 'varchar', '幻灯片名称', 'text', '2', '420px', null, 'textinput', null, null, null, null, '101', '0', '1', '0'),
('97', '3', 'BannerImage', 'varchar', '幻灯图片', 'image', '4', '420px', null, 'textinput', null, null, null, null, '101', '0', '1', '0'),
('98', '3', 'BannerUrl', 'varchar', '链接地址', 'text', '5', '420px', null, 'textinput', null, null, null, null, '101', '0', '1', '0'),
('99', '3', 'BannerOrder', 'int', '幻灯片排序', 'text', '6', '100px', null, 'textinput', '0', '请输入数字，值越小排名越靠前！', null, null, '101', '0', '1', '0'),
('100', '3', 'IsEnable', 'int', '是否启用', 'radio', '7', null, null, null, '1|启用|1\r\n0|禁用', null, null, null, '101', '0', '1', '0'),
('101', '3', null, null, '基本信息', null, null, null, null, null, null, null, null, null, '0', '0', '1', '0'),
('102', '4', null, null, '基本信息', null, null, null, null, null, null, null, null, null, '0', '0', '1', '0'),
('103', '4', 'SupportID', 'int', '客服编号', 'text', '1', '270px', null, 'textinput', null, null, null, null, '102', '0', '0', '0'),
('104', '4', 'SupportName', 'varchar', '客服名称', 'text', '2', '270px', null, 'textinput', null, null, null, null, '102', '1', '1', '0'),
('105', '4', 'SupportTypeID', 'int', '客服类型', 'supporttypeselect', '3', null, null, '', null, null, null, null, '102', '0', '1', '0'),
('106', '4', 'SupportNumber', 'varchar', '客服号码', 'text', '4', '270px', null, 'textinput', null, null, null, null, '102', '0', '1', '0'),
('107', '4', 'SupportOrder', 'int', '客服排序', 'text', '5', '100px', null, 'textinput', '0', '请输入数字，值越小排名越靠前！', null, null, '102', '0', '1', '0'),
('108', '4', 'IsEnable', 'int', '是否启用', 'radio', '6', null, null, null, '1|启用|1\r\n0|禁用', null, null, null, '102', '0', '1', '0'),
('109', '5', '', '', '基本信息', 'text', null, null, null, null, null, null, null, null, '0', '0', '1', '0'),
('110', '5', 'Support3ID', 'text', '第三方客服编号', 'text', '1', null, null, 'textinput', null, null, null, null, '109', '0', '0', '0'),
('111', '5', 'Support3Js', 'int', '第三方客服Js脚本', 'textarea', '2', '100%', '300px', 'textinput', null, null, null, null, '109', '0', '1', '0'),
('112', '5', 'IsEnable', 'int', '是否启用', 'radio', '3', null, null, null, '1|启用|1\r\n0|禁用', null, null, null, '109', '0', '1', '0'),
('113', '9', 'LinkClassID', 'int', '友情链接分类编号', 'text', '1', '270px', null, 'textinput', null, null, null, null, '117', '0', '0', '0'),
('114', '9', 'LinkClassName', 'varchar', '友情链接分类名称', 'text', '2', '270px', null, 'textinput', null, null, null, null, '117', '1', '1', '0'),
('115', '9', 'LinkClassOrder', 'int', '友情链接分类排序', 'text', '3', '270px', null, 'textinput', '0', '请输入数字，值越小排名越靠前！', null, null, '117', '0', '1', '0'),
('117', '9', null, null, '基本信息', null, null, null, null, null, null, null, null, null, '0', '0', '1', '0'),
('118', '10', null, null, '基本信息', null, null, null, null, null, null, null, null, null, '0', '0', '1', '0'),
('119', '10', 'LinkID', 'int', '友情链接编号', 'text', '1', '270px', null, 'textinput', null, null, null, null, '118', '0', '0', '0'),
('120', '10', 'LinkClassID', 'int', '链接分类', 'linkclassselect', '3', null, null, null, null, null, null, null, '118', '0', '1', '0'),
('121', '10', 'LinkType', 'int', '链接类型', 'radio', '1', null, null, null, '1|文字|1\r\n2|图片', null, null, null, '118', '0', '1', '0'),
('122', '10', 'LinkUrl', 'varchar(255)', '链接地址', 'text', '3', '270px', null, 'textinput', null, null, null, null, '118', '0', '1', '0'),
('123', '10', 'LinkOrder', 'int', '链接排序', 'text', '7', '100px', null, 'textinput', '0', '请输入数字，值越小排名越靠前！', null, null, '118', '0', '1', '0'),
('124', '10', 'IsEnable', 'int', '是否启用', 'radio', '9', null, null, null, '1|启用|1\r\n0|禁用', null, null, null, '118', '0', '1', '0'),
('125', '10', 'LinkName', 'varchar', '链接名称', 'text', '2', '270px', null, 'textinput', null, null, null, null, '118', '1', '1', '0'),
('126', '10', 'LinkLogo', 'varchar', '链接Logo', 'image', '4', '420px', null, 'textinput', null, '鼠标移动到文本框可以预览Logo', null, null, '118', '0', '1', '0'),
('127', '10', 'LinkDescription', 'varchar', '链接描述', 'textarea', '8', '100%', '100px', 'textinput', null, null, null, null, '118', '0', '1', '0'),
('128', '7', null, null, '招聘信息', null, null, null, null, null, null, null, null, null, '0', '0', '1', '0'),
('129', '7', 'JobID', 'int', '招聘编号', 'text', '1', '192px', null, 'textinput', null, null, null, null, '128', '0', '0', '0'),
('130', '7', 'JobName', 'varchar', '职位名称', 'text', '2', '192px', null, 'textinput', null, null, null, null, '128', '1', '1', '0'),
('131', '7', 'Education', 'varchar', '学位要求', 'text', '3', '192px', null, 'textinput', null, null, null, null, '128', '0', '1', '0'),
('132', '7', 'Gender', 'varchar', '性别要求', 'text', '4', '192px', null, 'textinput', '', null, null, null, '128', '0', '1', '0'),
('133', '7', 'Age', 'varchar', '年龄要求', 'text', '5', '192px', null, 'textinput', null, null, null, null, '128', '0', '1', '0'),
('134', '7', 'Salary', 'varchar', '薪水', 'text', '6', '192px', null, 'textinput', null, null, null, null, '128', '0', '1', '0'),
('135', '7', 'Language', 'varchar', '语言要求', 'text', '7', '192px', null, 'textinput', null, null, null, null, '128', '0', '1', '0'),
('136', '7', 'Number', 'varchar', '招聘人数', 'text', '8', '192px', null, 'textinput', null, null, null, null, '128', '0', '1', '0'),
('137', '7', 'Workplace', 'varchar', '工作地点', 'text', '9', '192px', null, 'textinput', null, null, null, null, '128', '0', '1', '0'),
('138', '7', 'Expiration', 'varchar', '截至日期', 'text', '10', '192px', null, 'textinput', null, null, null, null, '128', '0', '1', '0'),
('139', '7', 'Requirement', 'varchar', '详细要求', 'editormini', '11', '100%', '250px', 'textinput', null, null, null, null, '128', '0', '1', '0'),
('140', '7', 'JobOrder', 'int', '职位排序', 'text', '12', '80px', null, 'textinput', '0', '请输入数字，值越小排名越靠前！', null, null, '128', '0', '1', '0'),
('141', '7', 'IsEnable', 'int', '是否启用', 'radio', '14', null, null, '', '1|启用|1\r\n0|禁用', null, null, null, '128', '0', '1', '0'),
('142', '7', 'Time', 'datetime', '发布时间', 'datetime', '13', '150px', null, 'textinput', null, null, null, null, '128', '0', '1', '0'),
('143', '8', 'CommentID', 'int', '评论编号', 'text', '1', '200px', null, 'textinput', null, null, null, null, '151', '0', '1', '0'),
('144', '8', 'InfoID', 'int', '信息ID', 'text', '2', '200px', null, 'textinput', null, null, null, null, '151', '0', '0', '1'),
('145', '8', 'GuestID', 'int', '评论人ID', 'text', '3', '200px', null, 'textinput', null, null, null, null, '151', '0', '1', '0'),
('146', '8', 'GuestName', 'varchar', '评论人', 'text', '4', '200px', null, 'textinput', null, null, null, null, '151', '0', '1', '0'),
('147', '8', 'GuestIP', 'varchar', '评论人IP', 'text', '5', '200px', null, 'textinput', null, null, null, null, '151', '0', '1', '0'),
('148', '8', 'CommentContent', 'varchar', '评论内容', 'textarea', '6', '200px', null, 'textinput', null, null, null, null, '151', '0', '1', '0'),
('149', '8', 'CommentTime', 'datetime', '评论时间', 'datetime', '7', '200px', null, 'textinput', null, null, null, null, '151', '0', '1', '0'),
('150', '8', 'IsCheck', 'int', '是否审核', 'radio', '8', null, null, null, '1|是|1\r\n0|否', null, null, null, '151', '0', '1', '0'),
('151', '8', '', null, '基本信息', null, null, null, null, null, null, null, null, null, '0', '0', '1', '0'),
('152', '11', null, null, '基本信息', null, null, null, null, null, null, null, null, null, '0', '0', '1', '0'),
('153', '11', 'AdID', 'int', '广告编号', 'text', '1', '200px', null, 'textinput', null, null, null, null, '152', '0', '0', '0'),
('154', '11', 'AdTypeID', 'int', '广告类型', 'adtyperadio', '2', '', null, null, null, null, null, null, '152', '0', '1', '0'),
('155', '11', 'AdName', 'varchar', '广告名称', 'text', '3', '550px', null, 'textinput', null, null, null, null, '152', '0', '1', '0'),
('156', '11', 'AdContent', 'varchar', '广告内容', 'image', '4', '550px', '180px', 'textinput', null, '对联广告2个图片以回车分开', null, null, '152', '0', '1', '0'),
('157', '11', 'AdUrl', 'varchar', '广告地址', 'text', '5', '550px', null, 'textinput', null, '广告地址以htttp://开头，对联广告url以逗号隔开。如：http://www.x1.com,http://www.x2.com', null, null, '152', '0', '1', '0'),
('158', '11', 'AdDescription', 'varchar', '广告描述', 'textarea', '6', '550px', null, 'textinput', null, null, null, null, '152', '0', '1', '0'),
('159', '11', 'AdTime', 'datetime', '发布时间', 'datetime', '7', '150px', null, 'textinput', null, null, null, null, '152', '0', '1', '0'),
('160', '11', 'IsEnable', 'int', '是否启用', 'radio', '8', null, null, null, '1|是|1\r\n0|否', null, null, null, '152', '0', '1', '0'),
('161', '12', null, null, '添加会员分组', null, null, null, null, null, null, null, null, null, '0', '0', '1', '0'),
('162', '12', 'MemberGroupID', 'int', '会员分组ID', 'text', '1', '200px', null, '', null, null, null, null, '161', '0', '0', '0'),
('163', '12', 'MemberGroupName', 'varchar', '会员分组名称', 'text', '2', '200px', null, 'textinput', null, null, null, null, '161', '1', '1', '0'),
('164', '12', 'MemberGroupRemark', 'varchar', '会员分组备注', 'text', '3', '200px', '', 'textinput', null, null, null, null, '161', '0', '1', '0'),
('165', '12', 'IsSystem', 'int', '是否是系统分组', 'radio', '4', null, null, null, null, null, null, null, '161', '0', '0', '0'),
('166', '13', null, null, '会员信息', null, '0', null, null, null, null, null, null, null, '0', '0', '1', '1'),
('167', '13', 'MemberID', 'int', '会员编号', 'text', '1', '120px', null, 'textinput', null, null, null, null, '166', '0', '0', '1'),
('168', '13', 'MemberGroupID', 'int', '会员分组', 'membergroupselect', '2', '', null, 'textinput', null, null, null, null, '166', '0', '1', '1'),
('169', '13', 'MemberName', 'varchar', '会员名称', 'text', '3', '120px', '', 'textinput', '', '', '0', '', '166', '1', '1', '1'),
('170', '13', 'MemberGender', 'int', '性别', 'radio', '4', null, null, null, '1|女\r\n0|男|1', null, null, null, '166', '0', '1', '1'),
('171', '13', 'MemberRealName', 'varchar', '真实姓名', 'text', '5', '120px', null, 'textinput', null, null, null, null, '166', '0', '1', '1'),
('172', '13', 'MemberPassword', 'varchar', '密码', 'text', '6', '200px', null, 'textinput', null, null, null, null, '166', '0', '0', '1'),
('173', '13', 'MemberBirthday', 'date', '生日', 'date', '7', '120px', null, 'textinput', null, null, null, null, '166', '0', '1', '1'),
('174', '13', 'MemberAddress', 'varchar', '联系地址', 'text', '15', '280px', null, 'textinput', null, null, null, null, '166', '0', '1', '1'),
('175', '13', 'MemberPostCode', 'varchar', '邮政编码', 'text', '9', '120px', null, 'textinput', null, null, null, null, '166', '0', '1', '1'),
('176', '13', 'MemberEmail', 'varchar', '电子邮件', 'text', '14', '180px', null, 'textinput', null, null, null, null, '166', '0', '1', '1'),
('177', '13', 'MemberTelephone', 'varchar', '电话', 'text', '11', '180px', null, 'textinput', null, null, null, null, '166', '0', '1', '1'),
('178', '13', 'MemberMobile', 'varchar', '移动电话', 'text', '12', '180px', null, 'textinput', null, null, null, null, '166', '0', '1', '1'),
('179', '13', 'MemberQQ', 'varchar', 'QQ', 'text', '14', '180px', null, 'textinput', null, null, null, null, '166', '0', '1', '1'),
('180', '13', 'MemberQuestion', 'varchar', '问题', 'text', '17', '280px', null, 'textinput', null, '如：我初中地理老师是谁？我爸爸叫什么名字？', null, null, '166', '0', '1', '1'),
('181', '13', 'MemberAnswer', 'varchar', '答案', 'text', '18', '280px', null, 'textinput', null, '找回密码的重要依据，认真填写并记牢！', null, null, '166', '0', '1', '1'),
('182', '13', 'IsCheck', 'int', '是否审核', 'radio', '41', null, null, null, '1|是|1\r\n0|否', null, null, null, '166', '0', '1', '1'),
('183', '13', 'LastLoginTime', 'datetime', '最后登录时间', 'label', '21', '150px', null, '', null, null, null, null, '166', '0', '1', '1'),
('184', '13', 'LastLoginIP', 'varchar', '最后登录IP', 'label', '20', '150px', null, '', null, null, null, null, '166', '0', '1', '1'),
('185', '13', 'RegisterTime', 'datetime', '注册时间', 'label', '22', '150px', null, '', null, null, null, null, '166', '0', '1', '1'),
('186', '13', 'IsLock', 'int', '是否锁定', 'radio', '40', null, null, null, '1|是\r\n0|否|1', null, null, null, '166', '0', '1', '1'),
('187', '13', 'IsSystem', 'int', '是否系统', 'radio', '42', null, null, null, null, null, null, null, '166', '0', '0', '1'),
('188', '15', 'AdminGroupID', 'int', '管理组ID', 'text', '1', '170px', null, 'textinput', null, null, null, null, '193', '0', '0', '0'),
('189', '15', 'AdminGroupName', 'varchar', '管理组名称', 'text', '2', '170px', null, 'textinput', null, null, null, null, '193', '1', '1', '0'),
('190', '15', 'AdminGroupRemark', 'varchar', '管理组备注', 'text', '3', '170px', '', 'textinput', null, null, null, null, '193', '0', '1', '0'),
('191', '15', 'MenuPurview', 'varchar', '管理组权限', 'text', '4', '150px', null, 'textinput', null, null, null, null, '193', '0', '0', '0'),
('192', '15', 'IsSystem', 'int', '是否是系统', 'radio', '5', null, null, '', '1|是\r\n0|否|1', null, null, null, '193', '0', '0', '0'),
('193', '15', null, null, '基本信息', null, null, null, null, null, null, null, null, null, '0', '0', '1', '0'),
('194', '14', null, null, '基本信息', null, null, null, null, null, null, null, null, null, '0', '0', '1', '0'),
('195', '14', 'AdminID', 'int', null, 'text', '1', null, null, null, null, null, null, null, '194', '0', '0', '0'),
('196', '14', 'AdminName', 'varchar', '管理员名称', 'text', '2', '200px', null, 'textinput', null, null, null, null, '194', '1', '1', '0'),
('197', '14', 'MemberID', 'int', null, 'text', '3', null, null, null, null, null, null, null, '194', '0', '0', '0'),
('198', '14', 'AdminGroupID', 'int', '管理组', 'admingroupselect', '4', '', null, null, null, null, null, null, '194', '0', '1', '0'),
('199', '14', 'AdminPassword', 'varchar', '密码', 'text', '5', null, null, 'textinput', null, null, null, null, '194', '0', '0', '0'),
('200', '14', 'LastLoginTime', 'varchar', '最后登录时间', 'label', '6', '200px', null, '', null, null, null, null, '194', '0', '1', '0'),
('201', '14', 'LastLoginIP', 'varchar', '最后登录IP', 'label', '7', '200px', null, '', null, null, null, null, '194', '0', '1', '0'),
('202', '14', 'IsLock', 'int', '是否锁定', 'radio', '8', null, null, null, '1|是\r\n0|否|1', null, null, null, '194', '0', '1', '0'),
('203', '14', 'IsSystem', 'int', '是否是系统', 'radio', '9', null, null, null, '1|是\r\n0|否|1', null, null, null, '194', '0', '0', '0'),
('204', '16', '', null, '模板文件', null, null, null, null, null, null, null, null, null, '0', '0', '1', '0'),
('205', '16', 'FileName', 'varchar', '文件名称', 'label', '1', null, null, null, null, null, null, null, '204', '0', '1', '0'),
('206', '16', 'FileContent', 'varchar', '文件内容', 'editor', '2', '100%', '500px', null, null, null, null, null, '204', '0', '1', '0'),
('207', '1', 'Title', 'varchar', '页面标题Title', 'text', '11', '100%', null, 'textinput', null, '设置页面标题，留空表示继承上级频道设置！建议在多个关键词之间以竖线"|"分隔，并且最好不要超过80个字符！如：软件开发|网站建设', null, null, '23', '0', '1', '1'),
('208', '30', 'Title', 'varchar', '页面标题Title', 'text', '0', '100%', '', 'textinput', '', '设置页面标题，留空表示继承上级频道设置！建议在多个关键词之间以竖线"|"分隔，并且最好不要超过80个字符！如：软件开发|网站建设', '0', '', '56', '0', '1', '1'),
('209', '31', 'Title', 'varchar', '页面标题Title', 'text', '0', '100%', null, 'textinput', null, '设置页面标题，留空表示继承上级频道设置！建议在多个关键词之间以竖线"|"分隔，并且最好不要超过80个字符！如：软件开发|网站建设', null, null, '65', '0', '1', '1'),
('210', '32', 'Title', 'varchar', '页面标题Title', 'text', '1', '100%', null, 'textinput', null, '设置页面标题，留空表示继承上级频道设置！建议在多个关键词之间以竖线"|"分隔，并且最好不要超过80个字符！如：软件开发|网站建设', null, null, '58', '0', '1', '1'),
('211', '17', 'TagID', 'int', '自定义标签ID', 'text', '0', null, null, null, null, null, null, null, '215', '0', '0', '0'),
('212', '17', 'TagName', 'varchar', '自定义标签名称', 'text', '1', '250px', null, 'textinput', null, '名称只能使用英文字母、数字，并且必须以英文字母开头，不能与系统标签同名，否则会覆盖系统标签。在前台通过{$标签名称}调用！', null, null, '215', '1', '1', '0'),
('213', '17', 'TagDescription', 'varchar', '自定义标签描述', 'text', '2', '100%', '', 'textinput', null, '', null, null, '215', '0', '1', '0'),
('214', '17', 'TagContent', 'varchar', '自定义标签内容', 'editormini', '3', '100%', '315px', 'textinput', null, '', null, null, '215', '0', '1', '0'),
('215', '17', null, null, '基本信息', null, null, null, null, null, null, null, null, null, '0', '0', '1', '0'),
('216', '17', 'IsEnable', 'int', '是否启用自定义标签', 'radio', '4', null, null, null, '1|启用|1\r\n0|禁用', null, null, null, '215', '0', '1', '0'),
('217', '18', 'LabelID', 'int', '属性标记编号', 'text', '1', null, null, null, null, null, null, null, '223', '0', '0', '0'),
('218', '18', 'LabelName', 'varchar', '属性标记名称', 'text', '2', '200px', null, 'textinput', null, null, null, null, '223', '1', '1', '0'),
('219', '18', 'ChannelModelID', 'int', '所属频道模型', 'modelselect', '3', '', null, '', null, null, null, null, '223', '0', '1', '0'),
('220', '18', 'LabelOrder', 'int', '属性标记排序', 'text', '4', '200px', null, 'textinput', '0', '请输入数字，值越小排名越靠前！', null, null, '223', '0', '1', '0'),
('221', '18', 'IsSystem', 'int', '是否是系统', 'radio', '5', null, null, null, null, null, null, null, '223', '0', '0', '0'),
('222', '18', 'IsEnable', 'int', '是否启用', 'radio', '6', null, null, null, '1|启用|1\r\n0|禁用', null, null, null, '223', '0', '1', '0'),
('223', '18', null, null, '基本信息', null, null, null, null, null, null, null, null, null, '0', '0', '1', '0'),
('224', '32', 'ChannelSContent', 'varchar', '简短内容', 'textarea', '2', '100%', '70px', 'textinput', null, null, null, null, '57', '0', '1', '0'),
('225', '1', 'Html', 'varchar', '静态页面名称', 'text', '1', '150px', null, 'textinput', null, '设置频道在前台页面显示的静态文件名称，无需添加扩展名，常常以频道名称拼音命名，<b>留空则取频道名称拼音首字母作为页面名称！</b>如：wangzhanjianshe', null, null, '23', '0', '1', '0'),
('226', '19', 'ChannelModelID', 'int', '频道模型编号', 'text', '0', '200px', null, 'textinput', null, null, null, null, '233', '0', '0', '0'),
('227', '19', 'ChannelModelName', 'varchar', '频道模型名称', 'text', '1', '200px', null, 'textinput', null, null, null, null, '233', '1', '1', '0'),
('228', '19', 'ChannelModelOrder', 'int', '频道模型排序', 'text', '2', '100px', null, 'textinput', '0', '请输入数字，值越小排名越靠前！', null, null, '233', '0', '1', '0'),
('229', '19', 'ChannelModelTable', 'varchar', '表名', 'text', '3', '200px', null, 'textinput', null, null, null, null, '233', '0', '0', '0'),
('230', '19', 'ChannelModelDescription', 'varchar', '频道模型描述', 'textarea', '4', '100%', '80px', 'textinput', null, null, null, null, '233', '0', '1', '0'),
('231', '19', 'IsSystem', 'int', '是否是系统', 'radio', '5', null, null, null, '1|是\r\n0|否|1', null, null, null, '233', '0', '0', '0'),
('232', '19', 'IsEnable', 'int', '是否是启用', 'radio', '6', null, null, null, '1|启用|1\r\n0|禁用', null, null, null, '233', '0', '1', '0'),
('233', '19', null, null, '基本信息', null, '0', null, null, null, null, null, null, null, '0', '0', '1', '0'),
('234', '20', null, null, '基本信息', null, '0', null, null, null, null, null, null, null, '0', '0', '1', '0'),
('235', '20', 'AttributeID', 'int', '属性编号', 'text', '1', '200px', null, 'textinput', null, null, null, null, '234', '0', '0', '0'),
('236', '20', 'ChannelModelID', 'int', '所属频道模型', 'label', '2', '', null, '', null, null, null, null, '234', '0', '1', '0'),
('237', '20', 'FieldName', 'varchar', '字段名称', 'label', '4', '', null, '', null, null, null, null, '234', '0', '1', '0'),
('238', '20', 'FieldType', 'varchar', '字段类型', 'label', '5', '200px', null, '', null, null, null, null, '234', '0', '1', '0'),
('239', '20', 'DisplayName', 'varchar', '显示名称', 'text', '6', '200px', null, 'textinput', null, null, null, null, '234', '0', '1', '0'),
('240', '20', 'DisplayType', 'varchar', '显示类型', 'displaytypeselect', '7', '', null, 'textinput', null, null, null, null, '234', '0', '1', '0'),
('241', '20', 'DisplayOrder', 'int', '排序', 'text', '8', '100px', null, 'textinput', '0', '请输入数字，值越小排名越靠前！', null, null, '234', '0', '1', '0'),
('242', '20', 'DisplayWidth', 'varchar', '宽度', 'text', '9', '100px', null, 'textinput', null, null, null, null, '234', '0', '1', '0'),
('243', '20', 'DisplayHeight', 'varchar', '高度', 'text', '10', '100px', null, 'textinput', null, null, null, null, '234', '0', '1', '0'),
('244', '20', 'DisplayClass', 'varchar', '样式表类', 'text', '11', '100px', null, 'textinput', null, null, null, null, '234', '0', '1', '0'),
('245', '20', 'DisplayValue', 'varchar', '默认值', 'textarea', '12', '280px', '85px', 'textinput', null, '格式：值|文本|是否选中(1:表示选中，不填表示未选中)，每项回车分开！例如：1|启用|1', null, null, '234', '0', '1', '0'),
('246', '20', 'DisplayHelpText', 'varchar', '帮助文字', 'text', '13', '100%', null, 'textinput', null, null, null, null, '234', '0', '1', '0'),
('247', '20', 'IsValidate', 'int', '是否验证', 'radio', '14', null, null, null, '1|启用验证\r\n0|禁用验证|1', null, null, null, '234', '0', '1', '0'),
('248', '20', 'ValidateRule', 'varchar', '验证正则表达式', 'text', '15', '300px', null, 'textinput', '', null, null, null, '234', '0', '1', '0'),
('249', '20', 'GroupID', 'int', '所属分组', 'attributegroupselect', '3', null, null, null, null, null, null, null, '234', '0', '1', '0'),
('250', '20', 'IsEnable', 'int', '是否启用', 'radio', '17', null, null, null, '1|启用|1\r\n0|禁用', null, null, null, '234', '0', '1', '0'),
('251', '20', 'IsSystem', 'int', '是否是系统', 'radio', '18', null, null, null, '1|系统|1\r\n0|自定义', null, null, null, '234', '0', '0', '0'),
('252', '21', null, null, '基本信息', null, '0', null, null, null, null, null, null, null, '0', '0', '1', '0'),
('253', '21', 'AttributeID', 'int', '字段分组编号', 'text', '1', null, null, null, null, null, null, null, '252', '0', '0', '0'),
('254', '21', 'DisplayName', 'varchar', '字段分组名称', 'text', '2', '200px', null, 'textinput', null, null, null, null, '252', '1', '1', '0'),
('255', '21', 'IsEnable', 'int', '是否启用', 'radio', '4', null, null, null, '1|启用|1\r\n0|禁用', null, null, null, '252', '0', '1', '0'),
('256', '21', 'DisplayOrder', 'int', '排序', 'text', '3', '80px', null, 'textinput', '0', '请输入数字，值越小排名越靠前！', null, null, '252', '0', '1', '0'),
('257', '30', 'f1', 'varchar', '扩展字段1', 'text', '1', '200px', null, 'textinput', null, null, null, null, '262', '0', '0', '0'),
('258', '30', 'f2', 'varchar', '扩展字段2', 'text', '2', '200px', null, 'textinput', null, null, null, null, '262', '0', '0', '0'),
('259', '30', 'f3', 'varchar', '扩展字段3', 'text', '3', '200px', null, 'textinput', null, null, null, null, '262', '0', '0', '0'),
('260', '30', 'f4', 'varchar', '扩展字段4', 'text', '4', '200px', null, 'textinput', null, null, null, null, '262', '0', '0', '0'),
('261', '30', 'f5', 'varchar', '扩展字段5', 'text', '5', '200px', null, 'textinput', null, null, null, null, '262', '0', '0', '0'),
('262', '30', null, null, '扩展分组1', null, '10', null, null, null, null, null, null, null, '0', '0', '0', '0'),
('263', '30', null, null, '扩展分组2', null, '10', null, null, null, null, null, null, null, '0', '0', '0', '0'),
('264', '31', 'f1', 'varchar', '扩展字段1', 'text', '1', '200px', '', 'textinput', '', '', '0', '', '269', '0', '0', '0'),
('265', '31', 'f2', 'varchar', '扩展字段2', 'text', '2', '200px', '', 'textinput', '', '', '0', '', '269', '0', '0', '0'),
('266', '31', 'f3', 'varchar', '扩展字段3', 'text', '3', '200px', '', 'textinput', '', '', '0', '', '269', '0', '0', '0'),
('267', '31', 'f4', 'varchar', '扩展字段4', 'text', '4', '200px', '', 'textinput', '', '', '0', '', '269', '0', '0', '0'),
('268', '31', 'f5', 'varchar', '扩展字段5', 'text', '5', '200px', '', 'textinput', '', '', '0', '', '269', '0', '0', '0'),
('269', '31', null, null, '扩展分组1', null, '10', null, null, null, null, null, null, null, '0', '0', '0', '0'),
('270', '31', null, null, '扩展分组2', null, '10', null, null, null, null, null, null, null, '0', '0', '0', '0'),
('271', '34', null, null, '基本信息', null, '0', null, null, null, null, null, null, null, '0', '0', '1', '0'),
('272', '34', null, null, '其它信息', null, '2', null, null, null, null, null, null, null, '0', '0', '1', '0'),
('273', '34', null, null, '搜索引擎优化设置', null, '1', null, null, null, null, null, null, null, '0', '0', '1', '1'),
('274', '34', null, null, '扩展分组1', null, '3', null, null, null, null, null, null, null, '0', '0', '0', '0'),
('275', '34', null, null, '扩展分组2', null, '4', null, null, null, null, null, null, null, '0', '0', '0', '0'),
('276', '34', 'ChannelID', 'int', '所属频道', 'channelselect', '0', null, null, null, null, null, null, null, '271', '0', '1', '1'),
('277', '34', 'SpecialID', 'varchar(512)', '所属专题', 'specialselect', '2', '', '', '', '', '', '0', '', '271', '0', '1', '1'),
('278', '34', 'InfoTitle', 'varchar', '视频标题', 'text', '3', '50%', '', 'textinput', '', '', '0', '', '271', '1', '1', '1'),
('279', '34', 'InfoSContent', 'text', '视频代码', 'textarea', '7', '100%', '70px', '', '', '', '0', '', '271', '0', '1', '0'),
('280', '34', 'InfoContent', 'text', '详细内容', 'editor', '8', '100%', '400px', '', '', '', '0', '', '271', '0', '1', '0'),
('281', '34', 'HasPicture', 'int', '是否启用代表图片', 'radio', '50', '', null, null, '1|启用\r\n0|禁用|1', null, null, null, '272', '0', '0', '0'),
('282', '34', 'InfoPicture', 'varchar(255)', '缩略图', 'image', '6', '100%', '', 'textinput', '', '', '0', '', '271', '0', '1', '0'),
('283', '34', 'ReadLevel', 'varchar(255)', '阅读权限', 'membergroupcheckbox', '8', null, null, 'textinput', null, '不勾选则继承所属频道的阅读权限！启用Html静态缓存后无效', null, null, '272', '0', '1', '1'),
('284', '34', 'InfoAttachment', 'varchar(255)', '附件', 'attachment', '1', '50%', '', 'textinput', '', '', '0', '', '272', '0', '0', '0'),
('285', '34', 'HasAttachment', 'int', '是否启用附件', 'radio', '50', null, null, null, '1|启用\r\n0|禁用|1', null, null, null, '272', '0', '0', '0'),
('286', '34', 'IsLinkUrl', 'int', '是否是转向链接', 'radio', '50', null, null, null, '1|是\r\n0|否|1', null, null, null, '272', '0', '0', '1'),
('287', '34', 'LinkUrl', 'varchar(255)', '转向链接', 'text', '2', '270px', '', 'textinput', '', '请输入转向链接地址！如：http://www.baidu.com', '0', '', '272', '0', '1', '0'),
('288', '34', 'Title', 'varchar(255)', '页面标题Title', 'text', '0', '100%', '', 'textinput', '', '设置页面标题，留空表示继承上级频道设置！建议在多个关键词之间以竖线\"|\"分隔，并且最好不要超过80个字符！如：软件开发|网站建设', '0', '', '273', '0', '1', '1'),
('289', '34', 'Keywords', 'varchar(255)', '页面关键词Keywords', 'text', '1', '100%', null, 'textinput', null, '设置页面关键词，留空表示继承上级频道设置！建议在多个关键词之间以英文逗号\",\"分隔，并且最好不要超过100个字符！如：软件开发,网站建设', null, null, '273', '0', '1', '1'),
('290', '34', 'Description', 'varchar(512)', '页面描述Description', 'textarea', '2', '100%', null, null, null, '设置页面描述，留空表示继承上级频道设置！建议不要超过200个字符！', null, null, '273', '0', '1', '1'),
('291', '34', 'InfoOrder', 'int', '排序', 'text', '3', null, null, 'textinput', '0', '请输入数字，值越小排名越靠前！', null, null, '272', '0', '1', '1'),
('292', '34', 'InfoTime', 'datetime', '时间', 'datetime', '7', '', null, 'textinput', null, null, null, null, '272', '0', '1', '1'),
('293', '34', 'InfoAuthor', 'varchar(50)', '作者', 'text', '6', '270px', null, 'textinput', null, null, null, null, '272', '0', '0', '0'),
('294', '34', 'InfoHit', 'int', '点击次数', 'text', '5', '', null, 'textinput', '0', null, null, null, '272', '0', '1', '1'),
('295', '34', 'InfoFrom', 'varchar(50)', '来源', 'text', '4', '', '', 'textinput', '', '', '0', '', '272', '0', '1', '0'),
('296', '34', 'IsEnable', 'int', '是否启用', 'radio', '23', null, null, null, '1|启用|1\r\n0|禁用', null, null, null, '272', '0', '1', '1'),
('297', '34', 'LabelID', 'varchar(512)', '属性', 'labelcheckbox', '9', '', '', '', '', '', '0', '', '272', '0', '1', '1'),
('298', '34', 'f1', 'varchar(255)', '扩展字段1', 'text', '1', '200px', null, 'textinput', null, null, null, null, '274', '0', '0', '0'),
('299', '34', 'f2', 'varchar(255)', '扩展字段2', 'text', '2', '200px', null, 'textinput', null, null, null, null, '274', '0', '0', '0'),
('300', '34', 'f3', 'varchar(255)', '扩展字段3', 'text', '3', '200px', null, 'textinput', null, null, null, null, '274', '0', '0', '0'),
('301', '34', 'f4', 'varchar(255)', '扩展字段4', 'text', '4', '200px', null, 'textinput', null, null, null, null, '275', '0', '0', '0'),
('302', '34', 'f5', 'varchar(255)', '扩展字段5', 'text', '5', '200px', null, 'textinput', null, null, null, null, '275', '0', '0', '0'),
('303', '35', null, null, '基本信息', null, '0', null, null, null, null, null, null, null, '0', '0', '1', '0'),
('304', '35', null, null, '其它信息', null, '2', null, null, null, null, null, null, null, '0', '0', '1', '0'),
('305', '35', null, null, '搜索引擎优化设置', null, '1', null, null, null, null, null, null, null, '0', '0', '1', '1'),
('306', '35', null, null, '扩展分组1', null, '3', null, null, null, null, null, null, null, '0', '0', '0', '0'),
('307', '35', null, null, '扩展分组2', null, '4', null, null, null, null, null, null, null, '0', '0', '0', '0'),
('308', '35', 'ChannelID', 'int', '所属频道', 'channelselect', '0', null, null, null, null, null, null, null, '303', '0', '1', '1'),
('309', '35', 'SpecialID', 'varchar(512)', '所属专题', 'specialselect', '1', '', '', '', '', '', '0', '', '303', '0', '1', '1'),
('310', '35', 'InfoTitle', 'varchar', '下载标题', 'text', '2', '50%', '', 'textinput', '', '', '0', '', '303', '1', '1', '1'),
('311', '35', 'InfoSContent', 'text', '简短内容', 'textarea', '7', '100%', '70px', '', '', '', '0', '', '303', '0', '0', '0'),
('312', '35', 'InfoContent', 'text', '详细内容', 'editor', '8', '100%', '400px', '', '', '', '0', '', '303', '0', '1', '0'),
('313', '35', 'HasPicture', 'int', '是否启用代表图片', 'radio', '50', '', null, null, '1|启用\r\n0|禁用|1', null, null, null, '304', '0', '0', '0'),
('314', '35', 'InfoPicture', 'varchar(255)', '缩略图', 'image', '4', '100%', '', 'textinput', '', '', '0', '', '303', '0', '1', '0'),
('315', '35', 'ReadLevel', 'varchar(255)', '阅读权限', 'membergroupcheckbox', '6', '', '', 'textinput', '', '不勾选则继承所属频道的阅读权限！启用Html静态缓存后无效', '0', '', '304', '0', '1', '1'),
('316', '35', 'InfoAttachment', 'varchar(255)', '附件', 'attachment', '3', '50%', '', 'textinput', '', '', '0', '', '303', '0', '1', '0'),
('317', '35', 'HasAttachment', 'int', '是否启用附件', 'radio', '50', null, null, null, '1|启用\r\n0|禁用|1', null, null, null, '304', '0', '0', '0'),
('318', '35', 'IsLinkUrl', 'int', '是否是转向链接', 'radio', '12', '', '', '', '1|是\n0|否|1', '', '0', '', '303', '0', '0', '1'),
('319', '35', 'LinkUrl', 'varchar(255)', '转向链接', 'text', '1', '270px', '', 'textinput', '', '请输入转向链接地址！如：http://www.baidu.com', '0', '', '304', '0', '1', '0'),
('320', '35', 'Title', 'varchar(255)', '页面标题Title', 'text', '0', '100%', '', 'textinput', '', '设置页面标题，留空表示继承上级频道设置！建议在多个关键词之间以竖线\"|\"分隔，并且最好不要超过80个字符！如：软件开发|网站建设', '0', '', '305', '0', '1', '1'),
('321', '35', 'Keywords', 'varchar(255)', '页面关键词Keywords', 'text', '1', '100%', null, 'textinput', null, '设置页面关键词，留空表示继承上级频道设置！建议在多个关键词之间以英文逗号\",\"分隔，并且最好不要超过100个字符！如：软件开发,网站建设', null, null, '305', '0', '1', '1'),
('322', '35', 'Description', 'varchar(512)', '页面描述Description', 'textarea', '2', '100%', null, null, null, '设置页面描述，留空表示继承上级频道设置！建议不要超过200个字符！', null, null, '305', '0', '1', '1'),
('323', '35', 'InfoOrder', 'int', '排序', 'text', '2', '', '', 'textinput', '0', '请输入数字，值越小排名越靠前！', '0', '', '304', '0', '1', '1'),
('324', '35', 'InfoTime', 'datetime', '时间', 'datetime', '5', '', '', 'textinput', '', '', '0', '', '304', '0', '1', '1'),
('325', '35', 'InfoAuthor', 'varchar(50)', '作者', 'text', '3', '270px', '', 'textinput', '', '', '0', '', '304', '0', '1', '0'),
('326', '35', 'InfoHit', 'int', '点击次数', 'text', '4', '', '', 'textinput', '0', '', '0', '', '304', '0', '1', '1'),
('327', '35', 'InfoFrom', 'varchar(50)', '来源', 'text', '3', '', '', 'textinput', '', '', '0', '', '304', '0', '1', '0'),
('328', '35', 'IsEnable', 'int', '是否启用', 'radio', '23', '', '', '', '1|启用|1\r\n0|禁用', '', '0', '', '304', '0', '1', '1'),
('329', '35', 'LabelID', 'varchar(512)', '属性', 'labelcheckbox', '7', '', '', '', '', '', '0', '', '304', '0', '1', '1'),
('330', '35', 'f1', 'varchar(255)', '扩展字段1', 'text', '1', '200px', null, 'textinput', null, null, null, null, '306', '0', '0', '0'),
('331', '35', 'f2', 'varchar(255)', '扩展字段2', 'text', '2', '200px', null, 'textinput', null, null, null, null, '306', '0', '0', '0'),
('332', '35', 'f3', 'varchar(255)', '扩展字段3', 'text', '3', '200px', null, 'textinput', null, null, null, null, '306', '0', '0', '0'),
('333', '35', 'f4', 'varchar(255)', '扩展字段4', 'text', '4', '200px', null, 'textinput', null, null, null, null, '307', '0', '0', '0'),
('334', '35', 'f5', 'varchar(255)', '扩展字段5', 'text', '5', '200px', null, 'textinput', null, null, null, null, '307', '0', '0', '0'),
('335', '36', null, null, '基本信息', null, '0', null, null, null, null, null, null, null, '0', '0', '1', '0'),
('336', '36', null, null, '其它信息', null, '2', null, null, null, null, null, null, null, '0', '0', '1', '0'),
('337', '36', null, null, '搜索引擎优化设置', null, '1', null, null, null, null, null, null, null, '0', '0', '1', '1'),
('338', '36', null, null, '扩展分组1', null, '3', null, null, null, null, null, null, null, '0', '0', '0', '0'),
('339', '36', null, null, '扩展分组2', null, '4', null, null, null, null, null, null, null, '0', '0', '0', '0'),
('340', '36', 'ChannelID', 'int', '所属频道', 'channelselect', '0', null, null, null, null, null, null, null, '335', '0', '1', '1'),
('341', '36', 'SpecialID', 'varchar(512)', '所属专题', 'specialselect', '3', null, null, null, null, null, null, null, '336', '0', '0', '1'),
('342', '36', 'InfoTitle', 'varchar', '标题', 'text', '1', '50%', null, 'textinput', null, null, null, null, '335', '1', '1', '1'),
('343', '36', 'InfoSContent', 'text', '简短内容', 'textarea', '7', '100%', '70px', '', '', '', '0', '', '336', '0', '0', '0'),
('344', '36', 'InfoContent', 'text', '产品详情', 'editor', '8', '100%', '400px', '', '', '', '0', '', '335', '0', '1', '0'),
('345', '36', 'HasPicture', 'int', '是否启用代表图片', 'radio', '50', '', null, null, '1|启用\r\n0|禁用|1', null, null, null, '336', '0', '0', '0'),
('346', '36', 'InfoPicture', 'varchar(255)', '缩略图', 'image', '6', '100%', '', 'textinput', '', '', '0', '', '335', '0', '1', '0'),
('347', '36', 'ReadLevel', 'varchar(255)', '阅读权限', 'membergroupcheckbox', '7', '', '', 'textinput', '', '不勾选则继承所属频道的阅读权限！启用Html静态缓存后无效', '0', '', '336', '0', '1', '1'),
('348', '36', 'InfoAttachment', 'varchar(255)', '附件', 'attachment', '1', '50%', '', 'textinput', '', '启用附件后有效！', '0', '', '336', '0', '1', '0'),
('349', '36', 'HasAttachment', 'int', '是否启用附件', 'radio', '50', null, null, null, '1|启用\r\n0|禁用|1', null, null, null, '336', '0', '0', '0'),
('350', '36', 'IsLinkUrl', 'int', '是否是转向链接', 'radio', '50', null, null, null, '1|是\r\n0|否|1', null, null, null, '336', '0', '0', '1'),
('351', '36', 'LinkUrl', 'varchar(255)', '转向链接', 'text', '2', '270px', '', 'textinput', '', '请输入转向链接地址！如：http://www.baidu.com', '0', '', '336', '0', '1', '0'),
('352', '36', 'Title', 'varchar(255)', '页面标题Title', 'text', '0', '100%', '', 'textinput', '', '设置页面标题，留空表示继承上级频道设置！建议在多个关键词之间以竖线\"|\"分隔，并且最好不要超过80个字符！如：软件开发|网站建设', '0', '', '337', '0', '1', '1'),
('353', '36', 'Keywords', 'varchar(255)', '页面关键词Keywords', 'text', '1', '100%', null, 'textinput', null, '设置页面关键词，留空表示继承上级频道设置！建议在多个关键词之间以英文逗号\",\"分隔，并且最好不要超过100个字符！如：软件开发,网站建设', null, null, '337', '0', '1', '1'),
('354', '36', 'Description', 'varchar(512)', '页面描述Description', 'textarea', '2', '100%', null, null, null, '设置页面描述，留空表示继承上级频道设置！建议不要超过200个字符！', null, null, '337', '0', '1', '1'),
('355', '36', 'InfoOrder', 'int', '排序', 'text', '3', null, null, 'textinput', '0', '请输入数字，值越小排名越靠前！', null, null, '336', '0', '1', '1'),
('356', '36', 'InfoTime', 'datetime', '时间', 'datetime', '6', '', null, 'textinput', null, null, null, null, '336', '0', '1', '1'),
('357', '36', 'InfoAuthor', 'varchar(50)', '作者', 'text', '18', '270px', null, 'textinput', null, null, null, null, '336', '0', '0', '0'),
('358', '36', 'InfoHit', 'int', '点击次数', 'text', '5', '270px', null, 'textinput', '0', null, null, null, '336', '0', '1', '1'),
('359', '36', 'InfoFrom', 'varchar(50)', '来源', 'text', '4', null, null, 'textinput', null, null, null, null, '336', '0', '0', '0'),
('360', '36', 'IsEnable', 'int', '是否启用', 'radio', '21', null, null, null, '1|启用|1\r\n0|禁用', null, null, null, '336', '0', '1', '1'),
('361', '36', 'LabelID', 'varchar(512)', '属性', 'labelcheckbox', '8', '', '', '', '', '', '0', '', '336', '0', '1', '1'),
('362', '36', 'f1', 'varchar(255)', '价格', 'text', '2', '200px', '', 'textinput', '', '', '0', '', '335', '0', '1', '0'),
('363', '36', 'f2', 'varchar(255)', '编号', 'text', '2', '200px', '', 'textinput', '', '', '0', '', '335', '0', '1', '0'),
('364', '36', 'f3', 'varchar(255)', '扩展字段3', 'text', '3', '200px', null, 'textinput', null, null, null, null, '338', '0', '0', '0'),
('365', '36', 'f4', 'varchar(255)', '扩展字段4', 'text', '4', '200px', null, 'textinput', null, null, null, null, '339', '0', '0', '0'),
('366', '36', 'f5', 'varchar(255)', '扩展字段5', 'text', '5', '200px', null, 'textinput', null, null, null, null, '339', '0', '0', '0'),
('367', '37', null, null, '基本信息', null, '0', null, null, null, null, null, null, null, '0', '0', '1', '0'),
('368', '37', null, null, '其它信息', null, '2', null, null, null, null, null, null, null, '0', '0', '0', '0'),
('369', '37', null, null, '搜索引擎优化设置', null, '1', null, null, null, null, null, null, null, '0', '0', '0', '1'),
('370', '37', null, null, '扩展分组1', null, '3', null, null, null, null, null, null, null, '0', '0', '0', '0'),
('371', '37', null, null, '扩展分组2', null, '4', null, null, null, null, null, null, null, '0', '0', '0', '0'),
('372', '37', 'ChannelID', 'int', '所属频道', 'channelselect', '0', '', '', '', '', '', '0', '', '368', '0', '1', '1'),
('373', '37', 'SpecialID', 'varchar(512)', '所属专题', 'specialselect', '3', null, null, null, null, null, null, null, '368', '0', '0', '1'),
('374', '37', 'InfoTitle', 'varchar', '标题', 'text', '1', '50%', null, 'textinput', null, null, null, null, '367', '1', '1', '1'),
('375', '37', 'InfoSContent', 'text', '内容', 'textarea', '7', '100%', '70px', '', '', '', '0', '', '367', '0', '1', '0'),
('376', '37', 'InfoContent', 'text', '详细内容', 'editor', '8', '100%', '400px', '', '', '', '0', '', '368', '0', '0', '0'),
('377', '37', 'HasPicture', 'int', '是否启用代表图片', 'radio', '5', '', null, null, '1|启用\r\n0|禁用|1', null, null, null, '368', '0', '0', '0'),
('378', '37', 'InfoPicture', 'varchar(255)', '缩略图', 'image', '6', '100%', null, 'textinput', null, null, null, null, '368', '0', '0', '0'),
('379', '37', 'ReadLevel', 'varchar(255)', '阅读权限', 'membergroupcheckbox', '9', null, null, 'textinput', null, '不勾选则继承所属频道的阅读权限！启用Html静态缓存后无效', null, null, '368', '0', '1', '1'),
('380', '37', 'InfoAttachment', 'varchar(255)', '附件', 'attachment', '11', '50%', null, 'textinput', null, '启用附件后有效！', null, null, '368', '0', '0', '0'),
('381', '37', 'HasAttachment', 'int', '是否启用附件', 'radio', '10', null, null, null, '1|启用\r\n0|禁用|1', null, null, null, '368', '0', '0', '0'),
('382', '37', 'IsLinkUrl', 'int', '是否是转向链接', 'radio', '12', null, null, null, '1|是\r\n0|否|1', null, null, null, '368', '0', '0', '1'),
('383', '37', 'LinkUrl', 'varchar(255)', '转向链接', 'text', '13', '270px', null, 'textinput', null, '请输入转向链接地址！如：http://www.baidu.com', null, null, '368', '0', '0', '0'),
('384', '37', 'Title', 'varchar(255)', '页面标题Title', 'text', '0', '100%', '', 'textinput', '', '设置页面标题，留空表示继承上级频道设置！建议在多个关键词之间以竖线\"|\"分隔，并且最好不要超过80个字符！如：软件开发|网站建设', '0', '', '369', '0', '1', '1'),
('385', '37', 'Keywords', 'varchar(255)', '页面关键词Keywords', 'text', '1', '100%', null, 'textinput', null, '设置页面关键词，留空表示继承上级频道设置！建议在多个关键词之间以英文逗号\",\"分隔，并且最好不要超过100个字符！如：软件开发,网站建设', null, null, '369', '0', '1', '1'),
('386', '37', 'Description', 'varchar(512)', '页面描述Description', 'textarea', '2', '100%', null, null, null, '设置页面描述，留空表示继承上级频道设置！建议不要超过200个字符！', null, null, '369', '0', '1', '1'),
('387', '37', 'InfoOrder', 'int', '排序', 'text', '16', '', '', 'textinput', '0', '请输入数字，值越小排名越靠前！', '0', '', '368', '0', '1', '1'),
('388', '37', 'InfoTime', 'datetime', '时间', 'datetime', '17', '', '', 'textinput', '', '', '0', '', '368', '0', '1', '1'),
('389', '37', 'InfoAuthor', 'varchar(50)', '作者', 'text', '18', '270px', null, 'textinput', null, null, null, null, '368', '0', '0', '0'),
('390', '37', 'InfoHit', 'int', '点击次数', 'text', '19', '270px', '', 'textinput', '0', '', '0', '', '368', '0', '1', '1'),
('391', '37', 'InfoFrom', 'varchar(50)', '来源', 'text', '20', null, null, 'textinput', null, null, null, null, '368', '0', '0', '0'),
('392', '37', 'IsEnable', 'int', '是否启用', 'radio', '21', '', '', '', '1|启用|1\r\n0|禁用', '', '0', '', '368', '0', '1', '1'),
('393', '37', 'LabelID', 'varchar(512)', '属性', 'labelcheckbox', '21', null, null, null, null, null, null, null, '368', '0', '0', '1'),
('394', '37', 'f1', 'varchar(255)', '扩展字段1', 'text', '1', '200px', null, 'textinput', null, null, null, null, '370', '0', '0', '0'),
('395', '37', 'f2', 'varchar(255)', '扩展字段2', 'text', '2', '200px', null, 'textinput', null, null, null, null, '370', '0', '0', '0'),
('396', '37', 'f3', 'varchar(255)', '扩展字段3', 'text', '3', '200px', null, 'textinput', null, null, null, null, '370', '0', '0', '0'),
('397', '37', 'f4', 'varchar(255)', '扩展字段4', 'text', '4', '200px', null, 'textinput', null, null, null, null, '371', '0', '0', '0'),
('398', '37', 'f5', 'varchar(255)', '扩展字段5', 'text', '5', '200px', null, 'textinput', null, null, null, null, '371', '0', '0', '0'),
('399', '38', null, null, '基本信息', null, '0', null, null, null, null, null, null, null, '0', '0', '1', '0'),
('400', '38', null, null, '其它信息', null, '2', null, null, null, null, null, null, null, '0', '0', '0', '0'),
('401', '38', null, null, '搜索引擎优化设置', null, '1', null, null, null, null, null, null, null, '0', '0', '1', '1'),
('402', '38', null, null, '扩展分组1', null, '3', null, null, null, null, null, null, null, '0', '0', '0', '0'),
('403', '38', null, null, '扩展分组2', null, '4', null, null, null, null, null, null, null, '0', '0', '0', '0'),
('404', '38', 'ChannelID', 'int', '所属频道', 'channelselect', '0', null, null, null, null, null, null, null, '399', '0', '1', '1'),
('405', '38', 'SpecialID', 'varchar(512)', '所属专题', 'specialselect', '3', null, null, null, null, null, null, null, '400', '0', '0', '1'),
('406', '38', 'InfoTitle', 'varchar', '标题', 'text', '1', '50%', null, 'textinput', null, null, null, null, '399', '1', '1', '1'),
('407', '38', 'InfoSContent', 'text', '简短内容', 'textarea', '7', '100%', '70px', null, null, null, null, null, '400', '0', '0', '0'),
('408', '38', 'InfoContent', 'text', '详细内容', 'editor', '8', '100%', '400px', null, null, null, null, null, '400', '0', '0', '0'),
('409', '38', 'HasPicture', 'int', '是否启用代表图片', 'radio', '5', '', null, null, '1|启用\r\n0|禁用|1', null, null, null, '400', '0', '0', '0'),
('410', '38', 'InfoPicture', 'varchar(255)', '缩略图', 'image', '6', '100%', null, 'textinput', null, null, null, null, '400', '0', '0', '0'),
('411', '38', 'ReadLevel', 'varchar(255)', '阅读权限', 'membergroupcheckbox', '9', null, null, 'textinput', null, '不勾选则继承所属频道的阅读权限！启用Html静态缓存后无效', null, null, '400', '0', '1', '1'),
('412', '38', 'InfoAttachment', 'varchar(255)', '附件', 'attachment', '11', '50%', null, 'textinput', null, '启用附件后有效！', null, null, '400', '0', '0', '0'),
('413', '38', 'HasAttachment', 'int', '是否启用附件', 'radio', '10', null, null, null, '1|启用\r\n0|禁用|1', null, null, null, '400', '0', '0', '0'),
('414', '38', 'IsLinkUrl', 'int', '是否是转向链接', 'radio', '12', null, null, null, '1|是\r\n0|否|1', null, null, null, '400', '0', '0', '1'),
('415', '38', 'LinkUrl', 'varchar(255)', '转向链接', 'text', '13', '270px', null, 'textinput', null, '请输入转向链接地址！如：http://www.baidu.com', null, null, '400', '0', '0', '0'),
('416', '38', 'Title', 'varchar(255)', '页面标题Title', 'text', '0', '100%', '', 'textinput', '', '设置页面标题，留空表示继承上级频道设置！建议在多个关键词之间以竖线\"|\"分隔，并且最好不要超过80个字符！如：软件开发|网站建设', '0', '', '401', '0', '1', '1'),
('417', '38', 'Keywords', 'varchar(255)', '页面关键词Keywords', 'text', '1', '100%', null, 'textinput', null, '设置页面关键词，留空表示继承上级频道设置！建议在多个关键词之间以英文逗号\",\"分隔，并且最好不要超过100个字符！如：软件开发,网站建设', null, null, '401', '0', '1', '1'),
('418', '38', 'Description', 'varchar(512)', '页面描述Description', 'textarea', '2', '100%', null, null, null, '设置页面描述，留空表示继承上级频道设置！建议不要超过200个字符！', null, null, '401', '0', '1', '1'),
('419', '38', 'InfoOrder', 'int', '排序', 'text', '16', null, null, 'textinput', '0', '请输入数字，值越小排名越靠前！', null, null, '399', '0', '1', '1'),
('420', '38', 'InfoTime', 'datetime', '时间', 'datetime', '17', '', null, 'textinput', null, null, null, null, '399', '0', '1', '1'),
('421', '38', 'InfoAuthor', 'varchar(50)', '作者', 'text', '18', '270px', null, 'textinput', null, null, null, null, '400', '0', '0', '0'),
('422', '38', 'InfoHit', 'int', '点击次数', 'text', '19', '270px', null, 'textinput', '0', null, null, null, '399', '0', '1', '1'),
('423', '38', 'InfoFrom', 'varchar(50)', '来源', 'text', '20', null, null, 'textinput', null, null, null, null, '400', '0', '0', '0'),
('424', '38', 'IsEnable', 'int', '是否启用', 'radio', '21', null, null, null, '1|启用|1\r\n0|禁用', null, null, null, '399', '0', '1', '1'),
('425', '38', 'LabelID', 'varchar(512)', '属性', 'labelcheckbox', '21', null, null, null, null, null, null, null, '400', '0', '0', '1'),
('426', '38', 'f1', 'varchar(255)', '扩展字段1', 'text', '1', '200px', null, 'textinput', null, null, null, null, '402', '0', '0', '0'),
('427', '38', 'f2', 'varchar(255)', '扩展字段2', 'text', '2', '200px', null, 'textinput', null, null, null, null, '402', '0', '0', '0'),
('428', '38', 'f3', 'varchar(255)', '扩展字段3', 'text', '3', '200px', null, 'textinput', null, null, null, null, '402', '0', '0', '0'),
('429', '38', 'f4', 'varchar(255)', '扩展字段4', 'text', '4', '200px', null, 'textinput', null, null, null, null, '403', '0', '0', '0'),
('430', '38', 'f5', 'varchar(255)', '扩展字段5', 'text', '5', '200px', null, 'textinput', null, null, null, null, '403', '0', '0', '0'),
('431', '39', null, null, '基本信息', null, '0', null, null, null, null, null, null, null, '0', '0', '1', '0'),
('432', '39', null, null, '其它信息', null, '2', null, null, null, null, null, null, null, '0', '0', '0', '0'),
('433', '39', null, null, '搜索引擎优化设置', null, '1', null, null, null, null, null, null, null, '0', '0', '1', '1'),
('434', '39', null, null, '扩展分组1', null, '3', null, null, null, null, null, null, null, '0', '0', '0', '0'),
('435', '39', null, null, '扩展分组2', null, '4', null, null, null, null, null, null, null, '0', '0', '0', '0'),
('436', '39', 'ChannelID', 'int', '所属频道', 'channelselect', '0', null, null, null, null, null, null, null, '431', '0', '1', '1'),
('437', '39', 'SpecialID', 'varchar(512)', '所属专题', 'specialselect', '3', null, null, null, null, null, null, null, '432', '0', '0', '1'),
('438', '39', 'InfoTitle', 'varchar', '标题', 'text', '1', '50%', null, 'textinput', null, null, null, null, '431', '1', '1', '1'),
('439', '39', 'InfoSContent', 'text', '简短内容', 'textarea', '7', '100%', '70px', null, null, null, null, null, '432', '0', '0', '0'),
('440', '39', 'InfoContent', 'text', '详细内容', 'editor', '8', '100%', '400px', null, null, null, null, null, '432', '0', '0', '0'),
('441', '39', 'HasPicture', 'int', '是否启用代表图片', 'radio', '5', '', null, null, '1|启用\r\n0|禁用|1', null, null, null, '432', '0', '0', '0'),
('442', '39', 'InfoPicture', 'varchar(255)', '缩略图', 'image', '6', '100%', null, 'textinput', null, null, null, null, '432', '0', '0', '0'),
('443', '39', 'ReadLevel', 'varchar(255)', '阅读权限', 'membergroupcheckbox', '9', null, null, 'textinput', null, '不勾选继承所属频道的阅读权限！启用Html静态缓存后无效', null, null, '432', '0', '1', '1'),
('444', '39', 'InfoAttachment', 'varchar(255)', '附件', 'attachment', '11', '50%', null, 'textinput', null, '启用附件后有效！', null, null, '432', '0', '0', '0'),
('445', '39', 'HasAttachment', 'int', '是否启用附件', 'radio', '10', null, null, null, '1|启用\r\n0|禁用|1', null, null, null, '432', '0', '0', '0'),
('446', '39', 'IsLinkUrl', 'int', '是否是转向链接', 'radio', '12', null, null, null, '1|是\r\n0|否|1', null, null, null, '432', '0', '0', '1'),
('447', '39', 'LinkUrl', 'varchar(255)', '转向链接', 'text', '13', '270px', null, 'textinput', null, '请输入转向链接地址！如：http://www.baidu.com', null, null, '432', '0', '0', '0'),
('448', '39', 'Title', 'varchar(255)', '页面标题Title', 'text', '0', '100%', '', 'textinput', '', '设置页面标题，留空表示继承上级频道设置！建议在多个关键词之间以竖线\"|\"分隔，并且最好不要超过80个字符！如：软件开发|网站建设', '0', '', '433', '0', '1', '1'),
('449', '39', 'Keywords', 'varchar(255)', '页面关键词Keywords', 'text', '1', '100%', null, 'textinput', null, '设置页面关键词，留空表示继承上级频道设置！建议在多个关键词之间以英文逗号\",\"分隔，并且最好不要超过100个字符！如：软件开发,网站建设', null, null, '433', '0', '1', '1'),
('450', '39', 'Description', 'varchar(512)', '页面描述Description', 'textarea', '2', '100%', null, null, null, '设置页面描述，留空表示继承上级频道设置！建议不要超过200个字符！', null, null, '433', '0', '1', '1'),
('451', '39', 'InfoOrder', 'int', '排序', 'text', '16', null, null, 'textinput', '0', '请输入数字，值越小排名越靠前！', null, null, '431', '0', '1', '1'),
('452', '39', 'InfoTime', 'datetime', '时间', 'datetime', '17', '', null, 'textinput', null, null, null, null, '431', '0', '1', '1'),
('453', '39', 'InfoAuthor', 'varchar(50)', '作者', 'text', '18', '270px', null, 'textinput', null, null, null, null, '432', '0', '0', '0'),
('454', '39', 'InfoHit', 'int', '点击次数', 'text', '19', '270px', null, 'textinput', '0', null, null, null, '431', '0', '1', '1'),
('455', '39', 'InfoFrom', 'varchar(50)', '来源', 'text', '20', null, null, 'textinput', null, null, null, null, '432', '0', '0', '0'),
('456', '39', 'IsEnable', 'int', '是否启用', 'radio', '21', null, null, null, '1|启用|1\r\n0|禁用', null, null, null, '431', '0', '1', '1'),
('457', '39', 'LabelID', 'varchar(512)', '属性', 'labelcheckbox', '21', null, null, null, null, null, null, null, '432', '0', '0', '1'),
('458', '39', 'f1', 'text', '扩展字段1', 'text', '1', '200px', null, 'textinput', null, null, null, null, '434', '0', '0', '0'),
('459', '39', 'f2', 'text', '扩展字段2', 'text', '2', '200px', null, 'textinput', null, null, null, null, '434', '0', '0', '0'),
('460', '39', 'f3', 'text', '扩展字段3', 'text', '3', '200px', null, 'textinput', null, null, null, null, '434', '0', '0', '0'),
('461', '39', 'f4', 'text', '扩展字段4', 'text', '4', '200px', null, 'textinput', null, null, null, null, '435', '0', '0', '0'),
('462', '39', 'f5', 'text', '扩展字段5', 'text', '5', '200px', null, 'textinput', null, null, null, null, '435', '0', '0', '0'),
('463', '30', 'IsCheck', 'int', '是否审核', 'radio', '22', null, null, null, '1|已审核|1\r\n0|未审核', null, null, null, '55', '0', '1', '1'),
('464', '31', 'IsCheck', 'int', '是否审核', 'radio', '28', null, null, null, '1|已审核|1\r\n0|未审核', null, null, null, '66', '0', '1', '1'),
('465', '38', 'IsCheck', 'int', '是否审核', 'radio', '20', null, null, null, '1|已审核|1\r\n0|未审核', null, null, null, '399', '0', '1', '1'),
('466', '39', 'IsCheck', 'int', '是否审核', 'radio', '20', null, null, null, '1|已审核|1\r\n0|未审核', null, null, null, '431', '0', '1', '1'),
('467', '34', 'IsCheck', 'int', '是否审核', 'radio', '22', '', '', '', '1|已审核|1\r\n0|未审核', '', '0', '', '272', '0', '1', '1'),
('468', '35', 'IsCheck', 'int', '是否审核', 'radio', '22', '', '', '', '1|已审核|1\r\n0|未审核', '', '0', '', '304', '0', '1', '1'),
('469', '36', 'IsCheck', 'int', '是否审核', 'radio', '20', '', '', '', '1|已审核|1\r\n0|未审核', '', '0', '', '336', '0', '1', '1'),
('470', '37', 'IsCheck', 'int', '是否审核', 'radio', '20', '', '', '', '1|已审核|1\r\n0|未审核', '', '0', '', '368', '0', '1', '1'),
('471', '22', 'BannerGroupID', 'int', '幻灯分组编号', 'text', '1', '200px', null, 'textinput', null, null, null, null, '474', '0', '0', '0'),
('472', '22', 'BannerGroupName', 'varchar(50)', '幻灯分组名称', 'text', '2', '200px', null, 'textinput', null, null, null, null, '474', '1', '1', '0'),
('473', '22', 'IsSystem', 'int', '是否是系统', 'radio', '4', null, null, null, '1|是\r\n0|否|1', null, null, null, '474', '0', '0', '0'),
('474', '22', 'BannerGroupID', 'int', '基本信息', null, '0', null, null, null, null, null, null, null, '0', '0', '1', '0'),
('475', '3', 'BannerGroupID', 'int', '所属幻灯分组', 'bannergroupselect', '3', null, null, 'textinput', null, null, null, null, '101', '0', '1', '0'),
('476', '22', 'BannerGroupOrder', 'int', '幻灯分组排序', 'text', '3', '200px', null, 'textinput', '0', '请输入数字，值越小排名越靠前！', null, null, '474', '0', '1', '0'),
('477', '1', 'ReadLevel', 'varchar(255)', '阅读权限', 'membergroupcheckbox', '15', '', '', 'textinput', '', '不勾选则继承父级频道的阅读权限！若父级频道未设置，则游客也可以访问！启用Html静态缓存后无效', '0', '', '22', '0', '1', '1'),
('478', '13', 'f1', 'text', '扩展字段1', 'text', '25', '200px', '', 'textinput', '', '', '0', '', '483', '0', '0', '0'),
('479', '13', 'f2', 'text', '扩展字段2', 'text', '26', '200px', '', 'textinput', '', '', '0', '', '483', '0', '0', '0'),
('480', '13', 'f3', 'text', '扩展字段3', 'text', '27', '200px', '', 'textinput', '', '', '0', '', '483', '0', '0', '0'),
('481', '13', 'f4', 'text', '扩展字段4', 'text', '28', '200px', '', 'textinput', '', '', '0', '', '483', '0', '0', '0'),
('482', '13', 'f5', 'text', '扩展字段5', 'text', '29', '200px', '', 'textinput', '', '', '0', '', '483', '0', '0', '0'),
('483', '13', null, null, '其它信息', null, '1', null, null, null, null, null, null, null, '0', '0', '0', '0'),
('484', '32', 'ReadLevel', 'varchar(255)', '阅读权限', 'membergroupcheckbox', '9', null, null, 'textinput', null, '不勾选则继承父级频道的阅读权限！若父级频道未设置，则游客也可以访问！启用Html静态缓存后无效', null, null, '57', '0', '1', '1'),
('485', '20', 'IsRequire', 'int', '是否是必填字段', 'radio', '16', null, null, null, '1|是\r\n0|否|1', null, null, null, '234', '0', '1', '0'),
('486', '1', 'IsHtml', 'int', '是否启用Html静态缓存', 'radio', '19', null, null, null, '1|启用|1\r\n0|禁用', '启用后，将生成频道Html静态缓存', null, null, '22', '0', '1', '0'),
('487', '30', 'IsHtml', 'int', '是否启用Html静态缓存', 'radio', '24', null, null, null, '1|启用|1\r\n0|禁用', '启用后，将生成信息Html静态缓存', null, null, '55', '0', '1', '0'),
('488', '31', 'IsHtml', 'int', '是否启用Html静态缓存', 'radio', '30', '', '', '', '1|启用|1\r\n0|禁用', '启用后，将生成信息Html静态缓存', '0', '', '66', '0', '1', '0'),
('489', '34', 'IsHtml', 'int', '是否启用Html静态缓存', 'radio', '24', '', '', '', '1|启用|1\r\n0|禁用', '启用后，将生成信息Html静态缓存', '0', '', '272', '0', '1', '0'),
('490', '35', 'IsHtml', 'int', '是否启用Html静态缓存', 'radio', '24', '', '', '', '1|启用|1\r\n0|禁用', '启用后，将生成信息Html静态缓存', '0', '', '304', '0', '1', '0'),
('491', '36', 'IsHtml', 'int', '是否启用Html静态缓存', 'radio', '22', '', '', '', '1|启用|1\r\n0|禁用', '启用后，将生成信息Html静态缓存', '0', '', '336', '0', '1', '0'),
('492', '37', 'IsHtml', 'int', '是否启用Html静态缓存', 'radio', '22', '', '', '', '1|启用|1\r\n0|禁用', '启用后，将生成信息Html静态缓存', '0', '', '368', '0', '1', '0'),
('493', '38', 'IsHtml', 'int', '是否启用Html静态缓存', 'radio', '22', null, null, null, '1|启用|1\r\n0|禁用', '启用后，将生成信息Html静态缓存', null, null, '399', '0', '1', '0'),
('494', '39', 'IsHtml', 'int', '是否启用Html静态缓存', 'radio', '22', null, null, null, '1|启用|1\r\n0|禁用', '启用后，将生成信息Html静态缓存', null, null, '431', '0', '1', '0'),
('495', '30', 'Html', 'varchar', '静态页面名称', 'text', '0', '150px', null, 'textinput', null, '设置信息在前台页面显示的静态文件名称，无需添加扩展名，<b>留空则取当前信息ID作为静态页面名称！</b>如：hotnews', null, null, '56', '0', '1', '0'),
('496', '31', 'Html', 'varchar', '静态页面名称', 'text', '0', '150px', null, 'textinput', null, '设置信息在前台页面显示的静态文件名称，无需添加扩展名，<b>留空则取当前信息ID作为静态页面名称！</b>如：hotnews', null, null, '65', '0', '1', '0'),
('497', '34', 'Html', 'varchar', '静态页面名称', 'text', '0', '150px', null, 'textinput', null, '设置信息在前台页面显示的静态文件名称，无需添加扩展名，<b>留空则取当前信息ID作为静态页面名称！</b>如：hotnews', null, null, '273', '0', '1', '0'),
('498', '35', 'Html', 'varchar', '静态页面名称', 'text', '0', '150px', null, 'textinput', null, '设置信息在前台页面显示的静态文件名称，无需添加扩展名，<b>留空则取当前信息ID作为静态页面名称！</b>如：hotnews', null, null, '305', '0', '1', '0'),
('499', '36', 'Html', 'varchar', '静态页面名称', 'text', '0', '150px', null, 'textinput', null, '设置信息在前台页面显示的静态文件名称，无需添加扩展名，<b>留空则取当前信息ID作为静态页面名称！</b>如：hotnews', null, null, '337', '0', '1', '0'),
('500', '37', 'Html', 'varchar', '静态页面名称', 'text', '0', '150px', null, 'textinput', null, '设置信息在前台页面显示的静态文件名称，无需添加扩展名，<b>留空则取当前信息ID作为静态页面名称！</b>如：hotnews', null, null, '369', '0', '1', '0'),
('501', '38', 'Html', 'varchar', '静态页面名称', 'text', '0', '150px', null, 'textinput', null, '设置信息在前台页面显示的静态文件名称，无需添加扩展名，<b>留空则取当前信息ID作为静态页面名称！</b>如：hotnews', null, null, '401', '0', '1', '0'),
('502', '39', 'Html', 'varchar', '静态页面名称', 'text', '0', '150px', null, 'textinput', null, '设置信息在前台页面显示的静态文件名称，无需添加扩展名，<b>留空则取当前信息ID作为静态页面名称！</b>如：hotnews', null, null, '433', '0', '1', '0'),
('503', '32', 'Html', 'varchar', '静态页面名称', 'text', '0', '150px', null, 'textinput', null, '设置频道在前台页面显示的静态文件名称，无需添加扩展名，常常以频道名称拼音命名，<b>留空则取频道名称拼音首字母作为页面名称！</b>如：wangzhanjianshe', null, null, '58', '0', '1', '0'),
('504', '1', null, null, '其它信息', null, '4', null, null, null, null, null, null, null, '0', '0', '1', '0'),
('505', '1', 'f1', 'text', '扩展字段1', 'text', '1', '200px', null, 'textinput', null, null, '0', null, '504', '0', '0', '0'),
('506', '1', 'f2', 'text', '扩展字段2', 'text', '2', '200px', null, 'textinput', null, null, '0', null, '504', '0', '0', '0'),
('507', '1', 'f3', 'text', '扩展字段3', 'text', '3', '200px', null, 'textinput', null, null, '0', null, '504', '0', '0', '0'),
('508', '23', 'MailClassName', 'varchar', '邮件订阅分类名称', 'text', '1', '270px', null, 'textinput', null, null, null, null, '512', '0', '1', '0'),
('509', '23', 'MailClassOrder', 'int', '邮件订阅分类排序', 'text', '2', '270px', '', 'textinput', '0', '请输入数字，值越小排名越靠前！', null, null, '512', '0', '1', '0'),
('510', '23', 'MailClassDescription', 'varchar', '邮件订阅分类描述', 'textarea', '3', '100%', '80px', 'textinput', null, null, null, null, '512', '0', '1', '0'),
('511', '23', 'IsEnable', 'int', '是否启用', 'radio', '4', null, null, null, '1|启用|1\r\n0|禁用', null, null, null, '512', '0', '1', '0'),
('512', '23', null, null, '基本信息', null, '0', null, null, null, null, null, null, null, '0', '0', '1', '0'),
('513', '24', 'MailClassID', 'int', '所属订阅分类', 'mailclassselect', '1', null, null, null, null, null, null, null, '521', '0', '1', '0'),
('514', '24', 'MailAccount', 'varchar', '邮箱帐号', 'text', '2', '220px', null, 'textinput', null, null, null, null, '521', '1', '1', '0'),
('515', '24', 'Name', 'varchar', '姓名', 'text', '3', '220px', null, 'textinput', null, null, null, null, '521', '0', '1', '0'),
('516', '24', 'Telephone', 'varchar', '电话', 'text', '4', '220px', null, 'textinput', null, null, null, null, '521', '0', '1', '0'),
('517', '24', 'Address', 'varchar', '地址', 'text', '5', '370px', null, 'textinput', null, null, null, null, '521', '0', '1', '0'),
('518', '24', 'AddTime', 'datetime', '添加时间', 'datetime', '6', '', null, 'textinput', null, null, null, null, '521', '0', '1', '0'),
('519', '24', 'Remark', 'varchar', '备注', 'textarea', '7', '100%', '80px', 'textinput', '', null, null, null, '521', '0', '1', '0'),
('520', '24', 'IsEnable', 'int', '是否启用', 'radio', '8', null, null, null, '1|启用|1\r\n0|禁用', null, null, null, '521', '0', '1', '0'),
('521', '24', null, null, '基本信息', null, '0', null, null, null, null, null, null, null, '0', '0', '1', '0'),
('522', '25', null, null, '基本信息', null, '0', null, null, null, null, null, null, null, '0', '0', '1', '0'),
('523', '25', 'MailTitle', 'varchar', '邮件主题', 'text', '1', '100%', null, 'textinput', null, null, null, null, '522', '1', '1', '0'),
('524', '25', 'MailContent', 'varchar', '邮件内容', 'editormini', '2', '100%', '300px', 'textinput', null, null, null, null, '522', '0', '1', '0'),
('525', '25', 'AddTime', 'datetime', '添加时间', 'datetime', '3', null, null, 'textinput', null, null, null, null, '522', '0', '1', '0'),
('526', '1', 'ChannelIcon', 'varchar', '频道图标', 'imageex', '4', '500px', null, 'textinput', null, '设置手机/微信网站频道图标，建议图片尺寸不大于64x64', null, null, '504', '0', '1', '0'),
('527', '1', 'ChannelStyle', 'varchar', '频道首页模板排版样式', 'radio', '5', null, null, '', '0|默认|1\r\n1|图文\r\n2|文字\r\n3|橱窗\r\n4|相册', '设置手机/微信网站频道首页模板样式，是否有效取决于模板是否实现当前功能', null, null, '504', '0', '1', '0'),
('528','6','','','基本信息','','0','',NULL,NULL,NULL,NULL,NULL,NULL,'0','0','1','0'),
('529','6','GuestName','varchar','姓名,name','text','14','100%',NULL,NULL,NULL,NULL,NULL,NULL,'528','0','1','0'),
('530','6','Contact','varchar','电话,telephone','text','15','100%',NULL,NULL,NULL,NULL,NULL,NULL,'528','0','1','0'),
('531','6','MessageTitle','varchar','标题,Title','text','5','100%','','','','','0','','528','0','1','0'),
('532','6','MessageContent','text','内容,content','textarea','10','100%',NULL,NULL,NULL,NULL,NULL,NULL,'528','0','1','0'),
('533','6','f1','text','字段1','textarea','30','100%','','','','','0','','528','0','0','0'),
('534','6','f2','text','字段2','textarea','30','100%','','','','','0','','528','0','0','0'),
('535','6','f3','text','字段3','textarea','30','100%','','','','','0','','528','0','0','0'),
('536','6','f4','text','字段4','textarea','30','100%','','','','','0','','528','0','0','0'),
('537','6','f5','text','字段5','text','30','100%','','','','','0','','528','0','1','0'),
('540','6','Email','text','Email','text','29','100%',NULL,NULL,NULL,NULL,NULL,NULL,'528','0','1','0'),
('541','6','Address','text','地址,address','text','29','100%',NULL,NULL,NULL,NULL,NULL,NULL,'528','0','1','0'),
('542','6','Gender','text','性别,gender','text','29','100%','','','','','1','','528','1','0','0'),
('543','6','QQ','text','QQ','text','20','100%',NULL,NULL,NULL,NULL,NULL,NULL,'528','0','1','0'),
('544','26',NULL,NULL,'基本信息',NULL,'0',NULL,NULL,NULL,NULL,NULL,NULL,NULL,'0','0','1','0'),
('545','26','GuestName','text','姓名,name','text','1','100%',NULL,NULL,NULL,NULL,NULL,NULL,'544','0','1','0'),
('546','26','Quantity','text','订购数量,number','text','2','100%','','','','','0','','544','0','1','0'),
('547','26','Telephone','text','电话,telephone','text','3','100%','','','','','0','','544','0','1','0'),
('548','26','QQ','text','QQ','text','4','100%',NULL,NULL,NULL,NULL,NULL,NULL,'544','0','1','0'),
('549','26','Email','text','Email','text','5','100%',NULL,NULL,NULL,NULL,NULL,NULL,'544','0','1','0'),
('550','26','Address','text','地址,address','text','6','100%',NULL,NULL,NULL,NULL,NULL,NULL,'544','0','1','0'),
('551','26','Remark','text','备注,remark','textarea','7','100%',NULL,NULL,NULL,NULL,NULL,NULL,'544','0','1','0'),
('552','26','f1','text','字段1','textarea','8','100%','','','','','0','','544','0','0','0'),
('553','26','f2','text','字段2','textarea','9','100%','','','','','0','','544','0','0','0'),
('554','26','f3','text','字段3','textarea','10','100%','','','','','0','','544','0','0','0'),
('555','26','f4','text','字段4','textarea','11','100%','','','','','0','','544','0','0','0'),
('556','26','f5','text','字段5','textarea','12','100%','','','','','0','','544','0','0','0'),
('557','26','ProductName','text','订购产品,Product','text','0','100%','','','','','0','','544','0','1','0'),
('558','3','BannerThumbnail','varchar','缩略图','imageex','4','420px',NULL,'textinput',NULL,NULL,NULL,NULL,'101','0','1','0'),
('559','3','BannerDescription','text','幻灯片说明','textarea','6','100%','80px','textinput',NULL,NULL,NULL,NULL,'101','0','1','0');


INSERT INTO `youdian_wx_apptype` VALUES
('1','微活动','1','1'),
('2','微投票','2','1'),
('3','微工具','3','1'),
('4','地理位置服务','4','1'),
('5','微调查','5','1'),
('6','微会员卡','6','1');


INSERT INTO `youdian_wx_menu` VALUES
('1', '0', '一级菜单1', '1', '0', '', null, null, null, '1'),
('2', '0', '一级菜单2', '1', '2', '', null, null, null, '1'),
('3', '0', '一级菜单3', '1', '3', '', null, null, null, '1'),
('4', '2', '二级菜单25', '1', '4', '这里填写二级菜单25返回消息！', '3', null, null, '1'),
('5', '2', '二级菜单23', '1', '3', '这里填写二级菜单23返回消息！', '22', '', null, '1'),
('6', '1', '二级菜单15', '1', '2', '这里填写二级菜单15返回消息！', '2', '', null, '1'),
('10', '2', '二级菜单22', '1', '2', '这里填写二级菜单22返回消息！', null, null, null, '1'),
('11', '1', '二级菜单14', '1', '1', '这里填写二级菜单14返回消息！', '', '', null, '1'),
('15', '2', '二级菜单21', '1', '1', '这里填写二级菜单21返回消息！', null, null, null, '1'),
('16', '3', '二级菜单31', '1', '1', '这里填写二级菜单31返回消息！', null, null, null, '1'),
('17', '2', '二级菜单24', '1', '3', '这里填写二级菜单24返回消息！', null, null, null, '1'),
('21', '1', '二级菜单11', '1', '0', '这里填写二级菜单11返回消息！', null, null, null, '1'),
('22', '1', '二级菜单12', '1', '0', '这里填写二级菜单12返回消息！', '3', null, null, '1'),
('23', '3', '二级菜单32', '1', '2', '这里填写二级菜单32返回消息！', '3', null, null, '1'),
('24', '1', '二级菜单13', '1', '0', '这里填写二级菜单13返回消息！', '', '', null, '1');

INSERT INTO `youdian_wx_reply` VALUES 
('1', '1', 'subscribe', '0', '1','0', '', '', '', null, '1'),
('2', '2', 'default', '2', '1', '0','', '', '', null, '1'),
('3', '4', 'lbs', '4', '1', '0','', '', '', null, '1');

INSERT INTO `youdian_wx_type` VALUES 
('1', '微信文本消息', '1', '1', '1'),
('2', '微信图文消息', '1', '2', '1'),
('3', '微信音乐消息', '1', '3', '1'),
('4', '打开频道主页', '0', '4', '1'),
('5', '微应用', '1', '5', '1'),
('6', '外部链接', '0', '6', '1');